,Timestep,Status,Obj,P Feed In,P Feed Out,P Local Gen,P Local Dem,Q Feed In,Q Feed Out,Q Local Gen,Q Local Dem,FT,GT,Surplus,Spot,Shadow Price 0,Shadow Price 1,Shadow Price 2,Shadow Price 3,Shadow Price 4,Shadow Price 5,Shadow Price 6,Shadow Price 7,Shadow Price 8,Shadow Price 9,Shadow Price 10,Shadow Price 11,Shadow Price 12,Shadow Price 13,Shadow Price 14,Shadow Price 15,B_min1,Bat_SOC[1],B_max1,B_min2,Bat_SOC[2],B_max2,B_min3,Bat_SOC[3],B_max3,B_min4,Bat_SOC[4],B_max4,B_min6,Bat_SOC[6],B_max6,B_min8,Bat_SOC[8],B_max8,B_min11,Bat_SOC[11],B_max11,B_min13,Bat_SOC[13],B_max13,GenP[1],GenP[2],GenP[3],GenP[4],GenP[6],GenP[7],GenP[8],GenP[11],GenP[12],GenP[13],GenQ[1],GenQ[2],GenQ[3],GenQ[4],GenQ[6],GenQ[7],GenQ[8],GenQ[11],GenQ[12],GenQ[13],FloP[1],FloP[2],FloP[3],FloP[4],FloP[5],FloP[6],FloP[7],FloP[8],FloP[9],FloP[10],FloP[11],FloP[12],FloP[13],FloP[14],FloP[15],FloQ[1],FloQ[2],FloQ[3],FloQ[4],FloQ[5],FloQ[6],FloQ[7],FloQ[8],FloQ[9],FloQ[10],FloQ[11],FloQ[12],FloQ[13],FloQ[14],FloQ[15],Balance N0,Balance N1,Balance N2,Balance N3,Balance N4,Balance N5,Balance N6,Balance N7,Balance N8,Balance N9,Balance N10,Balance N11,Balance N12,Balance N13,Balance N14,Balance N15
0,2013-11-01 00:00:00,optimal,-6.3833170691849315,-5.731269221908277e-14,0.11935474420649948,0.1235198242057802,0.004165080000000001,1.0904931947746037,1.0884106547733832,-1.2268173593026393e-12,0.0020825400000000003,64.14682420276118,84.06027979723883,-4.981657100722181e-11,74.10355200000001,64.14682420277134,64.14682420277107,64.1468242027716,64.14682420277035,64.14682420276952,64.14682420277073,64.14682420277126,64.14682420277165,64.14682420277138,64.14682420277123,64.14682420277285,64.14682420277353,64.14682420277339,64.1468242027712,64.1468242027712,64.14682420277069,0.005679999999999999,0.019629999999704138,0.06886999999999999,0.0037199999999999998,0.01789999999996054,0.0527,0.00608,0.017479999999669642,0.06688,0.00975,0.019799999999898895,0.057850000000000006,0.00174,0.007679999999728903,0.05104,0.0017599999999999998,0.005919999999978721,0.03564,0.0146,0.025229999999929073,0.05913,0.013600000000000001,0.029999999999765013,0.07440000000000001,0.018000000000290305,0.01000000000003567,0.019000000000325246,0.014000000000094529,0.01900000000025807,0.001632385769792544,0.013000000000003979,0.012000000000061887,0.0028874384347620193,0.01400000000023211,-1.3878619031213354e-14,-2.3277906567361364e-14,-4.261997385584635e-14,-1.1321282392454095e-13,-1.2219202433113745e-13,-1.2558682277649715e-13,-1.2529441933156367e-13,-1.2745666883780851e-13,-1.2761558687912519e-13,-1.4677102725084175e-14,-0.11935474420650831,-0.08846543220587126,-0.0787431042057871,-0.06002077620541331,-0.019799369770201733,-0.02007704177014775,-0.0013547137698411082,-0.012722328000052551,-0.02649907843506844,-0.014054422434971365,-0.014332094434920948,-0.002609766434810543,-0.013166984000298244,0.0005553439999823683,0.00027767200001886855,0.0020825400012204143,0.0015271960011691023,0.0013883600011460836,0.001249524001103829,0.00041650800036538557,0.00027767200024665515,0.00013883600012501847,0.00013883600012472237,0.0006941800006257352,0.0004165080003777999,0.00027767200025382416,0.0001388360001269861,0.0004165080000375754,0.0002776720000230602,0.0001388360000108013,-7.6562277943847405,1.1368310586984745,0.6236564650599696,1.2009778829034872,0.8802437618748306,-0.01781177696968567,1.200977882899178,0.08690058603595596,0.8160969376662508,-0.017811776970292008,-0.01781177696991134,0.751950113467194,0.16740822870097258,0.8802437618836559,-0.017811776970801572,-0.01781177697435422
1,2013-11-01 01:00:00,optimal,-3.9291596552085903,-2.4660473768528075e-12,0.11963287559020465,0.12307637308914413,0.0034434975000000017,1.0080223200607843,1.006300571270584,-4.084818728481073e-11,0.0017217487500000008,43.44653426996118,63.359989864438816,-1.5321848477467537e-10,53.4032620672,43.44653427019937,43.44653427018866,43.44653427019769,43.44653426981063,43.446534269227556,43.446534269236096,43.44653426923486,43.44653426922261,43.446534269144934,43.44653426916925,43.44653426919092,43.44653426918179,43.446534269173654,43.44653427019018,43.44653427022287,43.44653427023783,0.005679999999999999,0.0196299999934158,0.06886999999999999,0.0037199999999999998,0.01789999999502847,0.0527,0.00608,0.01747999999478626,0.06688,0.00975,0.019799999996125802,0.057850000000000006,0.00174,0.007679999995712652,0.05104,0.0017599999999999998,0.005919999997127818,0.03564,0.0146,0.02522999999671172,0.05913,0.013600000000000001,0.02999999999463034,0.07440000000000001,0.018000000006505913,0.010000000004914692,0.019000000005145568,0.014000000003768887,0.019000000004055693,0.0013832248516412438,0.01300000000254244,0.012000000003132538,0.0026931481859183808,0.014000000005325404,-7.189099262469669e-13,-1.3635205042157742e-12,-2.24018439292862e-12,-4.024704655614562e-12,-4.079808829219976e-12,-4.197359509435625e-12,-3.5257083915667775e-12,-3.487800590858058e-12,-3.424332163676144e-12,-8.117912996935075e-13,-0.11963287559246304,-0.08855114157404771,-0.07878070806892527,-0.060010274563563525,-0.0196945253599933,-0.019924091856154593,-0.0011536583518702086,-0.01277043350277298,-0.02654531569957249,-0.014004448693125268,-0.014234015189510571,-0.0024635816861483003,-0.01331130051170146,0.00045913299383186566,0.0002295664971122048,0.0017217487902004519,0.0012626157871403964,0.001147832535801314,0.0010330492835981873,0.00034434976213308926,0.0002295665081599176,0.0001147832541383176,0.00011478325346433482,0.000573916267496565,0.0003443497602865818,0.00022956650678633157,0.00011478325336123499,0.00034434975235324197,0.0002295665015532667,0.00011478325076342764,-5.197633829279465,0.7720637483367083,0.4244914741059803,0.8155102825478054,0.5982776111369965,-0.009973868652695953,0.8155102825004541,0.050122457110683014,0.5548310768135123,-0.009973868659900898,-0.009973868662466759,0.5113845425689506,0.10703408614468847,0.5982776112046218,-0.009973868676024577,-0.009973868693065305
2,2013-11-01 02:00:00,optimal,-1.8163581288273802,-1.432071584668039e-13,0.11932504962222756,0.12245297712189801,0.003127927500000001,0.9444498830953885,0.9428859193460294,6.408560851725092e-13,0.0015639637500000005,25.80007220276118,45.71352779723882,-1.219718163275596e-11,35.7568,25.80007220276813,25.80007220276779,25.800072202767936,25.80007220276785,25.800072202769726,25.800072202769673,25.80007220276968,25.800072202769975,25.80007220276835,25.800072202767975,25.80007220276734,25.80007220276689,25.800072202766753,25.800072202767694,25.800072202766135,25.800072202765982,0.005679999999999999,0.019629999999821176,0.06886999999999999,0.0037199999999999998,0.017900000000052377,0.0527,0.00608,0.017479999999769062,0.06688,0.00975,0.019799999999913446,0.057850000000000006,0.00174,0.007679999999741946,0.05104,0.0017599999999999998,0.005919999999690131,0.03564,0.0146,0.02522999999965105,0.05913,0.013600000000000001,0.029999999999887287,0.07440000000000001,0.018000000000175764,0.0099999999999454,0.019000000000228227,0.014000000000083328,0.019000000000253182,0.001189931918925768,0.013000000000300292,0.012000000000349226,0.002263045201449515,0.014000000000111089,8.812041169983465e-15,2.337168606910697e-14,4.2685912004554286e-14,7.31138954424417e-14,7.080673397845647e-14,6.99783090941335e-14,6.243015544800002e-14,5.226141824970823e-14,5.0743138370599984e-14,3.813588767028343e-15,-0.11932504962234124,-0.08815916362205152,-0.0783676921220766,-0.059576220621818825,-0.019564346419277578,-0.019772874919237963,-0.000981403418955272,-0.012791471500329846,-0.026220402702428404,-0.01363745970197349,-0.013845988201857933,-0.0020545167014791132,-0.013374414500084421,0.0004170570000562054,0.00020852849998169147,0.0015639637493589172,0.0011469067493654248,0.0010426424993888797,0.0009383782494316168,0.0003127927497868197,0.00020852849985930229,0.00010426424993006584,0.00010426424993763977,0.0005213212497178734,0.00031279274984226374,0.0002085284998971037,0.00010426424994930903,0.00031279275000237986,0.00020852850000632173,0.00010426425000393546,-3.078594895856056,0.4590212492980262,0.25262067166993774,0.48482132150214785,0.3558209604845688,-0.005380050356074234,0.4848213215027917,0.02532027906832831,0.33002088828739834,-0.005380050353870998,-0.005380050354116732,0.30422081608589274,0.0530066792391905,0.355820960485285,-0.005380050359020523,-0.005380050356625785
3,2013-11-01 03:00:00,optimal,-2.0130200427238965,-1.3826867855082007e-13,0.11885980559680497,0.12180298559655754,0.0029431799999999997,0.9258064612422007,0.9243348712432973,1.0937795538875574e-12,0.0014715899999999998,27.500934269961185,47.414389864438824,-1.060689643755941e-11,37.457662067200005,27.50093426996881,27.50093426996844,27.50093426996884,27.50093426996777,27.50093426996889,27.50093426996915,27.50093426996934,27.500934269969722,27.500934269970372,27.500934269969797,27.500934269970173,27.50093426997019,27.50093426996974,27.50093426996832,27.50093426996653,27.500934269966358,0.005679999999999999,0.01962999999981586,0.06886999999999999,0.0037199999999999998,0.017899999999985757,0.0527,0.00608,0.01747999999977838,0.06688,0.00975,0.019799999999887217,0.057850000000000006,0.00174,0.007679999999747062,0.05104,0.0017599999999999998,0.005919999999650639,0.03564,0.0146,0.02522999999951714,0.05913,0.013600000000000001,0.0299999999998664,0.07440000000000001,0.01800000000017966,0.010000000000010988,0.019000000000217846,0.01400000000010803,0.019000000000246178,0.0012052911239610565,0.013000000000332058,0.012000000000480711,0.0015976944705498194,0.0140000000001313,-8.946418936025397e-17,1.7519599960104755e-14,6.606311792960871e-14,1.1970956630879466e-13,1.1941034616169404e-13,1.197748214171382e-13,1.175224415350799e-13,1.1106577597604019e-13,1.0988918429914273e-13,-8.07758127525816e-15,-0.11885980559691914,-0.08764465359647144,-0.07784086559643637,-0.0590370775961944,-0.019616655124353212,-0.019812867124255437,-0.001009079123985153,-0.012803788000356144,-0.02561663447170904,-0.013009058471213513,-0.013205270471078723,-0.001401482470573922,-0.013411364000243946,0.0003924239999114559,0.0001962119999377948,0.001471589998903369,0.001079165998869297,0.0009810599988870035,0.000882953998953261,0.00029431799964011206,0.0001962119997604425,9.810599988003617e-05,9.810599988230792e-05,0.0004905299994330206,0.000294317999666755,0.00019621199977865056,9.810599988991075e-05,0.0002943180000341167,0.00019621200002623652,9.810600001317076e-05,-3.2687557010628066,0.48962080354940024,0.26961332938501115,0.5171217378204191,0.37961706646755516,-0.005396013312953239,0.5171217378211983,0.027750618661250722,0.3521161322037473,-0.005396013311808632,-0.005396013311934784,0.32461519793786664,0.03854207730310408,0.3796170664681951,-0.005396013314918862,-0.0053960133139326115
4,2013-11-01 04:00:00,optimal,-3.82683005941153,-2.6879721264226294e-12,0.11857827022922227,0.12150822022692888,0.0029299500000000006,1.0019704862073613,1.000505511165091,-4.2940497074675564e-11,0.0014649750000000003,42.83770516916118,62.75116076363882,-2.1339106176521128e-10,52.7944329664,42.83770516940923,42.837705169398205,42.83770516940763,42.83770516900383,42.83770516839464,42.83770516840349,42.83770516840156,42.83770516838767,42.83770516830854,42.83770516833403,42.83770516835724,42.837705168348734,42.83770516834141,42.83770516939974,42.837705169432866,42.83770516944808,0.005679999999999999,0.0196299999931445,0.06886999999999999,0.0037199999999999998,0.017899999994796252,0.0527,0.00608,0.017479999994460108,0.06688,0.00975,0.019799999995828023,0.057850000000000006,0.00174,0.007679999995384205,0.05104,0.0017599999999999998,0.005919999996851368,0.03564,0.0146,0.02522999999646673,0.05913,0.013600000000000001,0.02999999999436231,0.07440000000000001,0.018000000006775832,0.010000000005146151,0.019000000005470533,0.014000000004064051,0.019000000004379014,0.0011817800218845479,0.013000000002813403,0.012000000003373463,0.0013264401502303806,0.01400000000559286,-7.620450166143367e-13,-1.4490425371180551e-12,-2.3827217624018838e-12,-4.240576678485795e-12,-4.283633700552572e-12,-4.410914986191156e-12,-3.6732103251613346e-12,-3.6613840821542046e-12,-3.60125919151847e-12,-8.590417380055411e-13,-0.11857827023161205,-0.08735959021180395,-0.07755492020635953,-0.05875025020058203,-0.01959579003100944,-0.01979112002690366,-0.0009864500222047513,-0.01280467000313519,-0.0253497901651885,-0.012740450158115557,-0.012935780154245843,-0.0011311101505514654,-0.013414010012733776,0.00039065999315752656,0.0001953299967777508,0.0014649750422704288,0.0010743150390342606,0.000976650037610508,0.0008789850352661276,0.00029299501274943605,0.00019533000857326099,9.76650043498396e-05,9.766500360974692e-05,0.0004883250183342168,0.00029299501080062135,0.0001953300071325945,9.76650035360331e-05,0.0002929950024866545,0.00019533000163987594,9.766500080539108e-05,-5.079620979693106,0.7627112043888865,0.42000956296380093,0.8055489095023798,0.5913603835950831,-0.008367488788560395,0.8055489094556216,0.042257255201847546,0.548522678372099,-0.008367488795818551,-0.008367488798711072,0.5056849732266815,0.04845416312969522,0.5913603836605739,-0.008367488808414496,-0.00836748882544904
5,2013-11-01 05:00:00,optimal,-4.426169337941304,-7.785975377292892e-14,0.11845816207323381,0.12196255207339005,0.0035043899999999987,1.140173470742409,1.1384212757434056,9.907731848383513e-13,0.0017521949999999994,47.97895316916118,67.89240876363883,3.761064376606171e-12,57.9356809664,47.9789531691721,47.97895316917182,47.978953169172215,47.97895316917053,47.97895316917094,47.97895316917164,47.97895316917226,47.97895316917282,47.97895316917565,47.97895316917513,47.97895316917706,47.97895316917849,47.97895316917949,47.978953169171774,47.97895316916395,47.97895316916463,0.005679999999999999,0.01962999999985255,0.06886999999999999,0.0037199999999999998,0.017900000000176972,0.0527,0.00608,0.017479999999848787,0.06688,0.00975,0.019800000000042936,0.057850000000000006,0.00174,0.007679999999681713,0.05104,0.0017599999999999998,0.005919999999604508,0.03564,0.0146,0.025229999999746955,0.05913,0.013600000000000001,0.029999999999975224,0.07440000000000001,0.018000000000140223,0.009999999999817216,0.01900000000014473,0.013999999999949124,0.019000000000308326,0.001346961270873984,0.013000000000377144,0.012000000000248087,0.0016155908011465125,0.014000000000019963,-2.4029206555196332e-15,1.6552633522128866e-14,5.06339507959779e-14,9.920942125561874e-14,1.0751365687368946e-13,1.0954319493796634e-13,1.1010197475061889e-13,1.0999600575664343e-13,1.0977931625510577e-13,-1.1537625252954884e-14,-0.11845816207331657,-0.08739266607328812,-0.07762629207347581,-0.058859918073335925,-0.01964608327129678,-0.01987970927117252,-0.0011133352708690807,-0.012766374000372166,-0.02544746080209487,-0.012914712801522442,-0.01314833880138445,-0.0013819648011414243,-0.013299121999893112,0.0004672520001219627,0.00023362600006582757,0.00175219499900354,0.0012849429989619438,0.0011681299989787996,0.0010513169990297876,0.0003504389996773826,0.00023362599978209915,0.00011681299989002887,0.00011681299988948044,0.0005840649994519845,0.0003504389996700454,0.00023362599977931172,0.00011681299988976068,0.0003504390000393971,0.00023362600002814737,0.00011681300001585934,-5.683498610621619,0.8524120261387246,0.4685804007698502,0.900390979308113,0.6604962134528675,-0.011209130906905578,0.900390979315962,0.05341666082285042,0.6125172603042313,-0.011209130903254264,-0.011209130906239474,0.5645383071288671,0.06630522447565276,0.6604962134562662,-0.011209130915570532,-0.011209130916034619
6,2013-11-01 06:00:00,optimal,-6.371717330276559,-6.024099683962137e-14,0.11666199624491169,0.12217674156416163,0.0055147453199999984,1.092702172436787,1.0899430199355076,-1.291354233636974e-12,0.0027591524999999997,65.41280626996118,85.32626186443883,-5.3004146211010905e-11,75.36953406720001,65.41280626997221,65.4128062699719,65.41280626997239,65.41280626996783,65.41280626996182,65.41280626996287,65.41280626996331,65.41280626996355,65.41280626996256,65.41280626996266,65.41280626996421,65.4128062699647,65.41280626996453,65.41280626997202,65.41280626997217,65.41280626997167,0.005679999999999999,0.019629999999708284,0.06886999999999999,0.0037199999999999998,0.017899999999946115,0.0527,0.00608,0.0174799999996759,0.06688,0.00975,0.019799999999886277,0.057850000000000006,0.00174,0.007679999999727264,0.05104,0.0017599999999999998,0.005919999999959869,0.03564,0.0146,0.025229999999911233,0.05913,0.013600000000000001,0.029999999999765485,0.07440000000000001,0.01800000000028595,0.010000000000049985,0.01900000000031871,0.014000000000106896,0.01900000000025932,0.0012848893080939865,0.013000000000022351,0.012000000000079517,0.0018918522547161309,0.014000000000231525,-1.5715291746522854e-14,-2.7229434951442918e-14,-4.961654540098738e-14,-1.198292130649456e-13,-1.2874277587983853e-13,-1.32499942854049e-13,-1.2809609297533904e-13,-1.315556259957138e-13,-1.3175256069361511e-13,-1.6578207535091403e-14,-0.11666199624492146,-0.08613265432424548,-0.07650009636414504,-0.05786753840377571,-0.01918167326852203,-0.01954956026845482,-0.0009170023081447408,-0.012632557960073131,-0.025053307175095994,-0.012788636214962795,-0.013156523214897105,-0.0015239652547668627,-0.012896783960339532,0.0007357739999424685,0.0003678869999980134,0.0027591525012792056,0.0020233785012208853,0.0018394350011941283,0.001655491501145204,0.0005518305003837066,0.0003678870002590769,0.00018394350013140723,0.00018394350012697618,0.0009197175006426783,0.0005518305003884528,0.00036788700026095213,0.0001839435001305681,0.0005518305000428522,0.0003678870000265379,0.00018394350001251379,-7.631188559440575,1.1533950979002412,0.6300926477250283,1.2188079041723563,0.8917438728086399,-0.024064521059165792,1.2188079041684714,0.059983694328469304,0.8263310665331374,-0.024064521059633703,-0.024064521059263235,0.7609182602669045,0.09968684396891513,0.8917438728167922,-0.024064521059909395,-0.024064521063413735
7,2013-11-01 07:00:00,optimal,-6.9047567133487755,-5.581320029664532e-14,0.11400172845076133,0.12209122472989135,0.008089496279998498,1.1092112840113226,1.1051400702601146,-1.2379197377699425e-12,0.004071213749999248,71.60743413556118,91.52088973003883,-6.618559172943961e-11,81.5641619328,71.60743413557341,71.60743413557293,71.6074341355733,71.60743413555832,71.6074341355362,71.60743413553658,71.60743413553668,71.60743413553654,71.60743413553327,71.60743413553415,71.60743413553524,71.607434135535,71.60743413553467,71.60743413557306,71.60743413557375,71.6074341355733,0.005679999999999999,0.019629999999653133,0.06886999999999999,0.0037199999999999998,0.01789999999994215,0.0527,0.00608,0.017479999999650227,0.06688,0.00975,0.019799999999903353,0.057850000000000006,0.00174,0.0076799999997409895,0.05104,0.0017599999999999998,0.005920000000013136,0.03564,0.0146,0.02522999999990222,0.05913,0.013600000000000001,0.029999999999736845,0.07440000000000001,0.018000000000341135,0.01000000000005418,0.019000000000343964,0.014000000000089743,0.019000000000245584,0.0015136437331595672,0.012999999999968332,0.01200000000008899,0.0015775809954047685,0.014000000000260124,-1.915723538445931e-14,-3.531546729111697e-14,-6.195557854563416e-14,-1.176946770633152e-13,-1.2535752825479632e-13,-1.2877504065335787e-13,-1.1222051208834756e-13,-1.1432848021398136e-13,-1.1364322572415727e-13,-2.0205484595374696e-14,-0.11400172845075994,-0.08415980964501722,-0.07469602174240575,-0.056232233839504105,-0.018891774636081306,-0.019434603136021626,-0.0009708152332178063,-0.01246378790252665,-0.023876671300774803,-0.011955711898185385,-0.01249854039811032,-0.0010347524954630522,-0.012378130902844271,0.0010856569999731596,0.0005428285000392403,0.004071213751207906,0.0029855567511357594,0.0027141425011016035,0.0024427282510413673,0.0008142427503686901,0.0005428285002487576,0.0002714142501260682,0.0002714142501094164,0.0013570712505575533,0.0008142427503333381,0.000542828500222215,0.0002714142501107556,0.0008142427500535982,0.0005428285000340055,0.000271414250016285,-8.163371261383414,1.2505370420103274,0.6776775689051922,1.3221444761461036,0.9641073054500323,-0.03887055606055164,1.3221444761390588,0.06951758786629222,0.8924998713057649,-0.03887055606033472,-0.038870556059452215,0.8208924371788315,0.07409597116132435,0.9641073054622328,-0.0388705560600253,-0.03887055606756806
8,2013-11-01 08:00:00,optimal,-5.039971414386894,-1.8077058300138274e-12,0.11344022429059851,0.12091931098825719,0.0074790867,1.0815230852454374,1.0775645214729281,-2.367460541826524e-11,0.00395856375,55.42023413556118,75.33368973003883,-2.299396610616622e-10,65.3769619328,55.420234135804726,55.4202341357911,55.420234135791375,55.42023413501846,55.420234133840104,55.42023413381172,55.420234133792405,55.42023413376189,55.42023413360776,55.42023413366266,55.42023413365614,55.42023413361442,55.42023413360121,55.42023413579349,55.42023413583535,55.420234135840566,0.005679999999999999,0.019629999994653074,0.06886999999999999,0.0037199999999999998,0.017899999996139542,0.0527,0.00608,0.017479999996065403,0.06688,0.00975,0.019799999997190315,0.057850000000000006,0.00174,0.007679999997059435,0.05104,0.0017599999999999998,0.005919999998241863,0.03564,0.0146,0.02522999999708906,0.05913,0.013600000000000001,0.029999999995907,0.07440000000000001,0.018000000005279918,0.010000000003809269,0.019000000003868943,0.014000000002720352,0.019000000002756708,0.0010723536083109878,0.013000000001475396,0.012000000002796066,0.0008469573394950894,0.01400000000405015,-7.650839541358022e-13,-1.5385044064488471e-12,-2.3033728262404867e-12,-2.6723614936594972e-12,-2.456216542947905e-12,-2.449425572442437e-12,-1.5175427876094825e-12,-9.308116906066986e-13,-7.450763585990732e-13,-8.516838933804567e-13,-0.11344022429217232,-0.08344194807734245,-0.07391500147329898,-0.05538805486917975,-0.018543683214942323,-0.019071491711619412,-0.0005445451085871523,-0.012526946601754662,-0.023317425051242426,-0.011318286946179841,-0.01184609544284956,-0.00031914883977443646,-0.012471329609315705,0.0010556169949686343,0.0005278084977940597,0.003958563772509217,0.0029029467692652856,0.0026390425177705372,0.0023751382655337956,0.0007917127571095639,0.0005278085046945607,0.00026390425234319037,0.00026390425140685066,0.0013195212558538077,0.0007917127526498336,0.0005278085014510498,0.00026390425063240575,0.0007917127525004536,0.000527808501669868,0.0002639042508333135,-6.286883790703356,0.9713474845503609,0.5279856113824194,1.0267677186079691,0.7496665478652903,-0.029251270479962704,1.0267677185463286,0.030178817400102087,0.6942463136604897,-0.029251270480958227,-0.02925127047972273,0.6388260795978769,0.01768730340898822,0.7496665479389879,-0.029251270505212895,-0.029251270539541085
9,2013-11-01 09:00:00,optimal,-3.9139710686926095,-1.1365034723116798e-12,0.11387203084593124,0.12069384184608378,0.006821810999999999,1.030136767123219,1.0260651746127398,-1.113332870586661e-11,0.004071592499999999,45.30202420276118,65.21547979723883,-4.4576873442503384e-11,55.258752,45.30202420288116,45.30202420287344,45.30202420287396,45.30202420244874,45.30202420179828,45.30202420178477,45.30202420177556,45.30202420175866,45.30202420167388,45.3020242017035,45.302024201701414,45.3020242016796,45.30202420167248,45.30202420287409,45.3020242028986,45.302024202909045,0.005679999999999999,0.019629999996940775,0.06886999999999999,0.0037199999999999998,0.01789999999748022,0.0527,0.00608,0.01747999999815733,0.06688,0.00975,0.019799999998410745,0.057850000000000006,0.00174,0.0076799999985012095,0.05104,0.0017599999999999998,0.0059199999988500335,0.03564,0.0146,0.025229999998228263,0.05913,0.013600000000000001,0.02999999999772859,0.07440000000000001,0.018000000003026182,0.010000000002493995,0.01900000000181173,0.014000000001544928,0.01900000000140326,0.0008351708489071199,0.013000000000996556,0.01200000000170984,0.000858670973201889,0.014000000002249113,-5.110585435417901e-13,-1.0117355329615994e-12,-1.3820920798390963e-12,-1.3581278743542817e-12,-1.1073609623537476e-12,-1.0802175814168272e-12,-4.899719706130185e-13,-7.029865699334409e-14,6.143084550031798e-14,-6.002071415296502e-13,-0.11387203084702033,-0.08371320333894137,-0.0740909105863998,-0.05546861783453156,-0.018371705602592842,-0.01891458460045176,-0.0002922918489779818,-0.012622292751069134,-0.02347461948032369,-0.01139520572715683,-0.011938084725056714,-0.0003157919732744594,-0.012536534755005175,0.0010857579972915364,0.000542878998852882,0.0040715925104794345,0.0029858345081369086,0.002714395007149746,0.0024429555058050763,0.0008143185031998402,0.0005428790020691067,0.00027143950102059253,0.0002714395004278478,0.0013571975013043098,0.0008143185001693481,0.0005428789998826685,0.0002714394998753274,0.0008143185018435897,0.0005428790012551807,0.0002714395006309263,-5.158633497465093,0.7983255328078492,0.4359093391606909,0.8436275569557133,0.6171174359292209,-0.02459351750342766,0.8436275569372087,0.013241412413495229,0.5718154117014974,-0.024593517505465717,-0.024593517505357293,0.5265133875309295,0.014306015613067574,0.6171174359611219,-0.024593517528636488,-0.024593517547391218
10,2013-11-01 10:00:00,optimal,-3.040941567040595,-1.1910391652272563e-12,0.11493790558447889,0.12096608658477198,0.0060281810000000005,0.9622697343445535,0.9581566518314903,-1.3515153539567875e-11,0.004113082500000001,37.30989620276118,57.22335179723882,-3.350104915700314e-11,47.266624,37.30989620285896,37.309896202853324,37.30989620285559,37.30989620257638,37.309896202147016,37.30989620214429,37.30989620214046,37.309896202129494,37.30989620207167,37.3098962020907,37.30989620209511,37.30989620208377,37.30989620207941,37.3098962028539,37.30989620287692,37.30989620288655,0.005679999999999999,0.019629999996822706,0.06886999999999999,0.0037199999999999998,0.017899999997410914,0.0527,0.00608,0.017479999998077124,0.06688,0.00975,0.01979999999838746,0.057850000000000006,0.00174,0.007679999998466485,0.05104,0.0017599999999999998,0.005919999998944088,0.03564,0.0146,0.025229999998469563,0.05913,0.013600000000000001,0.0299999999976342,0.07440000000000001,0.018000000003149292,0.010000000002567963,0.019000000001897006,0.014000000001573594,0.019000000001445146,0.0007867572350980991,0.01300000000092346,0.012000000001470874,0.0011793293254988603,0.014000000002347681,-4.680702234934561e-13,-9.12555857887331e-13,-1.2996555742309628e-12,-1.512679452596559e-12,-1.3261685061795292e-12,-1.337864284839288e-12,-7.545764701134764e-13,-5.69544369363525e-13,-4.879323759681447e-13,-5.464203464617831e-13,-0.11493790558562317,-0.08458205357703977,-0.07485571657442494,-0.05612937957247509,-0.018416272238805587,-0.018964683236667758,-0.0002383462351604719,-0.012726337000987019,-0.02398677033203386,-0.011808844329041786,-0.012357255327096358,-0.000630918325562222,-0.012629515005387188,0.0010968219970073976,0.000548410998577173,0.004113082513063285,0.0030162605109440737,0.002742055010048486,0.002467849508774692,0.000822616503918258,0.0005484110025820991,0.000274205501296624,0.00027420550071161347,0.0013710275033832246,0.0008226165016714055,0.0005484110009699544,0.00027420550044406,0.000822616501659492,0.0005484110011211504,0.0002742055005588872,-4.288321327175348,0.661367793644398,0.362888623999837,0.6986776898005344,0.5121282087741731,-0.020461157409059762,0.6986776897836754,0.008892673291852298,0.47481831254705764,-0.02046115741405436,-0.020461157416274356,0.4375084163646227,0.02353949723684406,0.5121282088030542,-0.02046115742966962,-0.020461157435144296
11,2013-11-01 11:00:00,optimal,-1.8902646301791797,-1.594179949723264e-13,0.11479813396340463,0.12102121246304214,0.0062230785,0.9326064985122986,0.9285039272628381,5.390968168852123e-13,0.004102571249999999,27.336648202761182,47.25010379723882,-1.4267195064254778e-11,37.293376,27.336648202769332,27.336648202768995,27.336648202769386,27.33664820276954,27.336648202772462,27.33664820277276,27.33664820277297,27.336648202773436,27.336648202773695,27.33664820277305,27.336648202773322,27.336648202773336,27.336648202772935,27.33664820276887,27.336648202767098,27.33664820276692,0.005679999999999999,0.019629999999787727,0.06886999999999999,0.0037199999999999998,0.017899999999954425,0.0527,0.00608,0.01747999999974985,0.06688,0.00975,0.019799999999863527,0.057850000000000006,0.00174,0.00767999999973976,0.05104,0.0017599999999999998,0.005919999999689733,0.03564,0.0146,0.02522999999954984,0.05913,0.013600000000000001,0.029999999999839648,0.07440000000000001,0.018000000000207933,0.010000000000042433,0.01900000000024636,0.014000000000131605,0.019000000000253318,0.000678399863705601,0.013000000000294238,0.012000000000448806,0.0013428125971989538,0.014000000000158145,-2.647759633406679e-15,8.858297254887954e-15,4.5388248349502107e-14,7.46741416681108e-14,6.415184712036758e-14,6.17522681271097e-14,5.5737418506272276e-14,4.795072444914877e-14,4.6691609318164127e-14,-9.845446870608126e-15,-0.11479813396353139,-0.08449065596295842,-0.07478990746288335,-0.05608915896260432,-0.018285129364130126,-0.01883213886402408,-0.00013139036373817546,-0.01270074850032681,-0.024103281098309996,-0.011949542097846077,-0.012496551597712941,-0.0007958030972315486,-0.012606729500332406,0.0010940189998583916,0.0005470094999175839,0.0041025712494604585,0.003008552249419425,0.0027350474994283776,0.0024615427494738213,0.0008205142498051577,0.0005470094998741556,0.00027350474993827634,0.000273504749944317,0.0013675237497432944,0.0008205142498553116,0.000547009499905414,0.0002735047499533339,0.0008205142500384715,0.0005470095000287723,0.00027350475001438576,-3.138196202496336,0.4838791346758811,0.2651859490492023,0.5112157828797009,0.3745325418627173,-0.014953406263064711,0.5112157828798911,0.0035917721498539266,0.3471958936643938,-0.014953406262215446,-0.014953406262323905,0.3198592454658498,0.02175458930680205,0.37453254186344276,-0.014953406264348448,-0.014953406263713703
12,2013-11-01 12:00:00,optimal,-2.165314579757443,-2.091067649370599e-13,0.11409892141033098,0.12082488541008654,0.006725964000000001,0.9249619905185684,0.9206519655208811,2.2894310286295405e-12,0.004310025,29.89761013556118,49.81106573003882,-1.3560347289498509e-11,39.8543379328,29.897610135576276,29.897610135575395,29.897610135576073,29.89761013556269,29.89761013554542,29.89761013554604,29.89761013554643,29.897610135546607,29.897610135547335,29.89761013554756,29.897610135548835,29.897610135548636,29.897610135547776,29.897610135575327,29.89761013557621,29.8976101355773,0.005679999999999999,0.019629999999714372,0.06886999999999999,0.0037199999999999998,0.017899999999894178,0.0527,0.00608,0.01747999999972564,0.06688,0.00975,0.019799999999779484,0.057850000000000006,0.00174,0.007679999999513681,0.05104,0.0017599999999999998,0.0059199999992146585,0.03564,0.0146,0.02522999999916103,0.05913,0.013600000000000001,0.029999999999797217,0.07440000000000001,0.01800000000027723,0.010000000000099301,0.019000000000268108,0.014000000000213338,0.019000000000473725,0.0007480776437541327,0.01300000000074741,0.012000000000829437,0.0010768077619950935,0.014000000000197818,-2.1344714321619134e-14,1.5433692085629049e-15,9.880179849031216e-14,2.34435055515448e-13,2.639323224419606e-13,2.7138340618516775e-13,2.830550591676874e-13,2.896114510159815e-13,2.908795140047302e-13,-5.497926033417544e-14,-0.11409892141051209,-0.0839240799096326,-0.07426198915950533,-0.05559989840920894,-0.01826082839460128,-0.018835498394285086,-0.00017340764378274512,-0.012662090750775994,-0.02367697926436568,-0.011589558513235471,-0.012164228512881653,-0.0005021377620236661,-0.012512750750574253,0.0011493399996515717,0.0005746699998085062,0.004310024997687319,0.0031606849974363284,0.00287334999743884,0.0025860149975390164,0.0008620049992056389,0.000574669999460593,0.0002873349997265546,0.000287334999714835,0.001436674998569747,0.0008620049991304266,0.0005746699994151864,0.0002873349997069532,0.0008620050002301613,0.0005746700001757375,0.0002873350000921034,-3.4112850692220844,0.5280543034309564,0.28887342234102664,0.5579519135662601,0.4084638628867412,-0.01718125960801423,0.5579519135724075,0.005184474127489957,0.37856625276713235,-0.01718125960687588,-0.017181259606886816,0.3486686426340085,0.015012719042480095,0.4084638628862771,-0.017181259612756496,-0.017181259611722448
13,2013-11-01 13:00:00,optimal,-5.188307284261705,-3.0917630951459664e-12,0.11360392014056041,0.12060577413235664,0.007001853999999998,1.080147998172763,1.076025338125569,-4.8633735500164925e-11,0.0041226599999999985,56.61856723636118,76.53202283083883,-6.395363960631784e-10,66.5752950336,56.6185672367789,56.61856723675936,56.618567236765024,56.61856723578937,56.61856723430853,56.618567234285436,56.618567234266436,56.61856723423288,56.618567234033094,56.618567234101185,56.61856723410924,56.618567234064066,56.61856723404672,56.61856723676367,56.61856723682105,56.618567236824774,0.005679999999999999,0.01962999999145028,0.06886999999999999,0.0037199999999999998,0.017899999993921497,0.0527,0.00608,0.017479999992548654,0.06688,0.00975,0.019799999994600418,0.057850000000000006,0.00174,0.007679999993763493,0.05104,0.0017599999999999998,0.005919999995944892,0.03564,0.0146,0.02522999999500357,0.05913,0.013600000000000001,0.029999999992897774,0.07440000000000001,0.018000000008427934,0.010000000005988335,0.0190000000073359,0.014000000005241611,0.01900000000591122,0.000765870183433645,0.013000000003590438,0.012000000004787997,0.0008399038791532833,0.014000000007030748,-1.1209308738354782e-12,-2.2124379751997147e-12,-3.577707662373249e-12,-5.055835408980692e-12,-4.958398795612522e-12,-5.038658321321637e-12,-3.740904336560335e-12,-3.327928493011924e-12,-3.1506300818855232e-12,-1.2195941784711593e-12,-0.11360392014297693,-0.08349180561686358,-0.07388606036019967,-0.05528031510216851,-0.018272239446075374,-0.01882192744079683,-0.00021618218415995515,-0.01260574525432061,-0.023402330400126622,-0.011346273140608997,-0.011895961135400568,-0.00029021587988311274,-0.01250636926700971,0.0010993759906966676,0.0005496879956422904,0.004122660047193896,0.0030232840426121185,0.0027484400404537757,0.0024735960369583294,0.0008245320145681208,0.0005496880097363693,0.0002748440049074374,0.0002748440036042679,0.0013742200174599905,0.0008245320097170851,0.0005496880062003159,0.0002748440030111633,0.0008245320034875994,0.0005496880022942028,0.0002748440011333061,-6.432091191015031,0.9968120716679033,0.5438635336355455,1.0534306388428527,0.7703378025403826,-0.03112254672945363,1.0534306387621895,0.0122399254881315,0.7137192352101167,-0.031122546734269833,-0.031122546733609546,0.6571006680411419,0.01643160726702107,0.7703378026416811,-0.031122546745425854,-0.031122546778712325
14,2013-11-01 14:00:00,optimal,-6.328030880226601,-6.507142348607626e-14,0.11244209269657762,0.1207814846957067,0.008339392000000001,1.0963399448531477,1.0918151348519112,-1.2606019595507318e-12,0.004524810000000001,67.35527220276117,87.26872779723882,-6.304524957645441e-11,77.312,67.35527220277282,67.35527220277243,67.35527220277282,67.35527220276116,67.35527220274398,67.35527220274456,67.35527220274473,67.35527220274464,67.3552722027421,67.35527220274275,67.35527220274399,67.355272202744,67.35527220274375,67.35527220277255,67.35527220277305,67.35527220277264,0.005679999999999999,0.019629999999707354,0.06886999999999999,0.0037199999999999998,0.017899999999926655,0.0527,0.00608,0.017479999999683186,0.06688,0.00975,0.01979999999987635,0.057850000000000006,0.00174,0.0076799999997332145,0.05104,0.0017599999999999998,0.005919999999947802,0.03564,0.0146,0.025229999999893695,0.05913,0.013600000000000001,0.029999999999762196,0.07440000000000001,0.018000000000287005,0.010000000000069583,0.019000000000311393,0.014000000000116952,0.01900000000025371,0.0008427219263277666,0.013000000000034909,0.01200000000009742,0.0009387627678900001,0.01400000000023485,-1.8596668899121933e-14,-3.3956535323755224e-14,-6.001071698140501e-14,-1.1856538337304987e-13,-1.2588858685746706e-13,-1.2973907033071436e-13,-1.1586585045690235e-13,-1.2125060062680058e-13,-1.2138257832993724e-13,-1.958723947246128e-14,-0.11244209269658464,-0.0826777676958366,-0.07319229719570897,-0.054706826695339224,-0.018121576426788473,-0.018724884426699062,-0.000239413926386561,-0.012485470500093767,-0.023099779768374983,-0.011217617268196088,-0.011820925268105045,-0.0003354547679488155,-0.012278854500402971,0.0012066159998899352,0.0006033079999733485,0.004524810001236517,0.0033181940011669047,0.0030165400011338632,0.0027148860010752255,0.0009049620003721888,0.0006033080002512919,0.0003016540001275548,0.0003016540001136052,0.0015082700005865366,0.0009049620003547758,0.0006033080002379779,0.00030165400011904686,0.0009049620000514785,0.0006033080000323632,0.0003016540000154289,-7.573567760631783,1.1777386251403856,0.6388964475035585,1.2450938973448011,0.9083175363178403,-0.04063597456004825,1.2450938973409158,0.01612579017694132,0.8409622641095414,-0.04063597456033994,-0.04063597455993937,0.7736069919109791,0.02259464720294893,0.9083175363257814,-0.04063597456040183,-0.04063597456422584
15,2013-11-01 15:00:00,optimal,-7.234878272328161,-2.7863295301923965e-12,0.1110321847139293,0.12135748366301082,0.010325298960000001,1.121447469563401,1.1162279645040079,-6.246845699731851e-11,0.005219505000000002,76.42976723636117,96.34322283083883,-1.0474537626148361e-09,86.3864950336,76.42976723715503,76.4297672371112,76.4297672371095,76.42976723481567,76.42976723132118,76.4297672312338,76.42976723117548,76.42976723109133,76.42976723061777,76.42976723078257,76.42976723075986,76.42976723063019,76.42976723059114,76.42976723711769,76.42976723722948,76.4297672372233,0.005679999999999999,0.019629999988650317,0.06886999999999999,0.0037199999999999998,0.01789999999255639,0.0527,0.00608,0.01747999998953422,0.06688,0.00975,0.0197999999921581,0.057850000000000006,0.00174,0.007679999990703723,0.05104,0.0017599999999999998,0.005919999993845131,0.03564,0.0146,0.02522999999218692,0.05913,0.013600000000000001,0.029999999990831423,0.07440000000000001,0.018000000011134294,0.01000000000730503,0.019000000010229313,0.014000000007574155,0.01900000000878241,0.0011302401967548895,0.013000000005380853,0.012000000007510898,0.0012272433702237167,0.014000000009042952,-1.7280426377649495e-12,-3.4277992801507797e-12,-5.5936899240974774e-12,-6.7375779743008935e-12,-6.739343069810022e-12,-6.740135928811382e-12,-4.233540785291225e-12,-3.1850728575827965e-12,-2.8508789079577976e-12,-1.8326236740307406e-12,-0.11103218471592653,-0.08178749292129259,-0.07246921303319749,-0.05415093314213561,-0.01805665209413647,-0.018752586087337507,-0.0004343061976557282,-0.012318279886290253,-0.022776001159528002,-0.011153655266429401,-0.011849589259553329,-0.0005313093711334543,-0.011926411902709561,0.0013918679871233448,0.0006959339941592479,0.005219505059392905,0.003827637052492863,0.0034796700491804486,0.003131703043762463,0.0010439010193992635,0.0006959340129225703,0.00034796700645984256,0.00034796700394158715,0.001739835017894525,0.0010439010090817164,0.0006959340054428245,0.0003479670025536482,0.001043901005229069,0.0006959340034524115,0.00034796700170338437,-8.486164033731377,1.3236321010272967,0.7121939628373867,1.4000618681952843,1.017913031806576,-0.053190073181446494,1.4000618680846977,0.03319392152763026,0.9414832644017874,-0.053190073181342765,-0.053190073176184176,0.8650534973274312,0.0406078514971181,1.0179130319188359,-0.053190073154888835,-0.053190073246258816
16,2013-11-01 16:00:00,optimal,-9.53058779440279,1.5465347238895076e-12,0.10968948617332483,0.12194192207086017,0.012252435919998498,1.1866313233063193,1.1805042995469548,-9.21717881684789e-12,0.00612702374999925,98.34772020276117,118.26117579723882,-2.0571042369521564e-09,108.304448,98.34772020434198,98.34772020429769,98.34772020436746,98.34772020492447,98.34772020596037,98.3477202063276,98.34772020646183,98.3477202064665,98.34772020689063,98.34772020677465,98.3477202072978,98.34772020765081,98.34772020781197,98.34772020428935,98.34772020405457,98.34772020384042,0.005679999999999999,0.019629999982880342,0.06886999999999999,0.0037199999999999998,0.017899999990187158,0.0527,0.00608,0.017479999983709377,0.06688,0.00975,0.019799999986020497,0.057850000000000006,0.00174,0.007679999983262226,0.05104,0.0017599999999999998,0.005919999986699012,0.03564,0.0146,0.0252299999877363,0.05913,0.013600000000000001,0.029999999987972488,0.07440000000000001,0.018000000016090333,0.010000000009737052,0.01900000001538871,0.01400000001293146,0.019000000014985162,0.0013464910958554547,0.013000000011393354,0.012000000011051334,0.0015954308343383956,0.014000000011949648,-9.644842911903011e-13,-1.2176276320392064e-12,7.327548390459553e-13,-2.831184012358831e-13,-7.246915094521478e-13,-7.908300456591107e-13,-1.1930182104026073e-12,-4.734378110312083e-13,-3.1578069009250055e-13,-9.952769913477831e-13,-0.10968948617044752,-0.08095682922691043,-0.07177356426834268,-0.053590299304131575,-0.01789588306943959,-0.018712819560932306,-0.000529554597151388,-0.012183264960180629,-0.022511151272954697,-0.011144822803836048,-0.011961759295428864,-0.0007784943356062871,-0.011549391978614657,0.001633872982167307,0.0008169364905366675,0.006127023759364762,0.004493150756579933,0.0040846825053608695,0.0036762142560839797,0.001225404752202841,0.0008169365015535173,0.0004084682508093432,0.0004084682512148086,0.0020423412535720254,0.0012254047514690068,0.0008169365008166645,0.0004084682503287613,0.0012254047518233803,0.0008169365008373072,0.00040846825027208734,-10.78771089538009,1.6899349348362644,0.903153172576698,1.7882826549716035,1.2965440537082287,-0.08034384161772472,1.7882826549319155,0.05208048722612549,1.1981963333526175,-0.08034384157448861,-0.08034384162561649,1.0998486131146386,0.07656314297418783,1.2965440536116697,-0.08034384163512609,-0.08034384152800664
17,2013-11-01 17:00:00,optimal,-10.873251420005817,7.082142953937556e-14,0.10907906584129809,0.12187282834112881,0.012793762499999996,1.1831118024856608,1.1767149212370576,1.4054986210575468e-12,0.006396881249999998,111.20084310196117,131.11429869643882,-1.094954682478999e-11,121.1575708992,111.20084310203539,111.20084310203329,111.20084310203437,111.20084310204587,111.20084310206886,111.2008431020728,111.20084310207295,111.20084310207145,111.20084310208904,111.20084310208713,111.200843102096,111.20084310210211,111.20084310210524,111.20084310203326,111.20084310202809,111.2008431020252,0.005679999999999999,0.01962999999970258,0.06886999999999999,0.0037199999999999998,0.017900000000135512,0.0527,0.00608,0.017479999999894406,0.06688,0.00975,0.01979999999991078,0.057850000000000006,0.00174,0.007679999999015594,0.05104,0.0017599999999999998,0.00591999999953766,0.03564,0.0146,0.025229999999871168,0.05913,0.013600000000000001,0.02999999999994229,0.07440000000000001,0.018000000000260905,0.009999999999862366,0.01900000000007748,0.014000000000060821,0.019000000000936355,0.0013438195729649984,0.013000000000413358,0.012000000000101835,0.0015290087644368642,0.014000000000055699,-8.301546469498072e-15,1.1938093312149258e-14,7.206997637944941e-14,1.4627499318288342e-13,1.4864021583441077e-13,1.5013437485580588e-13,1.606346854441095e-13,1.6373185733795098e-13,1.6450560454284806e-13,-1.8313660016082337e-14,-0.10907906584122047,-0.08049073584025544,-0.07134365334038625,-0.0531965708403022,-0.01778506707451527,-0.01863798457391325,-0.0004909020729709679,-0.012147082500418868,-0.022264421265720088,-0.010970256264892298,-0.01182317376454894,-0.0006760912644419439,-0.011441247500697268,0.0017058349993652857,0.0008529174998300323,0.00639688124860334,0.004691046248521295,0.004264587498533093,0.0038381287486047005,0.0012793762495546313,0.0008529174997032324,0.00042645874985086803,0.00042645874984045264,0.0021322937491952427,0.0012793762495135123,0.0008529174996737103,0.00042645874983646023,0.0012793762500737866,0.0008529175000556958,0.00042645875002844875,-12.129684086326902,1.9067700307691695,1.0171632859085686,2.0179708738508078,1.4619666583387787,-0.09484514503019396,2.0179708739463154,0.05458872439424472,1.3507658152759456,-0.09484514505162543,-0.0948451450588905,1.2395649721392688,0.07518191861930046,1.461966658338209,-0.09484514504557835,-0.09484514507836696
18,2013-11-01 18:00:00,optimal,-8.330945358985243,-4.5040963919129394e-14,0.10795432586875994,0.12061634336858104,0.012662017499999996,1.182222200628655,1.1758911918786956,4.9839535224830174e-14,0.006331008749999998,88.69338613556117,108.60684173003882,-1.985928088643618e-11,98.6501139328,88.69338613559451,88.69338613559341,88.69338613559448,88.69338613560168,88.69338613561892,88.69338613562076,88.69338613562209,88.6933861356237,88.69338613562651,88.69338613562422,88.69338613563379,88.69338613564096,88.69338613564655,88.6933861355932,88.693386135588,88.69338613558212,0.005679999999999999,0.019629999999677468,0.06886999999999999,0.0037199999999999998,0.01790000000009675,0.0527,0.00608,0.01747999999970039,0.06688,0.00975,0.01979999999988213,0.057850000000000006,0.00174,0.007679999999569607,0.05104,0.0017599999999999998,0.005919999999415729,0.03564,0.0146,0.02522999999942617,0.05913,0.013600000000000001,0.02999999999987107,0.07440000000000001,0.018000000000301487,0.009999999999893866,0.019000000000280785,0.014000000000099181,0.019000000000393452,0.0007651861049307031,0.013000000000538197,0.012000000000565787,0.0008511572605726292,0.014000000000120184,-1.7464432263888736e-14,-1.4803752160092764e-14,2.0919230978543277e-14,4.411137960477427e-14,2.0783058948184706e-14,1.4919547712306186e-14,2.8428942794897243e-16,4.502083384882241e-15,5.345624726636519e-15,-2.212862887430811e-14,-0.10795432586879061,-0.07933086386823546,-0.0701749983683272,-0.05201913286803217,-0.017232782605551344,-0.01807691710535173,7.894839505552924e-05,-0.012155865500551907,-0.02163048476236776,-0.010318753761519814,-0.011162888261164948,-7.0227605858227455e-06,-0.011467596500239253,0.0016882689998953513,0.0008441345001214581,0.0063310087499592205,0.00464273974987737,0.004220672499862424,0.0037986052498828566,0.0012662017499370768,0.0008441344999664254,0.00042206724998614185,0.00042206725000083116,0.0021103362499887836,0.001266201749989219,0.000844134499992032,0.0004220672499955794,0.0012662017500644277,0.0008441345000425238,0.00042206725001930103,-9.57483470928972,1.5216118033085642,0.8120647141876548,1.6103051894423226,1.1668382587482429,-0.07486914714239996,1.6103051894523153,-0.00700220048866662,1.078144872651586,-0.07486914713384124,-0.0748691471286019,0.9894514865184387,0.0006228724152060266,1.1668382587501056,-0.07486914714011328,-0.07486914717095378
19,2013-11-01 19:00:00,optimal,-6.500767068018104,-7.433167589399687e-14,0.10836982374475816,0.11995796874335599,0.011588145000000001,1.106418405155872,1.1006243326547689,-1.1416926319983715e-12,0.0057940725000000005,71.40449013556119,91.31794573003884,-1.0543001888185799e-10,81.36121793280002,71.40449013557317,71.40449013557269,71.40449013557291,71.40449013555242,71.40449013552143,71.40449013552129,71.40449013552109,71.40449013552058,71.40449013551613,71.4044901355175,71.40449013551815,71.4044901355174,71.40449013551707,71.4044901355728,71.40449013557378,71.40449013557351,0.005679999999999999,0.01962999999966317,0.06886999999999999,0.0037199999999999998,0.017899999999892904,0.0527,0.00608,0.017479999999661412,0.06688,0.00975,0.019799999999862546,0.057850000000000006,0.00174,0.00767999999973488,0.05104,0.0017599999999999998,0.0059199999999541555,0.03564,0.0146,0.02522999999986036,0.05913,0.013600000000000001,0.029999999999730066,0.07440000000000001,0.018000000000331782,0.010000000000103844,0.019000000000333448,0.014000000000131378,0.019000000000253366,0.0003031617163881562,0.013000000000030059,0.012000000000132,0.0006548070252141497,0.01400000000026723,-2.233021983245395e-14,-4.257987786421224e-14,-7.331347643350977e-14,-1.1138944611985622e-13,-1.1571255064561742e-13,-1.1848854056066295e-13,-9.197644737780663e-14,-9.468304043317376e-14,-9.373789376510153e-14,-2.346161994125111e-14,-0.10836982374474101,-0.07945999574375563,-0.0702325387435603,-0.05200508174313484,-0.016985532716965183,-0.017758075716827117,0.00046938128351904,-0.012227457000122972,-0.021792092025945498,-0.0103371780256818,-0.011109721025531916,0.00011773597469296268,-0.0116823710005621,0.0015450859997966236,0.0007725429999400288,0.005794072501103146,0.004248986501017785,0.0038627150009766555,0.003476443500905541,0.0011588145003375505,0.000772543000227233,0.0003862715001149804,0.00038627150008833016,0.0019313575004599496,0.0011588145002732779,0.0007725430001809777,0.00038627150009000623,0.0011588145000637528,0.0007725430000410095,0.00038627150001987136,-7.738092010581695,1.2301177834412016,0.6588818623403405,1.3015222735768939,0.9444998228845992,-0.05516303901957318,1.3015222735711756,-0.033515931235484575,0.8730953327417914,-0.055163039019389695,-0.05516303901873439,0.8016908426134973,-0.008406877250198343,0.9444998228942996,-0.055163039019097755,-0.055163039025055996
20,2013-11-01 20:00:00,optimal,-5.223795504634107,-6.1234440072847065e-12,0.10889970640692193,0.119676351331026,0.010776644999998503,1.078707440288773,1.0733191177090247,-8.151708354632158e-11,0.005388322499999251,59.30515826996119,79.21861386443884,-4.864082601974129e-09,69.26188606720001,59.305158270671335,59.30515827064384,59.305158270660144,59.3051582694473,59.3051582676109,59.3051582676075,59.305158267594784,59.30515826755888,59.30515826730444,59.30515826738506,59.30515826742698,59.30515826738745,59.30515826736639,59.30515827065148,59.30515827071794,59.3051582707138,0.005679999999999999,0.019629999984414906,0.06886999999999999,0.0037199999999999998,0.017899999987691546,0.0527,0.00608,0.017479999984649,0.06688,0.00975,0.019799999987192545,0.057850000000000006,0.00174,0.007679999985371382,0.05104,0.0017599999999999998,0.005919999988495312,0.03564,0.0146,0.025229999988204934,0.05913,0.013600000000000001,0.029999999985911595,0.07440000000000001,0.018000000015367897,0.01000000001215316,0.019000000015152296,0.014000000012540115,0.019000000014088955,0.00010595455465444467,0.013000000010786427,0.012000000011433318,0.00057039662753113,0.014000000013970526,-1.6170634726895635e-12,-3.12775130800839e-12,-5.2465671931411326e-12,-8.020961609497122e-12,-8.123164376965764e-12,-8.348788171620022e-12,-6.54782398821835e-12,-6.770967786956303e-12,-6.704027787437241e-12,-1.726850622792416e-12,-0.10889970640795556,-0.07977347834077649,-0.07049192132353309,-0.05221036430326697,-0.016950625592890334,-0.017669068579043108,0.0006124884401953563,-0.012281557015941308,-0.021978181692687202,-0.010415067662995285,-0.011133510649271199,0.0001480463673152739,-0.011844671046720575,0.001436885972340387,0.0007184429862905252,0.0053883225797482755,0.003951436573391511,0.00359221507033039,0.0032329935651848013,0.0010776645240130184,0.0007184430161521542,0.0003592215081877797,0.00035922150638048486,0.001796107533304442,0.00107766451981318,0.0007184430131332924,0.0003592215065327105,0.0010776645047728959,0.0007184430030789348,0.000359221501499522,-6.458314324455298,1.0248854739600297,0.5504442076040085,1.0841906322179147,0.7876648407096422,-0.04260737530761984,1.0841906321548531,-0.03632372419016965,0.7283596823349681,-0.04260737531359103,-0.04260737531510899,0.6690545241026608,-0.008779913550659164,0.787664840794473,-0.042607375297950945,-0.042607375312235095
21,2013-11-01 21:00:00,optimal,-5.062632197222067,-6.730988367781144e-12,0.10989292260039442,0.11937983745357306,0.009486915000000002,1.0789348401360945,1.0741913825804266,-5.7319844174766186e-11,0.004743457500000001,57.27572020276117,77.18917579723882,-8.794822668745095e-09,67.23244799999999,57.27572020327633,57.275720203253584,57.27572020326072,57.275720202113874,57.27572020036981,57.275720200345305,57.275720200324386,57.27572020028531,57.275720200047445,57.27572020012722,57.275720200139745,57.27572020008901,57.27572020006971,57.27572020325878,57.27572020332255,57.27572020332573,0.005679999999999999,0.019629999983168035,0.06886999999999999,0.0037199999999999998,0.01789999998588275,0.0527,0.00608,0.01747999998399278,0.06688,0.00975,0.019799999986244383,0.057850000000000006,0.00174,0.007679999985122297,0.05104,0.0017599999999999998,0.005919999987628867,0.03564,0.0146,0.02522999998683573,0.05913,0.013600000000000001,0.029999999984592036,0.07440000000000001,0.01800000001668713,0.010000000014011216,0.01900000001587165,0.014000000013570898,0.01900000001449961,2.3164298616871194e-05,0.01300000001184737,0.012000000012918698,0.00035667299333067015,0.014000000015325214,-1.350981415513108e-12,-2.666592442523972e-12,-4.338441491318462e-12,-5.921316936537428e-12,-5.790951941835053e-12,-5.895751726911926e-12,-4.270106018013905e-12,-3.992758266364503e-12,-3.8293942532252084e-12,-1.4564035820629317e-12,-0.10989292259756345,-0.08042276650893342,-0.07105522748535986,-0.052687688459903424,-0.017125781351561595,-0.017758242332356133,0.0006092966917629312,-0.012367539021472024,-0.02219436808515223,-0.010459290044587328,-0.011091751025497216,0.0002757879970452044,-0.01210261706238039,0.0012649219625072345,0.0006324609814925281,0.004743457555668095,0.003478535550212667,0.0031623050476081425,0.002846074543364056,0.0009486915170292163,0.000632461011387722,0.00031623050574525543,0.0003162305041134483,0.001581152520557563,0.0009486915116490824,0.0006324610075031326,0.00031623050366948885,0.0009486915041351899,0.0006324610027089785,0.000316230501334429,-6.294196287566015,0.9947383053392569,0.5365325435597815,1.0520140254958261,0.7656354243476673,-0.0362246587264193,1.0520140254172414,-0.03489790738919929,0.7083597040456746,-0.036224658733099775,-0.036224658733237575,0.6510839839037592,-0.01579595670541184,0.7656354244481469,-0.036224658735712414,-0.03622465876308129
22,2013-11-01 22:00:00,optimal,-0.6442664331467206,-2.431029583751562e-12,0.11147653785477911,0.11932482284583533,0.007848285,0.8101654327213369,0.8062412902099648,-1.1528438908468714e-11,0.0039241425,16.82221523636118,36.73567083083882,-1.913492159860697e-10,26.7789430336,16.822215236399476,16.82221523639902,16.822215236399696,16.82221523631147,16.822215236177907,16.82221523617433,16.82221523617103,16.822215236167956,16.82221523616128,16.822215236166617,16.822215236168322,16.82221523616258,16.822215236159092,16.82221523639916,16.822215236399423,16.822215236400215,0.005679999999999999,0.019629999997852306,0.06886999999999999,0.0037199999999999998,0.01789999999839448,0.0527,0.00608,0.017479999998089288,0.06688,0.00975,0.01979999999874223,0.057850000000000006,0.00174,0.007679999998542757,0.05104,0.0017599999999999998,0.0059199999998103625,0.03564,0.0146,0.025229999998129336,0.05913,0.013600000000000001,0.029999999998044338,0.07440000000000001,0.01800000000213725,0.010000000001598256,0.01900000000189723,0.014000000001240442,0.019000000001427406,2.7008746651738185e-05,0.013000000000174757,0.012000000001854015,0.00029781408020475644,0.014000000001949231,-2.6041893260775645e-13,-5.480402557509181e-13,-8.848290569257242e-13,-1.3040698871641655e-12,-1.0129238286820924e-12,-9.238965789908809e-13,-9.945224993559921e-13,-8.220812321263728e-13,-7.616403474537527e-13,-2.848051348691772e-13,-0.11147653785650233,-0.0815694138469505,-0.07209263284464446,-0.0536158518420374,-0.017457351751417903,-0.017980570749505306,0.0004962102526351481,-0.012476781000888016,-0.022681719088666154,-0.010728157085703178,-0.0112513760834853,0.0002254049190819375,-0.012430343006706748,0.0010464379959503,0.0005232189980310673,0.0039241425113720465,0.0028777045102546207,0.002616095009712545,0.002354485508836719,0.0007848285030340605,0.0005232190019086606,0.0002616095009097174,0.00026160950097978955,0.00130804750451215,0.000784828502482424,0.0005232190015536242,0.0002616095007465502,0.0007848285008600014,0.0005232190005781895,0.00026160950029141555,-1.8752823136426233,0.2939981716573702,0.15942044975710729,0.31082038688973196,0.22670931069668596,-0.008801702613593443,0.3108203868818285,-0.008347355684332773,0.20988709544235928,-0.008801702610864888,-0.008801702608459904,0.19306488023420865,-0.003791810076138948,0.22670931070860934,-0.008801702610678011,-0.008801702612559158
23,2013-11-01 23:00:00,optimal,-3.6706444681667345,-3.5974641366461495e-12,0.11369569199390026,0.11939169446355967,0.005696002499999999,1.0029236397801604,1.00007563849361,-3.732864218962476e-11,0.0028480012499999996,43.11795826996118,63.03141386443882,-1.463339612678416e-09,53.0746860672,43.11795827018908,43.11795827017823,43.117958270184445,43.117958269697965,43.11795826895576,43.11795826895453,43.1179582689484,43.117958268930515,43.11795826883126,43.11795826886409,43.11795826887802,43.117958268861315,43.11795826885371,43.11795827017961,43.11795827021423,43.1179582702292,0.005679999999999999,0.019629999992161536,0.06886999999999999,0.0037199999999999998,0.017899999993648993,0.0527,0.00608,0.017479999993483028,0.06688,0.00975,0.019799999994719143,0.057850000000000006,0.00174,0.0076799999944025515,0.05104,0.0017599999999999998,0.005919999995757046,0.03564,0.0146,0.025229999995229378,0.05913,0.013600000000000001,0.029999999993307422,0.07440000000000001,0.01800000000777002,0.01000000000630121,0.019000000006457036,0.014000000005188891,0.01900000000539732,0.00013736929088985442,0.013000000003959447,0.01200000000463581,0.0002543251049709652,0.014000000006653392,-8.401414776678775e-13,-1.6373898432379672e-12,-2.6093864835327695e-12,-3.836383560965203e-12,-3.716244286648523e-12,-3.809316267593446e-12,-2.8201006251723775e-12,-2.7386606682172425e-12,-2.6517755126338208e-12,-9.385791097170285e-13,-0.11369569199539252,-0.08321462596469312,-0.07359435945628656,-0.05497409294771388,-0.017998168807304857,-0.018377902300550357,0.00024236420697836642,-0.012620266506093205,-0.023355657633088844,-0.011115124620404497,-0.011494858113873093,0.00012540839289578703,-0.012860799520823897,0.0007594669879349615,0.00037973349411083996,0.0028480012865502893,0.002088534282981765,0.0018986675313736494,0.001708800778808775,0.0005696002610347339,0.0003797335073845858,0.0001898667537383477,0.00018986675274624504,0.0009493337640054449,0.000569600258064017,0.000379733505239715,0.00018986675257621138,0.0005696002527428546,0.0003797335018184017,0.000189866750897917,-4.902326103048377,0.7597499159916379,0.41480624976679326,0.8028678742052139,0.5872780827995886,-0.016373333007449354,0.8028678741595211,-0.010450249854598637,0.5441601244763884,-0.01637333301457121,-0.016373333017132116,0.5010421662353627,-0.0054073539435933096,0.5872780828627349,-0.01637333303125462,-0.01637333304360353
