,Timestep,Status,Obj,P Feed In,P Feed Out,P Local Gen,P Local Dem,Q Feed In,Q Feed Out,Q Local Gen,Q Local Dem,FT,GT,Surplus,Spot,Shadow Price 0,Shadow Price 1,Shadow Price 2,Shadow Price 3,Shadow Price 4,Shadow Price 5,Shadow Price 6,Shadow Price 7,Shadow Price 8,Shadow Price 9,Shadow Price 10,Shadow Price 11,Shadow Price 12,Shadow Price 13,Shadow Price 14,Shadow Price 15,GenP[1],GenP[2],GenP[3],GenP[4],GenP[6],GenP[7],GenP[8],GenP[11],GenP[12],GenP[13],GenQ[1],GenQ[2],GenQ[3],GenQ[4],GenQ[6],GenQ[7],GenQ[8],GenQ[11],GenQ[12],GenQ[13],FloP[1],FloP[2],FloP[3],FloP[4],FloP[5],FloP[6],FloP[7],FloP[8],FloP[9],FloP[10],FloP[11],FloP[12],FloP[13],FloP[14],FloP[15],FloQ[1],FloQ[2],FloQ[3],FloQ[4],FloQ[5],FloQ[6],FloQ[7],FloQ[8],FloQ[9],FloQ[10],FloQ[11],FloQ[12],FloQ[13],FloQ[14],FloQ[15],Balance N0,Balance N1,Balance N2,Balance N3,Balance N4,Balance N5,Balance N6,Balance N7,Balance N8,Balance N9,Balance N10,Balance N11,Balance N12,Balance N13,Balance N14,Balance N15
0,2013-11-01 00:00:00,optimal,0.025556684614355462,-2.813550835977247e-13,0.00035474420582969096,0.004519824203072198,0.004165080000000001,1.1775412722944918,1.1771403693317268,0.001681637037230841,0.0020825400000000003,64.14682420276118,84.06027979723883,-1.9493250416613428e-10,74.10355200000001,64.1468242087538,64.14682420875381,64.1468242087539,64.14682420875364,64.14682420875305,64.14682420875333,64.14682420875342,64.14682420875334,64.14682420875326,64.1468242087532,64.14682420875344,64.14682420875354,64.14682420875354,64.14682420875386,64.14682420875445,64.14682420875462,-2.816417478621581e-13,-1.8294813948186124e-13,-1.709351193511808e-13,-3.169967159608431e-13,-3.519055759557198e-14,0.0016323857695758385,-1.844156561292385e-13,-3.7744495795296606e-14,0.0028874384356192277,-3.444042498051761e-14,-9.351731421908331e-17,-9.834081967789387e-17,-5.16847689166214e-17,1.6212043750371903e-15,2.810644216054986e-15,0.0006082050398803396,3.8098307383336525e-15,3.242195770275611e-15,0.0010734319973311139,-1.0257546997609916e-16,-0.00035474420592117604,-0.0014654322060082584,-0.0017431042060013396,-0.0020207762059823624,-0.0007993697700787755,-0.0010770417699205908,-0.001354713769765812,0.0002776719999944338,-0.001499078436030595,-0.0020544224360152436,-0.0023320944359613927,-0.0026097664358091803,0.000833015999995312,0.0005553440001507396,0.0002776719999985324,0.00040090296276508073,-0.0001544410372350574,-0.0002932770372349983,-0.00043211303723481666,-0.00019169703988668348,-0.0003305330398838885,-0.00046936903988071226,0.000138835999995808,-0.00037925199734616805,-0.000656923997338693,-0.0007957599973351627,-0.0009345959973315199,0.0004165080000001222,0.0002776720000000951,0.00013883600000003606,-0.022755714228479194,-0.01781177698975951,-0.01781177698342863,-0.01781177698265803,-0.017811776992027416,-0.017811776973732322,-0.01781177697395045,0.0869005860301595,-0.017811776983522765,-0.017811776983252155,-0.01781177698042448,-0.017811776974114277,0.16740822877157258,-0.01781177697390233,-0.01781177699363546,-0.017811776983777557
1,2013-11-01 01:00:00,optimal,0.016112129587627477,-3.3219749620037747e-13,0.0006328755439739501,0.004076373051129106,0.0034434975000000017,1.0922418334581718,1.09208210678351,0.0015620220753296895,0.0017217487500000008,43.44653426996118,63.359989864438816,2.9643384621969027e-10,53.4032620672,43.44653427762268,43.44653427762271,43.446534277622995,43.44653427762231,43.44653427762131,43.44653427762214,43.44653427762243,43.4465342776223,43.44653427762206,43.4465342776219,43.446534277622554,43.44653427762287,43.44653427762292,43.446534277622824,43.44653427762431,43.44653427762484,1.4683278074321156e-12,1.0583068537251606e-12,1.5488642844451388e-12,1.1879010238881243e-12,7.387205910632971e-13,0.001383224852517229,1.1197829471283552e-12,7.218322321982079e-13,0.0026931481841968403,1.0734796083889477e-12,7.763170490887326e-16,1.6847913464107378e-15,-5.094770560634027e-17,3.2380939425508987e-15,5.763061847247846e-15,0.0005306379175237268,8.538729009504079e-15,8.682876752702593e-15,0.0010313841577554623,1.120272945095729e-15,-0.0006328755447326855,-0.0015511415411770763,-0.0017807080405453173,-0.002010274539422899,-0.0006945253526908411,-0.0009240918524032365,-0.0011536583520908763,0.0002295664993065547,-0.0015453156859704666,-0.0020044486846135293,-0.002234015184065869,-0.0024635816837704325,0.0006886994974861854,0.00045913299813312537,0.00022956649937784255,0.0001597266746617011,-0.00029940632533461114,-0.0004141895753325967,-0.0005289728253321589,-0.00018628816753671546,-0.0003010714175310591,-0.0004158546675245191,0.00011478324999064934,-0.0004574679077914788,-0.0006870344077745463,-0.0008018176577658666,-0.0009166009077563288,0.00034434974999724853,0.00022956649999851972,0.0001147832499993991,-0.027496249029166153,-0.009973868747450113,-0.009973868765264104,-0.009973868743951083,-0.009973868759633686,-0.009973868780225131,-0.009973868779149018,0.050122457157305504,-0.00997386876259318,-0.009973868763894665,-0.00997386876892546,-0.00997386877988276,0.10703408608818143,-0.009973868764604899,-0.009973868738632605,-0.00997386876568024
2,2013-11-01 02:00:00,optimal,0.028545328308124267,-4.066683092368016e-14,0.0003250496230325027,0.003452977124828043,0.003127927500000001,1.0471942223682047,1.0467479562811575,0.0011176976629527632,0.0015639637500000005,25.80007220276118,45.71352779723882,4.527586118519e-11,35.7568,25.800072204322966,25.80007220432297,25.80007220432298,25.800072204323357,25.80007220432389,25.800072204323918,25.800072204323932,25.800072204323943,25.80007220432401,25.800072204323982,25.800072204323985,25.800072204323985,25.800072204323968,25.80007220432297,25.800072204323165,25.80007220432323,4.5343166687614225e-13,3.704662819764137e-13,4.216524764364499e-13,2.934669211275146e-13,2.9088164742043465e-13,0.0011899319192772682,2.162724976666061e-13,2.3305024541819145e-13,0.0022630452016056766,3.839273840609962e-13,7.478897599161134e-17,1.1432966451472212e-16,5.763881456296222e-17,-1.4055225701897619e-16,-1.5423215847875457e-16,0.0003485344749994769,-1.5420972853162436e-16,-7.306541539801031e-17,0.0007691631879535487,1.2556174269694444e-16,-0.0003250496231828461,-0.0011591636221377655,-0.001367692121876976,-0.001576220621565,-0.0005643464195111302,-0.0007728749193487875,-0.0009814034191675868,0.00020852849989341115,-0.001220402701870081,-0.0016374597016835639,-0.0018459882016193614,-0.0020545167014959943,0.0006255854992986752,0.00041705699957292656,0.00020852849987396658,0.00044626608704719954,2.9209087047705637e-05,-7.505516295217719e-05,-0.00017931941295211719,-3.5741724999179976e-05,-0.00014000597499932833,-0.0002442702249994799,0.00010426425000015146,-0.0002478419379530768,-0.00045637043795338,-0.0005606346879534848,-0.0006648989379535535,0.0003127927499995701,0.00020852849999969687,0.00010426424999984735,-0.008386303745275738,-0.005380050344960591,-0.005380050347101105,-0.005380050345780497,-0.005380050349087694,-0.005380050349640958,-0.005380050349154394,0.02532027907892297,-0.005380050351079315,-0.0053800503517672,-0.005380050352172894,-0.0053800503506464484,0.05300667924641392,-0.005380050346753807,-0.005380050346062614,-0.005380050350577766
3,2013-11-01 03:00:00,optimal,0.036552799685315045,0.00014019438117482622,-1.1808319586374292e-11,0.002802985623137262,0.0029431799999999997,1.6883391878671712,1.6876334471616505,0.0007658492944802221,0.0014715899999999998,27.500934269961185,47.414389864438824,7.64339251613233e-10,37.457662067200005,47.41438828278594,47.414388282785985,47.41438828278601,47.41438828278876,47.41438828279256,47.41438828279262,47.41438828279263,47.414388282792686,47.41438828279319,47.414388282793034,47.414388282793,47.41438828279303,47.414388282792956,47.414388282786,47.41438828278734,47.41438828278774,1.1978011904064395e-12,1.3503662175150265e-12,1.1630330011492092e-12,1.533011097097228e-12,1.6304470199311496e-12,0.0012052911283222893,1.7031387013715252e-12,1.6613441678243553e-12,0.001597694475253412,1.3144909910341828e-12,2.5135445740231537e-16,2.8273307522225303e-16,3.4926906270645123e-16,5.504295968813439e-16,6.543284384835856e-16,0.0003178962593729837,2.210218257331878e-16,-2.003750425050611e-17,0.00044795303510256805,4.179709063254994e-16,0.00014019439197563848,-0.0006446536068562712,-0.0008408656065134126,-0.001037077606357892,-0.0006166551286110269,-0.0008128671279376764,-0.0010090791273147596,0.00019621199930440608,-0.0006166344772213808,-0.0010090584757232873,-0.0012052704748996789,-0.001401482474245875,0.0005886359990222062,0.00039242399932919197,0.0001962119994103389,0.0007057407055207015,0.0003133167055222118,0.00021521070552245374,0.00011710470552274681,-2.357825937403106e-05,-0.00012168425937349323,-0.00021979025937291167,9.810599999985255e-05,4.2576964897252295e-05,-0.0001536350351024278,-0.00025174103510241163,-0.00034984703510250047,0.0002943179999987119,0.00019621199999908694,9.810599999953994e-05,0.0066472313839723565,-0.009303271896948984,-0.009303271889715208,-0.009303271898597497,-0.009303271881055212,-0.009303271874044101,-0.009303271876435346,0.0478448695983282,-0.009303271872988716,-0.009303271867920045,-0.0093032718669191,-0.009303271874970378,0.06645043425318521,-0.009303271891416208,-0.009303271902123465,-0.009303271878012258
4,2013-11-01 04:00:00,optimal,0.05321038062610794,0.0004217298273366973,4.855143205185076e-13,0.0025082201736476442,0.0029299500000000006,1.5052093872141497,1.5045691859338746,0.0008247737197252287,0.0014649750000000003,42.83770516916118,62.75116076363882,3.1301997452382047e-11,52.7944329664,62.75116075430117,62.75116075430117,62.75116075430118,62.75116075430145,62.751160754301836,62.75116075430185,62.751160754301864,62.751160754301864,62.751160754301914,62.7511607543019,62.7511607543019,62.751160754301914,62.751160754301914,62.75116075430117,62.75116075430128,62.75116075430131,7.070245686826362e-14,9.015875490361486e-14,4.7406542324291045e-14,7.402618908091812e-14,1.1575605727893887e-13,0.0011817800216199716,7.858649248285937e-14,1.0736870692016166e-13,0.0013264401509292996,8.886642488818073e-14,8.449893904397571e-18,1.308711300790554e-17,-2.697986538854263e-18,-7.725670349959737e-17,-9.131510139080328e-17,0.0003846951685769149,-1.132096124498924e-16,-9.571693387777681e-17,0.0004400785511489368,9.019137330457371e-18,0.00042172982682001385,-0.0003595901730143967,-0.0005549201729554075,-0.0007502501729391742,-0.000595790021764017,-0.0007911200216733666,-0.0009864500215887911,0.0001953299999525952,-0.0003497901511323098,-0.0007404501510322107,-0.0009357801509743011,-0.001131110150898116,0.0005859899998739439,0.0003906599999316412,0.00019532999992716708,0.0006402012802750763,0.00024954128027506394,0.00015187628027506364,5.421128027504242e-05,-9.170016857665796e-05,-0.00018936516857677338,-0.0002870301685768898,9.766500000013919e-05,4.824644885159768e-05,-0.0001470835511486679,-0.0002447485511487911,-0.00034241355114891184,0.00029299500000001257,0.0001953300000000107,9.766500000000693e-05,0.02646403615962218,-0.012257184225700985,-0.01225718422448008,-0.012257184227162831,-0.012257184225492417,-0.012257184222492635,-0.01225718422287382,0.061900883882758696,-0.012257184225206252,-0.012257184224874372,-0.012257184224547009,-0.012257184223400136,0.07097847491178633,-0.012257184224561176,-0.012257184228462328,-0.012257184223611165
5,2013-11-01 05:00:00,optimal,0.06838288556718435,0.0005418379277013514,4.699421152544404e-13,0.0029625520736465943,0.0035043899999999987,1.495789969486685,1.4950266418390408,0.0009888673523565411,0.0017521949999999994,47.97895316916118,67.89240876363883,5.960978585739518e-11,57.9356809664,67.89240874396121,67.89240874396121,67.89240874396121,67.8924087439617,67.89240874396236,67.89240874396239,67.8924087439624,67.89240874396242,67.8924087439625,67.89240874396246,67.89240874396248,67.89240874396249,67.89240874396249,67.89240874396121,67.8924087439614,67.89240874396147,8.384360985099955e-14,1.282537248054176e-13,1.3172239265367372e-13,1.5540621453791724e-13,1.2832532241147658e-13,0.0013469612709624407,1.54210940355992e-13,1.6312654303687444e-13,0.0016155908008227441,1.2681749023182342e-13,-8.1593033690334e-18,-2.3588135335185456e-17,-1.4789079257440073e-17,-8.539482207990629e-17,-1.1876897886620347e-16,0.0004461505110141242,-1.4104340486843274e-16,-1.24204301899383e-16,0.0005427168413433223,-1.3615892018326107e-17,0.000541837927176547,-0.00039266607246607476,-0.0006262920723926837,-0.0008599180723158308,-0.0006460832710469062,-0.0008797092709810012,-0.0011133352709075583,0.00023362599990067279,-0.00044746080116839806,-0.0009147128009787532,-0.0011483388008760983,-0.0013819648007678577,0.0007008779996716033,0.00046725199974355846,0.000233625999866912,0.0007633276476440476,0.0002960756476439281,0.0001792626476438791,6.244964764382896e-05,-9.571151101374654e-05,-0.00021252451101390742,-0.00032933751101407515,0.00011681300000019178,4.134815865744099e-05,-0.0001922778413429245,-0.00030909084134309956,-0.0004259038413432732,0.0003504390000000958,0.0002336260000000623,0.00011681300000003112,0.036786682028575546,-0.015861431879524338,-0.01586143187650923,-0.01586143187627373,-0.01586143187466578,-0.015861431877016198,-0.015861431876504364,0.07558701328525083,-0.01586143187474693,-0.015861431875358663,-0.015861431874520937,-0.01586143187414163,0.09382491912722468,-0.015861431876606737,-0.01586143187311687,-0.015861431872455867
6,2013-11-01 06:00:00,optimal,0.23344049049001211,0.002338003753113019,1.7273886470175042e-12,0.0031803012539662846,0.005518304999999999,1.4278079063871243,1.426108232692184,0.0010594788050630256,0.0027591524999999997,65.41280626996118,85.32626186443883,4.5665883574574906e-10,75.36953406720001,85.32626182715295,85.32626182715303,85.32626182715308,85.32626182715734,85.32626182716334,85.32626182716358,85.32626182716369,85.32626182716383,85.32626182716457,85.32626182716429,85.32626182716436,85.32626182716447,85.3262618271644,85.32626182715305,85.32626182715458,85.32626182715507,4.449613872784815e-07,4.449606288350673e-07,4.4496112420279e-07,4.449605589467865e-07,4.4496098631875704e-07,0.0012848893082654676,4.449607609278463e-07,4.4496068574651097e-07,0.0018918522549840678,4.4496074558981465e-07,2.2248000006946204e-07,2.2248000016557667e-07,2.2247999922718336e-07,2.2247999804846295e-07,2.2247999815717902e-07,0.00042017908334545095,2.2247999815704638e-07,2.2247999835267536e-07,0.0006375198817309396,2.2248000011965348e-07,0.0023380037510512186,0.0008673456730885733,0.0004999036333829949,0.00013246159417273578,-0.0001816732692985693,-0.0005495602685827165,-0.000917002307930933,0.00036744203957362215,-5.3307176304268795e-05,-0.0007886362153981394,-0.0011565232150006779,-0.0015239652546494983,0.0011032160390155145,0.0007357739994266916,0.0003678869998202202,0.0016996736949405902,0.0009643446549401477,0.0007806236349401557,0.0005969026149391652,0.00013142893665922444,-5.251456334300774e-05,-0.0002362355833451502,0.00018372102000215344,0.00028175265827768727,-8.591186172665489e-05,-0.00026985536172869035,-0.0004535763817306395,0.0005516080200004155,0.0003678870000004113,0.00018394350000025466,0.1994931202435961,-0.03135245559297192,-0.031352455657687066,-0.03135245561541918,-0.031352455663650365,-0.03139042239518042,-0.03135245562718432,0.07824437905116291,-0.03135245564641608,-0.031390422415324984,-0.03139042242234535,-0.03135245565283102,0.13003425836225446,-0.03135245564772482,-0.03139042242269069,-0.03139042244092842
7,2013-11-01 07:00:00,optimal,0.49093340213554393,0.004998271549192374,5.263460635124342e-13,0.0031441559460997272,0.008142427499998496,1.4465285771272625,1.4435107039591824,0.0010533405819219408,0.004071213749999248,71.60743413556118,91.52088973003883,-4.789053598130977e-10,81.5641619328,91.52088972182041,91.52088972182045,91.5208897218205,91.52088972182266,91.52088972182563,91.52088972182575,91.52088972182581,91.52088972182584,91.52088972182635,91.52088972182618,91.52088972182625,91.52088972182631,91.52088972182625,91.52088972182047,91.52088972182156,91.52088972182189,6.616402484189172e-06,6.6164020176542295e-06,6.616402284845179e-06,6.616402113873331e-06,6.616402247831018e-06,0.001513643733955728,6.616402199319386e-06,6.616402119708611e-06,0.0015775809960743635,6.616402046963875e-06,3.30820124933709e-06,3.3082012484941283e-06,3.308201245042109e-06,3.3082012429920407e-06,3.308201242161755e-06,0.0004916411423680731,3.3082012437083274e-06,3.3082012445276285e-06,0.0005352338296087952,3.308201249692107e-06,0.004998271548993134,0.0028401903542724836,0.002303978256617344,0.0017677661592293596,0.00010822536307892694,-0.00043460313685779375,-0.0009708152342828446,0.0005362120974735776,0.0011233286985914313,4.42881011416697e-05,-0.0004985403988482767,-0.001034752496401467,0.0016218690975320477,0.0010856569999062179,0.0005428284999713669,0.003017873168080278,0.0019388325705779236,0.001670726521826335,0.0014026204730712482,0.0003192934063979604,4.787915639014819e-05,-0.0002202268923678812,0.000268106048756491,0.0008152210179160882,0.0002757007191530474,4.286469147064442e-06,-0.0002638195796086022,0.0008109345487516575,0.0005428285000012887,0.0002714142500007375,0.45744625920517606,-0.049074608244241376,-0.04907460828693907,-0.04907460826248552,-0.049074608278133015,-0.049680147310499044,-0.049074608265873086,0.08884987396713463,-0.04907460827031292,-0.04968014731410958,-0.04968014731536864,-0.04907460827759896,0.09470146908260939,-0.04907460828425663,-0.049680147310333087,-0.049680147313674525
8,2013-11-01 08:00:00,optimal,0.4436821844960589,0.00555977574836686,5.776349267930748e-14,0.002357351747141205,0.0079171275,1.4279908178336826,1.4248012643253904,0.0007690102417116976,0.00395856375,55.42023413556118,75.33368973003883,-3.4274556803826073e-10,65.3769619328,75.33368972843185,75.33368972843192,75.33368972843195,75.33368972843581,75.33368972844136,75.33368972844161,75.33368972844175,75.33368972844194,75.3336897284426,75.33368972844234,75.3336897284425,75.33368972844272,75.33368972844275,75.33368972843193,75.3336897284329,75.33368972843323,5.475509966572352e-05,5.47550997331475e-05,5.4755099713190145e-05,5.475509974587456e-05,5.475509974705093e-05,0.001072353608225163,5.4755099743918454e-05,5.47550997533197e-05,0.0008469573429366129,5.4755099734720584e-05,2.737754999988208e-05,2.7377549999789848e-05,2.7377549999124727e-05,2.7377549998394547e-05,2.7377549998464384e-05,0.0003113563687531615,2.7377549998372745e-05,2.7377549998434565e-05,0.00023863347297130717,2.7377549999931682e-05,0.005559775748593533,0.003558051948167954,0.0030849985481855367,0.0026119451481831143,0.000456316791474924,-7.149170854083559e-05,-0.0005445451085094731,0.0004730533999717827,0.0016825749567383834,0.0006817130567488083,0.00015390455674148902,-0.0003191488432209011,0.001528670400375741,0.0010556170003948979,0.0005278085003752615,0.0031895535082921986,0.0021886916082912216,0.0019521649082908509,0.0017156382082897457,0.0004529788312509722,0.00018907458124904552,-4.745211875282427e-05,0.0002365267000019747,0.001026132677036839,0.0005257017270328809,0.0002617974770309507,2.5270777029039053e-05,0.0007643352000007679,0.0005278085000005911,0.00026390425000032467,0.4188384211827775,-0.035636858085762044,-0.035636858080682746,-0.03563685808218621,-0.03563685807972397,-0.03976176179763463,-0.035636858079635354,0.041022592226169774,-0.03563685807987133,-0.03976176179778694,-0.039761761796997475,-0.0356368580791631,0.024042659910974824,-0.03563685808056424,-0.039761761797934725,-0.039761761824724864
9,2013-11-01 09:00:00,optimal,0.36572759012683737,0.005127969176682125,6.370004441150364e-14,0.0030152158209546982,0.008143184999999997,1.4231493573667169,1.4202125199665085,0.0011347550997938703,0.004071592499999999,45.30202420276118,65.21547979723883,-1.5826995963807988e-10,55.258752,65.21547979608803,65.21547979608806,65.21547979608809,65.2154797960898,65.21547979609224,65.21547979609237,65.21547979609244,65.21547979609252,65.2154797960928,65.21547979609268,65.21547979609275,65.21547979609285,65.21547979609286,65.21547979608808,65.21547979608852,65.21547979608864,0.000165171749840806,0.0001651717498679844,0.00016517174986614873,0.0001651717498790391,0.0001651717498785043,0.0008351708489241162,0.00016517174987933976,0.00016517174988824976,0.0008586709748239651,0.00016517174986723884,8.258587499994945e-05,8.25858749998987e-05,8.258587499951557e-05,8.258587499912056e-05,8.258587499912689e-05,0.00023248618651552707,8.258587499909371e-05,8.258587499913345e-05,0.00024158191328532805,8.25858749999774e-05,0.005127969176770148,0.003286796676035059,0.0029090894260547654,0.0025313821760726113,0.0006282944009822621,8.541540089406986e-05,-0.0002922918490757706,0.00037770724996901106,0.001525380525121048,0.000604794275065404,6.191527498449455e-05,-0.00031579197497561,0.0014634652507276174,0.0010857580007465788,0.0005428790006618268,0.002936837400208165,0.0020162511502077214,0.0018273975252075365,0.001638543900206932,0.0004992464384867563,0.0002278069384856973,3.895331348464944e-05,0.000188853625001088,0.0009504438367191243,0.0004901507117169591,0.00021871121171590155,2.9857586714853522e-05,0.0007317326250003453,0.0005428790000002668,0.0002714395000001502,0.3344229702327211,-0.024632359541592888,-0.02463235953982043,-0.024632359539940148,-0.024632359539099497,-0.03540411447186233,-0.024632359539134372,0.019061953168071917,-0.024632359539079888,-0.03540411447176027,-0.03540411447138685,-0.024632359538498818,0.020594525153899035,-0.02463235953986906,-0.03540411447164171,-0.03540411450927574
10,2013-11-01 10:00:00,optimal,0.2755203659426372,0.004062094426933847,2.5244575097541263e-11,0.004164070567318475,0.008226165000000002,1.4346841677000044,1.4322365595323217,0.0016654743323575873,0.004113082500000001,37.30989620276118,57.22335179723882,-1.773480584610354e-09,47.266624,57.22335166545747,57.2233516654581,57.22335166545864,57.22335166549845,57.223351665555946,57.223351665558994,57.223351665560706,57.22335166556284,57.2233516655688,57.22335166556617,57.22335166556785,57.22335166557009,57.22335166557036,57.22335166545824,57.22335166546787,57.22335166547103,0.00027474800065442563,0.00027474800027932675,0.0002747479997367919,0.00027474799983714,0.000274748000174565,0.000786757240387125,0.0002747479997674375,0.0002747479996264079,0.001179329339386244,0.0002747480002508746,0.00013737399999964566,0.000137373999999744,0.0001373740000014443,0.00013737399999453004,0.00013737399999274805,0.00021859537336657673,0.00013737399998954417,0.00013737399998813823,0.00034788695905410056,0.0001373739999991099,0.004062094403627175,0.0024179464069134017,0.002144283409130616,0.0018706204108047794,0.0005837277557406351,3.5316755565301316e-05,-0.00023834624232361878,0.0002736629982961947,0.0010132296568378877,0.00019115565791352193,-0.0003572553428852207,-0.0006309183413225199,0.00137048499930611,0.0010968220014948874,0.0005484110001297123,0.002447608167682817,0.0016255341676761632,0.0014887026676742648,0.0013518711676733324,0.000466647126657721,0.0001924416266476931,5.561012663695001e-05,0.00013683150001408818,0.0007483925410067066,0.0003373555409794858,6.31500409650152e-05,-7.368145905047273e-05,0.0006852425000053821,0.0005484110000034229,0.0002742055000015694,0.23244665644615126,-0.015659914049375657,-0.015659914070840074,-0.015659914101885736,-0.01565991409614348,-0.031381915631053754,-0.01565991407683489,0.013638970731812122,-0.01565991410013209,-0.03138191565695919,-0.03138191566671625,-0.015659914108202277,0.03610326200688549,-0.015659914072468202,-0.03138191569920915,-0.031381915628508665
11,2013-11-01 11:00:00,optimal,0.24005419719348547,0.0042018660265807665,9.23978781694064e-13,0.004003276480523138,0.008205142499999998,1.500775574132605,1.4982085771379539,0.0015355742553575002,0.004102571249999999,27.336648202761182,47.25010379723882,2.920021863195288e-10,37.293376,47.25010379423545,47.250103794235606,47.25010379423573,47.25010379424561,47.25010379425983,47.25010379426057,47.25010379426099,47.25010379426151,47.25010379426293,47.25010379426228,47.250103794262635,47.25010379426313,47.250103794263154,47.250103794235635,47.25010379423828,47.250103794239145,0.00024775800135255137,0.0002477580013710362,0.00024775800132719795,0.00024775800139144327,0.00024775800144131413,0.000678399864479554,0.00024775800142985135,0.0002477580014151635,0.0013428125956408213,0.0002477580013650843,0.00012387899999988851,0.00012387899999960673,0.00012387899999911296,0.00012387899999868554,0.00012387899999862062,0.0001733631176433998,0.00012387899999856985,0.00012387899999863412,0.00037117913772477274,0.00012387900000006047,0.004201866025270704,0.0025093440301994824,0.002210092531184435,0.0019108410321254544,0.0007148706333979731,0.00016786113485181155,-0.00013139036409321204,0.0002992514989565239,0.0008967188997325956,5.045790224486605e-05,-0.0004965515962832555,-0.0007958030952544587,0.0013932704960376936,0.001094018997016698,0.0005470094982977238,0.0025669969946510328,0.001720735994650364,0.0015711102446496277,0.00142148449464824,0.0005232721323615634,0.0002497673823594679,0.00010014163235734833,0.0001496257500021954,0.0007485866122846383,0.00032545611228027504,5.195136227812506e-05,-9.767438772400643e-05,0.0006966352500003636,0.0005470095000001963,0.0002735047500000964,0.1985386058417548,-0.014139664371672455,-0.014139664370799044,-0.014139664372870406,-0.014139664369834808,-0.025846255564484433,-0.014139664367478405,0.0062082083592213564,-0.014139664368020022,-0.02584625556377638,-0.025846255563630564,-0.014139664368714024,0.037601778868802685,-0.014139664371080272,-0.02584625557266029,-0.025846255552755566
12,2013-11-01 12:00:00,optimal,0.28262581546871246,0.004901078589699455,2.3056928212987873e-13,0.00371897141841423,0.00862005,1.493278463426791,1.4903967639282896,0.0014283255015001557,0.004310025,29.89761013556118,49.81106573003882,3.9266637510970703e-10,39.8543379328,49.811065729597395,49.81106572959742,49.81106572959745,49.81106572959937,49.81106572960215,49.811065729602284,49.81106572960237,49.81106572960247,49.81106572960275,49.81106572960263,49.8110657296027,49.81106572960281,49.811065729602824,49.81106572959743,49.811065729597914,49.81106572959808,0.00023676075103076097,0.00023676075098933328,0.00023676075092274307,0.0002367607509746081,0.00023676075103165972,0.0007480776428894723,0.00023676075097117482,0.00023676075093547784,0.0010768077592280116,0.00023676075098447762,0.00011838037499999127,0.00011838037499996222,0.00011838037499991406,0.00011838037499987976,0.0001183803749998754,0.0001920103057463967,0.00011838037499988083,0.00011838037499988899,0.00028927219575468094,0.00011838037500000806,0.004901078588976223,0.0030759200924297394,0.0027380108429264096,0.002400101593356471,0.0007391716058392859,0.00016450160706429334,-0.00017340764239675928,0.00033790924952154514,0.0013230207379990827,0.00041044148965994654,-0.0001642285091780505,-0.0005021377587352923,0.001487249247084582,0.0011493399975763972,0.0005746699985986362,0.0028816994985014464,0.001969120248501308,0.0018001656235012056,0.0016312109985010257,0.000551614319254269,0.0002642793192540077,9.532469425374394e-05,0.00016895462500026324,0.0009106420542465001,0.00045435242924597616,0.0001670174292457191,-1.937195754536321e-06,0.0007436246250000939,0.00057467000000006,0.00028733500000003036,0.24412794776595714,-0.016831619811045657,-0.016831619813109214,-0.01683161981642614,-0.01683161981384269,-0.028624925057266305,-0.016831619811000887,0.00863761949798206,-0.016831619814013706,-0.02862492505938786,-0.02862492506040427,-0.01683161981579181,0.025012016930219236,-0.016831619813351077,-0.028624925067368568,-0.02862492504848386
13,2013-11-01 13:00:00,optimal,0.44255809760430487,0.005396079928261963,8.499398904852608e-14,0.0028492400716208866,0.008245319999999997,1.420723354058452,1.417679420500843,0.0010787264423925153,0.0041226599999999985,56.61856723636118,76.53202283083883,-1.5470513758941706e-11,66.5752950336,76.53202282990415,76.53202282990418,76.5320228299042,76.5320228299057,76.53202282990787,76.53202282990799,76.53202282990803,76.53202282990812,76.53202282990836,76.53202282990826,76.53202282990831,76.5320228299084,76.53202282990841,76.53202282990418,76.53202282990458,76.5320228299047,0.0001554332501218186,0.0001554332501315107,0.00015543325013320434,0.00015543325013825526,0.00015543325013264234,0.0007658701866358209,0.00015543325013425788,0.0001554332501315255,0.000839903884103175,0.00015543325012953724,7.771662499992933e-05,7.771662499987602e-05,7.771662499945205e-05,7.771662499901824e-05,7.771662499908413e-05,0.00021773133055618898,7.771662499903053e-05,7.771662499906411e-05,0.00023926211184401402,7.771662499996193e-05,0.0053960799281896395,0.0035081944278484846,0.0031139396779926655,0.0027196849281385183,0.0007277605630375401,0.0001780725632063097,-0.00021618218664843402,0.0003942547498531338,0.0015976696152518507,0.0006537268655695888,0.00010403886574009163,-0.00029021588411577855,0.0014936307504756438,0.001099376000617851,0.0005496880007932566,0.0030439335576092435,0.0020999908076087185,0.0019028634326085218,0.00170573605760787,0.0005290840444461397,0.00025424004444502967,5.711266944396313e-05,0.00019712737500112592,0.0009795246381606002,0.0005075532631583363,0.00023270926315723374,3.558188815614194e-05,0.0007468153750004127,0.0005496880000003252,0.00027484400000018025,0.41297291225522736,-0.03017311351847513,-0.03017311351773337,-0.030173113517603753,-0.0301731135172172,-0.04206873455337352,-0.030173113517646767,0.016544860043031247,-0.030173113517523126,-0.042068734553212236,-0.04206873455324026,-0.030173113517732244,0.02221080866778501,-0.030173113517884403,-0.04206873455286931,-0.042068734627002786
14,2013-11-01 14:00:00,optimal,0.598393023550046,0.0065579073039771715,5.543356241001636e-14,0.0024917126951422256,0.009049620000000001,1.4353066292329157,1.4316622920403552,0.000880472807441041,0.004524810000000001,67.35527220276117,87.26872779723882,-8.16866366215585e-11,77.312,87.26872779636275,87.26872779636278,87.26872779636281,87.26872779636446,87.26872779636682,87.26872779636693,87.26872779636697,87.26872779636705,87.26872779636734,87.26872779636723,87.2687277963673,87.26872779636739,87.2687277963674,87.2687277963628,87.26872779636332,87.26872779636349,8.877850002624224e-05,8.877850004208822e-05,8.877850003759699e-05,8.87785000418341e-05,8.877850003953164e-05,0.0008427219267835436,8.877850004039135e-05,8.877850004330357e-05,0.0009387627684843626,8.877850004181378e-05,4.4389249999582056e-05,4.438924999924896e-05,4.438924999799983e-05,4.438924999722424e-05,4.438924999724223e-05,0.00024459712144249684,4.438924999738559e-05,4.438924999754461e-05,0.0002807616860217856,4.4389249999608585e-05,0.006557907303980273,0.004322232303748583,0.0038077028038492056,0.0032931733039453176,0.0008784235729706509,0.000275115573059951,-0.00023941392684203046,0.0005145294999011296,0.00190022023107499,0.0007823827312640451,0.00017907473135538572,-0.00033545476854283625,0.0017211455003164676,0.0012066160004168163,0.0006033080005040683,0.0036443371925604967,0.002526499692558364,0.002269234942557547,0.0020119701925554547,0.0006159756285634432,0.0003143216285605194,5.705687855763282e-05,0.0002572647500027477,0.0011387298139891079,0.0005798110639835849,0.00027815706398093303,2.089231397834591e-05,0.0008605727500016753,0.0006033080000012342,0.00030165400000065496,0.5723002274197253,-0.044902334876408496,-0.044902334875025644,-0.04490233487541759,-0.04490233487504782,-0.05264992162667902,-0.04490233487524875,0.020893348807131392,-0.04490233487517373,-0.052649921626601266,-0.052649921626500056,-0.044902334874919576,0.02927471087885373,-0.04490233487504959,-0.052649921626860975,-0.052649921678464565
15,2013-11-01 15:00:00,optimal,0.7939152982477646,0.007967815388231131,-2.4429381366644702e-14,0.0024711946097004745,0.010439010000000004,1.487654844062367,1.4832497273658736,0.0008143883035073668,0.005219505000000002,76.42976723636117,96.34322283083883,-1.9692213137911807e-10,86.3864950336,96.3432228307916,96.34322283079162,96.34322283079165,96.34322283079256,96.34322283079383,96.34322283079392,96.34322283079398,96.34322283079402,96.34322283079419,96.3432228307941,96.34322283079419,96.34322283079425,96.34322283079426,96.34322283079163,96.34322283079185,96.3432228307919,1.4213879827389808e-05,1.421387981217394e-05,1.4213879855741422e-05,1.4213879813097687e-05,1.4213879831355994e-05,0.0011302401976219193,1.4213879849848016e-05,1.4213879855388657e-05,0.0012272433743412301,1.4213879855316166e-05,7.1069399999557204e-06,7.106939999920597e-06,7.1069400000671425e-06,7.106940000277378e-06,7.10694000027969e-06,0.00035633105018365133,7.106940000372253e-06,7.106940000389526e-06,0.00040120173332159747,7.1069399999384266e-06,0.00796781538838333,0.005212507148052754,0.004530787027992697,0.003849066907976196,0.0009433479223212128,0.0002474139222912556,-0.0004343061977496533,0.0006817201200224213,0.0022239988655958194,0.0008463447455555729,0.00015041074554792455,-0.0005313093744689583,0.0020735881202857387,0.0013918680002688256,0.0006959340002137044,0.004405116696493533,0.0030274625764932393,0.002686602516493123,0.002345742456493138,0.0006804630098160225,0.00033249600981622487,-8.364050183573094e-06,0.00034086005999970883,0.0013244193866773155,0.0006355923266778784,0.00028762532667817313,-5.3234733321517475e-05,0.0010367940600002287,0.0006959340000001433,0.00034796700000006616,0.7676450134253159,-0.06567911344602383,-0.06567911344748976,-0.06567911344329233,-0.06567911344740077,-0.06704852445271683,-0.0656791134456417,0.04184245877428238,-0.06567911344386013,-0.06704852445154764,-0.06704852445056689,-0.06567911344332632,0.0511880574442456,-0.0656791134433333,-0.0670485244551441,-0.06704852447042242
16,2013-11-01 16:00:00,optimal,1.1324634564010854,0.009310513966891483,1.417974993609328e-12,0.0029435335284528153,0.0122540474999985,1.5475778001177702,1.5422950146387926,0.0008442382710278347,0.00612702374999925,98.34772020276117,118.26117579723882,-7.181025912794681e-10,108.304448,118.26117579670269,118.26117579670276,118.26117579670317,118.26117579671529,118.26117579673146,118.26117579673296,118.26117579673354,118.26117579673392,118.26117579673759,118.26117579673641,118.26117579673833,118.26117579673965,118.26117579673993,118.26117579670301,118.26117579670627,118.2611757967072,2.0144729595906259e-07,2.014472505533336e-07,2.0144736610143563e-07,2.0144726028623147e-07,2.0144732075066613e-07,0.0013464911094050703,2.0144732698233495e-07,2.0144734929425576e-07,0.0015954308416105591,2.014473478292127e-07,1.007237487005183e-07,1.0072374729047042e-07,1.0072375492052252e-07,1.0072376496573007e-07,1.007237665136858e-07,0.000382131073169247,1.0072376913256639e-07,1.0072377013222504e-07,0.00046130140773890325,1.007237480113185e-07,0.009310513965853237,0.00604317086137908,0.00522643580900946,0.00440970075675526,0.0011041169422767606,0.00028718044251511445,-0.000529554609784604,0.0008167350522935759,0.0024888487621183455,0.0008551772100475415,3.824071028139523e-05,-0.0007784943419899311,0.0024506080521499523,0.001633872999877609,0.0008169365000203984,0.005282785478977608,0.003649113926470765,0.00324074640021786,0.0028323788739724656,0.0008431729530497905,0.00043470470306521694,2.6337176831242244e-05,0.0004083675262313792,0.0015808383946871376,0.0007640026184732866,0.00035553436849193235,-5.283315773842171e-05,0.0012253040262554542,0.0008169365000033494,0.00040846825000149145,1.101072328828518,-0.09658804764714998,-0.09658804765251973,-0.09658804763885487,-0.0965880476513687,-0.0966118710579275,-0.0965880476442181,0.06262575075681907,-0.09658804764348114,-0.09661187105976167,-0.0966118710584447,-0.09658804764084251,0.09206565618995648,-0.09658804764101576,-0.09661187106925707,-0.09661187108855451
17,2013-11-01 17:00:00,optimal,1.3314114966356796,0.009920934184712392,4.4092683574456615e-11,0.0028728283543006244,0.012793762499999996,1.6192966296728961,1.6136262558673216,0.0007265074445697966,0.006396881249999998,111.20084310196117,131.11429869643882,-6.66017116457418e-10,121.1575708992,131.11429869090537,131.11429869090676,131.11429869090776,131.11429869099567,131.11429869112314,131.11429869112888,131.11429869113218,131.1142986911365,131.11429869115017,131.11429869114443,131.11429869114713,131.1142986911516,131.11429869115187,131.1142986909069,131.11429869092575,131.11429869093186,1.173918083793545e-12,9.20786473878097e-13,1.1575716823864955e-12,9.76889709745249e-13,1.1071438588412597e-12,0.0013438195751061877,1.0742687145267669e-12,1.0283657922468937e-12,0.0015290087652769472,1.0030496813696884e-12,-8.813802870533527e-16,-1.7688336990483578e-15,-2.870789229812314e-15,-4.9171794346867994e-15,-5.082883983946427e-15,0.0003388861490719222,-5.330948555332535e-15,-5.336690603585093e-15,0.0003876212955423794,-9.051163123352423e-16,0.009920934140940176,0.006509264146565275,0.005656346647806506,0.004803429149282652,0.001214932921691043,0.00036201542315523387,-0.0004909020754218689,0.000852917498610472,0.002735578728884432,0.0010297437316807085,0.00017682623306440633,-0.000676091265592079,0.002558752495869293,0.001705834997192799,0.0008529174985562078,0.005670373805574804,0.003964538805556208,0.003538080055548592,0.0031116213055372354,0.000940490100975905,0.0005140313509584248,8.7572600940779e-05,0.0004264587500184121,0.0017446724545441244,0.000891754954507546,0.0004652962044892635,3.8837454470786756e-05,0.0012793762500145007,0.0008529175000099293,0.00042645875000502066,1.300776322206013,-0.11182967969978283,-0.111829679732972,-0.11182967970192609,-0.11182967972561607,-0.1118296797031311,-0.11182967970853788,0.06436428130345796,-0.1118296797128483,-0.11182967971060825,-0.11182967971361457,-0.11182967971886683,0.08864523209783379,-0.11182967972218613,-0.11182967971689436,-0.11182967970633732
18,2013-11-01 18:00:00,optimal,1.2168713350095313,0.011045674115048705,5.48477973302171e-13,0.0016163433566694482,0.012662017499999996,1.486003084911292,1.4801174535023982,0.000445377341155066,0.006331008749999998,88.69338613556117,108.60684173003882,-3.131170225878499e-09,98.6501139328,108.60684172755165,108.60684172755292,108.60684172755441,108.60684172764354,108.60684172777052,108.60684172777827,108.60684172778255,108.60684172778726,108.60684172780321,108.60684172779659,108.60684172780283,108.60684172780915,108.60684172781033,108.60684172755343,108.60684172757183,108.60684172757762,-1.3368036467669238e-12,-1.034226801652399e-12,-8.420256024865536e-13,-9.955732846809461e-13,-9.291411960076613e-13,0.0007651861074039956,-8.449624534480563e-13,-7.605694102750706e-13,0.0008511572629877983,-8.350973492262968e-13,-6.389424146400783e-15,-1.2516450854886152e-14,-1.2578285064857349e-14,-6.495684384760773e-15,-5.782752163457577e-15,0.00020610153671596097,-2.7429757470131397e-16,7.233808877003493e-16,0.0002392758045111221,-7.11391713856301e-15,0.011045674116303394,0.0076691361175288035,0.00682500161829773,0.005980867119258083,0.0017672173889396782,0.0009230828899226326,7.894839079475901e-05,0.0008441344990440392,0.003369515231124236,0.0016812462330933638,0.0008371117341712686,-7.022764788543622e-06,0.0025324034992409714,0.0016882690002090345,0.0008441345008759694,0.0058856314088937345,0.004197362408861516,0.003775295158847032,0.0033532279088315875,0.0010601002133085677,0.0006380329632983025,0.00021596571328829606,0.0004220672500046749,0.0018710604455123203,0.0010269259455015153,0.0006048586954968304,0.000182791445493212,0.0012662017500247264,0.0008441345000163219,0.00042206725000800706,1.1996357803276405,-0.09167878218345198,-0.09167878215059007,-0.0916787821297157,-0.09167878214639202,-0.09167878212714424,-0.09167878213917705,-0.008574335579318866,-0.09167878213003466,-0.09167878212383188,-0.09167878211678256,-0.091678782120869,0.0007627201083059114,-0.09167878212896324,-0.09167878216164072,-0.09167878232920491
19,2013-11-01 19:00:00,optimal,0.980984110387954,0.010630176249344724,4.384275824894891e-13,0.0009579687829516461,0.011588145000000001,1.5424153084656826,1.5368589646700017,0.0002377287043298519,0.0057940725000000005,71.40449013556119,91.31794573003884,2.909201934908623e-09,81.36121793280002,91.31794572956173,91.31794572956194,91.3179457295621,91.31794572957591,91.31794572959595,91.31794572959701,91.31794572959768,91.31794572959848,91.31794572960045,91.31794572959953,91.31794572960017,91.31794572960102,91.31794572960119,91.31794572956197,91.31794572956456,91.31794572956541,3.3058324841776037e-12,2.9563408389975313e-12,3.2885993783046124e-12,3.045275674103286e-12,3.1999463282116586e-12,0.0003031617192649194,3.1724673363978588e-12,3.1105816297217125e-12,0.0006548070225916117,3.0292255802446873e-12,-1.180502382079856e-16,-2.0906654364596184e-16,-3.0516925701459147e-16,-4.957239929886297e-16,-4.940228923350264e-16,7.429024778103803e-05,-5.5946444186450905e-16,-5.761003472377355e-16,0.00016343845655359827,-1.332532564274817e-16,0.010630176246915403,0.007540004251690686,0.006767461252656133,0.005994918253953697,0.0020144672802977557,0.0012419242815176576,0.0004693812827263468,0.0007725429988188242,0.0032079079747099784,0.0016628219770853994,0.0008902789782804022,0.00011773597939968638,0.0023176289965396546,0.0015450859975779858,0.0007725429987570977,0.005556343795680978,0.004011257795679344,0.0036249862956787,0.003238714795677761,0.0010845242522227862,0.000698252752221356,0.00031198125221991734,0.00038627150000154233,0.0017679190434535554,0.000995376043450494,0.0006091045434489538,0.00022283304344739068,0.001158814500001278,0.0007725430000008762,0.00038627150000044306,0.9707258577933012,-0.07054703944587097,-0.07054703947778583,-0.07054703944744466,-0.0705470394696645,-0.07054703945451707,-0.07054703945554029,-0.042862934320638264,-0.0705470394580496,-0.07054703945685717,-0.07054703945678717,-0.07054703946370088,-0.010751407595396107,-0.07054703947113014,-0.07054703945827127,-0.07054703945244543
20,2013-11-01 20:00:00,optimal,0.8074444092284546,0.010100293692633999,-7.947704485450633e-14,0.0006763513024423055,0.010776644999998503,1.614440228992406,1.6092192811745716,0.00016737468216709966,0.005388322499999251,59.30515826996119,79.21861386443884,-3.8363343751735e-10,69.26188606720001,79.21861386436507,79.2186138643651,79.21861386436511,79.21861386436666,79.2186138643689,79.21861386436903,79.2186138643691,79.2186138643692,79.21861386436943,79.21861386436932,79.21861386436939,79.21861386436947,79.21861386436949,79.2186138643651,79.21861386436538,79.21861386436548,-3.3799034912459215e-13,-3.235221119916298e-13,-3.4720151623490433e-13,-3.8835733580109275e-13,-2.736420950760825e-13,0.00010595466767980436,-3.312899601810533e-13,-2.754117954930997e-13,0.0005703966395871504,-2.8760627276420774e-13,-7.444837696688913e-19,2.9172649891990906e-18,-3.4405138270309425e-17,-1.2152188676441194e-16,-1.5361505567397416e-16,2.60776990994164e-05,-1.6525522042990976e-16,-1.5881295041399267e-16,0.0001412969830687857,1.866129081146368e-18,0.010100293693016193,0.0072265216922577724,0.006508078692237066,0.005789635692192652,0.002049374331957042,0.0013309313319883553,0.0006124883320174552,0.0007184430000285541,0.003021818360149998,0.001584932360094926,0.0008664893600827944,0.00014804636011011643,0.0021553290007232466,0.0014368860007384565,0.0007184430006291057,0.005220947817834369,0.0037840618178343346,0.0034248403178342986,0.0030656188178341845,0.0010515868009013146,0.0006923653009010272,0.0003331438009007298,0.00035922150000031715,0.0016548105169326092,0.000936367516931988,0.0005771460169316798,0.0002179245169313678,0.0010776645000000352,0.0007184430000000331,0.00035922150000001937,0.8001312659597507,-0.05691405862732324,-0.056914058626177086,-0.05691405862805293,-0.056914058631313234,-0.056914058622050366,-0.056914058622225656,-0.048520476694494566,-0.05691405862679244,-0.05691405862663128,-0.05691405862549147,-0.05691405862236584,-0.011728027459562229,-0.05691405862333188,-0.056914058633198934,-0.056914058674373075
21,2013-11-01 21:00:00,optimal,0.7071063913436009,0.009107077434849177,9.855479399946447e-13,0.0003798376429723922,0.009486915000000002,1.4899576619154729,1.4853106356252161,9.643120975605684e-05,0.004743457500000001,57.27572020276117,77.18917579723882,5.930909027784814e-09,67.23244799999999,77.18917579628243,77.18917579628277,77.18917579628304,77.18917579630535,77.1891757963377,77.18917579633947,77.18917579634058,77.18917579634191,77.18917579634498,77.1891757963435,77.18917579634456,77.18917579634598,77.18917579634629,77.18917579628281,77.18917579628712,77.18917579628851,7.508525819036063e-12,6.743545770534587e-12,7.254074715963866e-12,6.871356629966709e-12,6.600635414640628e-12,2.3164542788870308e-05,6.724618932697379e-12,6.428463796043311e-12,0.00035667300586650894,6.588477542355383e-12,-2.1172962357940423e-16,-3.84516684533204e-16,-7.482395435884301e-16,-1.2344242921604601e-15,-1.2496023536286933e-15,5.6000146529481085e-06,-1.3108542059980613e-15,-1.301789903730988e-15,9.083119511415962e-05,-2.1714430342305266e-16,0.009107077429061654,0.006577233443337608,0.005944772445279176,0.005312311447731107,0.0018742184582984163,0.0012417574602153192,0.0006092964620135455,0.0006324609980778307,0.002805631991501668,0.0015407099954763302,0.0009082489973100032,0.0002757879989359833,0.0018973829884305993,0.0012649219902171006,0.0006324609925186807,0.004647026290256777,0.003382104290254451,0.003065873790253548,0.0027496432902520455,0.0009430914853529068,0.0006268609853505429,0.00031063048534817837,0.000316230500002469,0.0014903213048968085,0.0008578603048918935,0.0005416298048894524,0.0002253993048869957,0.0009486915000018267,0.0006324610000012787,0.000316230500000656,0.7029678010328563,-0.04881914273371566,-0.048819142792763844,-0.048819142753356526,-0.04881914278289822,-0.04881914279463517,-0.04881914280379497,-0.047031091347721966,-0.048819142794224786,-0.048819142784166145,-0.04881914280105483,-0.04881914281708476,-0.021287847961674145,-0.04881914280473342,-0.048819142764971804,-0.04881914236515089
22,2013-11-01 22:00:00,optimal,0.2799119898692462,0.007523462117989354,1.0738829243845014e-12,0.00032482292245429475,0.007848285,1.5332425427432417,1.5293935131205558,7.511287731734527e-05,0.0039241425,16.82221523636118,36.73567083083882,1.4462747388588326e-09,26.7789430336,36.735670830450225,36.73567083045029,36.73567083045035,36.735670830455,36.735670830461736,36.73567083046211,36.73567083046234,36.73567083046261,36.73567083046328,36.735670830462965,36.73567083046319,36.735670830463484,36.735670830463555,36.7356708304503,36.73567083045127,36.735670830451596,4.421941631579652e-12,4.3804317864532235e-12,4.362731875384887e-12,4.3221272574605006e-12,4.351558737052403e-12,2.70087848446529e-05,4.337339123318198e-12,4.294819118801883e-12,0.0002978140816384969,4.3748393191915615e-12,-5.865460464960946e-16,-1.14902369069713e-15,-1.811339186960095e-15,-2.4956756081876098e-15,-2.5754268501054245e-15,6.166443831436969e-06,-2.5616929083562307e-15,-2.522461651269097e-15,6.89464335092582e-05,-6.361489698400572e-16,0.0075234621144549315,0.005430586121556408,0.004907367123476299,0.004384148125378449,0.0015426482138542106,0.001019429215725089,0.0004962102176159982,0.0005232189981233254,0.0023182809133857223,0.0012718429171329605,0.0007486239189880224,0.00022540492082217278,0.0015696569948599264,0.0010464379967742262,0.000523218998626915,0.0038490296226858147,0.0028025916226828607,0.0025409821226815843,0.0022793726226795876,0.0007786620561744929,0.0005170525561716924,0.0002554430561688415,0.00026160950000284696,0.0012391010665023289,0.0007158820664966593,0.00045427256649383565,0.0001926630664910277,0.0007848285000022966,0.0005232190000015799,0.000261609500000796,0.27637942783236896,-0.019220800793794342,-0.019220800795319237,-0.019220800795969457,-0.01922080079746109,-0.019220800797115828,-0.019220800796379906,-0.018228615126653712,-0.019220800796902276,-0.019220800797126892,-0.019220800797696218,-0.019220800798464274,-0.008280400884492684,-0.019220800795524677,-0.019220800797787638,-0.019220800815405982
23,2013-11-01 23:00:00,optimal,0.33852645667091597,0.005304308039605984,-2.2075012770558766e-12,0.00039169439238549003,0.005696002499999999,1.4794813249812528,1.4767303274336547,9.700370240916046e-05,0.0028480012499999996,43.11795826996118,63.03141386443882,-4.14753157512715e-09,53.0746860672,63.03141386163078,63.031413861631236,63.03141386163161,63.031413861661534,63.03141386170472,63.031413861707,63.0314138617084,63.03141386171013,63.03141386171435,63.03141386171238,63.03141386171373,63.031413861715585,63.03141386171598,63.03141386163132,63.03141386163789,63.03141386164,-4.163454049456316e-12,-3.4891592401263914e-12,-3.475100294160332e-12,-3.1701939007595284e-12,-3.2162860133579813e-12,0.0001373693275317742,-3.1548586160082307e-12,-2.9130909856230575e-12,0.00025432513023215006,-3.5106972808440084e-12,-9.107443819626473e-17,-1.573294457192723e-16,-2.7369701153262114e-16,-4.2722426963544404e-16,-4.297456167837069e-16,3.350055349055424e-05,-4.475251325438944e-16,-4.3435564643174854e-16,6.350314892254451e-05,-1.0694659211610676e-16,0.005304308045926225,0.0037853740259968733,0.0034056405266204527,0.003025907027258002,0.0010018311666449922,0.0006220976674595692,0.00024236416835575524,0.0003797334990424195,0.0016443423615553241,0.000884875363407556,0.0005051418644561662,0.0001254083656554683,0.0011392005198786479,0.0007594670204806954,0.0003797335214639551,0.0027509975475979785,0.0019915305475966274,0.0018016637975961731,0.0016117970475954722,0.0005360996965121319,0.00034623294651109257,0.00015636619651005613,0.0001898667500010763,0.0008858306010823031,0.0005060971010801611,0.00031623035107911085,0.00012636360107806438,0.0005696002500010856,0.00037973350000076414,0.0001898667500003929,0.3343380354331222,-0.023935139658053967,-0.023935139615552214,-0.02393513961466606,-0.023935139595447377,-0.02393513960349713,-0.02393513959835263,-0.0152765564600764,-0.02393513959448077,-0.023935139598447935,-0.023935139588741692,-0.023935139579241815,-0.007904666856549775,-0.023935139616909785,-0.02393513959287873,-0.023935141007757486
