,Timestep,P Feed In,P Feed Out,P Local Gen,P Local Dem,Q Feed In,Q Feed Out,Q Local Gen,Q Local Dem,FT,GT,Surplus,Spot,Shadow Price 0,Shadow Price 1,Shadow Price 2,Shadow Price 3,Shadow Price 4,Shadow Price 5,Shadow Price 6,Shadow Price 7,Shadow Price 8,Shadow Price 9,Shadow Price 10,Shadow Price 11,Shadow Price 12,Shadow Price 13,Shadow Price 14,Shadow Price 15,B_min7,Bat_SOC0[7],B_max7,u_bat7,u_load7,batt_self7,GenP0[7],B_min12,Bat_SOC0[12],B_max12,u_bat12,u_load12,batt_self12,GenP0[12],B_min1,Bat_SOC0[1],B_max1,u_bat1,u_load1,batt_self1,GenP0[1],B_min2,Bat_SOC0[2],B_max2,u_bat2,u_load2,batt_self2,GenP0[2],B_min3,Bat_SOC0[3],B_max3,u_bat3,u_load3,batt_self3,GenP0[3],B_min4,Bat_SOC0[4],B_max4,u_bat4,u_load4,batt_self4,GenP0[4],B_min6,Bat_SOC0[6],B_max6,u_bat6,u_load6,batt_self6,GenP0[6],B_min8,Bat_SOC0[8],B_max8,u_bat8,u_load8,batt_self8,GenP0[8],B_min11,Bat_SOC0[11],B_max11,u_bat11,u_load11,batt_self11,GenP0[11],B_min13,Bat_SOC0[13],B_max13,u_bat13,u_load13,batt_self13,GenP0[13],GenQ0[7],GenQ0[12],GenQ0[1],GenQ0[2],GenQ0[3],GenQ0[4],GenQ0[6],GenQ0[8],GenQ0[11],GenQ0[13],FloP0[1],FloP0[2],FloP0[3],FloP0[4],FloP0[5],FloP0[6],FloP0[7],FloP0[8],FloP0[9],FloP0[10],FloP0[11],FloP0[12],FloP0[13],FloP0[14],FloP0[15],FloQ0[1],FloQ0[2],FloQ0[3],FloQ0[4],FloQ0[5],FloQ0[6],FloQ0[7],FloQ0[8],FloQ0[9],FloQ0[10],FloQ0[11],FloQ0[12],FloQ0[13],FloQ0[14],FloQ0[15],Balance N0,Balance N1,Balance N2,Balance N3,Balance N4,Balance N5,Balance N6,Balance N7,Balance N8,Balance N9,Balance N10,Balance N11,Balance N12,Balance N13,Balance N14,Balance N15
0,2013-11-01 00:00:00,-1.0271580616917936e-12,0.07061465647048197,0.06800000007077016,0.004165080000000001,1.2551826950783502,1.253100155078362,3.962961145599623e-15,0.0020825400000000003,65.54750674635001,84.60726925364999,-6.836941499055449e-09,75.077388,65.54750674641079,65.54750674641032,65.54750674640984,65.54750674637566,65.54750674632469,65.5475067463205,65.54750674631713,65.5475067463138,65.5475067463107,65.54750674631349,65.54750674631005,65.54750674630579,65.54750674630377,65.54750674641029,65.54750674641218,65.54750674641278,0.012,0.020000000002379434,0.048,-2.844906040018936e-13,0.002448578658935647,-3.137457125734548e-12,0.01000000000298935,0.012,0.02000000000237939,0.048,-2.8657001158778404e-13,0.004331157656439838,-3.1374895202821034e-12,0.01000000000298734,0.004,0.003999999999851063,0.016,7.922739257813928e-13,1.5636148827945383e-12,-3.1381329217108954e-12,0.006000000007044574,0.004,0.003999999999851061,0.016,7.921810201021194e-13,1.5639130027085236e-12,-3.1381347419457056e-12,0.006000000007044487,0.004,0.003999999999850947,0.016,7.920268155417771e-13,1.5645750063030094e-12,-3.1382581827636326e-12,0.006000000007044689,0.004,0.003999999999850777,0.016,7.919427700515635e-13,1.5650931975868076e-12,-3.13843885702464e-12,0.006000000007045127,0.004,0.003999999999850752,0.016,7.919396278490045e-13,1.5651443034836566e-12,-3.138468430656103e-12,0.006000000007045206,0.004,0.003999999999850732,0.016,7.91921341506645e-13,1.5652317073930668e-12,-3.1384895663534415e-12,0.006000000007045249,0.004,0.0039999999998507185,0.016,7.919728298527859e-13,1.5650915612351514e-12,-3.1385062419948938e-12,0.006000000007045347,0.004,0.003999999999851063,0.016,7.922202849822317e-13,1.56378655360374e-12,-3.138133623150295e-12,0.006000000007044522,3.6453964825223145e-16,3.8097540777105046e-16,7.121127289276683e-17,1.4712442251208765e-16,2.278183699802309e-16,3.515569049232303e-16,3.5976997535830115e-16,3.7732340199680753e-16,3.79951393378424e-16,6.782161787603484e-17,-0.07061465646804042,-0.059725344426639314,-0.054003016414562205,-0.04828068840248411,-0.01761556268609877,-0.01789323467747344,-0.012170906665394048,-0.005722328012079541,-0.02494279770430611,-0.019498141683601134,-0.019775813674975776,-0.014053485662896261,-0.005166984029324223,0.0005553439827527906,0.00027767199137660424,0.0020825399999881114,0.0015271959999889223,0.0013883599999893635,0.0012495239999900471,0.00041650799999675737,0.0002776719999978271,0.0001388359999989064,0.00013883599999886805,0.0006941799999943443,0.00041650799999659247,0.0002776719999977173,0.00013883599999885707,0.0004165079999994028,0.0002776719999996063,0.00013883599999980404,-4.628614671461725,0.3750843335437212,0.37508433354373216,0.37508433354358517,0.3750843335433443,-0.018200707182667215,0.3750843335433076,0.7977725863256319,0.375084333543278,-0.018200707182661653,-0.01820070718266739,0.37508433354324605,0.9211709458647315,0.37508433354372883,-0.018200707182749545,-0.01820070718277696
1,2013-11-01 01:00:00,1.214202252213329e-13,-5.601694689461124e-13,-0.0026710621359293464,0.0034434975000000017,1.254980659680282,1.2532589109302814,-1.2562607467314202e-16,0.0017217487500000008,44.57518278815001,63.63494529544999,-5.172238498607484e-09,54.1050640418,57.417662260381945,57.417662260382045,57.4176622603821,57.41766226038722,57.41766226039444,57.41766226039477,57.41766226039495,57.417662260395176,57.417662260395765,57.417662260395424,57.417662260395375,57.417662260395396,57.417662260395176,57.417662260382066,57.41766226038393,57.41766226038452,0.012,0.021335531102759712,0.048,-2.6989762208714656e-13,0.0020748372797073137,-2.678946197288849e-12,-0.0013355310954542728,0.012,0.021335531102823112,0.048,-2.726353101892482e-13,0.004039722280962835,-2.678942435434064e-12,-0.0013355310955204644,0.004,0.003999999999703068,0.016,6.417728329427161e-13,1.4046516552975696e-12,-2.673399257161305e-12,5.975038410941563e-12,0.004,0.0039999999997030675,0.016,6.417369886465127e-13,1.404766440314824e-12,-2.673399405319539e-12,5.9750029154712695e-12,0.004,0.003999999999702997,0.016,6.416074123215493e-13,1.405182836857024e-12,-2.673401230237149e-12,5.9748303135293335e-12,0.004,0.003999999999702896,0.016,6.415185622904454e-13,1.4054702158568587e-12,-2.673403939679184e-12,5.974676042273362e-12,0.004,0.003999999999702881,0.016,6.414970830392195e-13,1.4055436901664593e-12,-2.6734074782989544e-12,5.974654644705463e-12,0.004,0.00399999999970287,0.016,6.414902040180118e-13,1.4055657270291063e-12,-2.6734075313809963e-12,5.9746371786825916e-12,0.004,0.00399999999970286,0.016,6.414986082861988e-13,1.4055424373411321e-12,-2.6734100414815907e-12,5.974646116543177e-12,0.004,0.0039999999997030675,0.016,6.417394483249524e-13,1.4047588980623661e-12,-2.6733996309890494e-12,5.975006344634845e-12,-8.32993119085377e-18,-8.104800621336837e-18,-5.933417436728614e-18,-7.670104017843934e-18,-8.341346693794852e-18,-7.833059259962995e-18,-8.271623788783935e-18,-7.961679181361491e-18,-8.07211059293484e-18,-8.973760238154115e-18,3.697589556127961e-12,-0.0009182659605487092,-0.0011478324501529376,-0.0013773989397569207,-5.0606705146824106e-05,-0.00028017319766526,-0.0005097396872690518,0.00022956648960378726,-0.001556358724213944,-0.0020154917063361496,-0.002245058198854585,-0.002474624688458384,0.0006886994746419906,0.0004591329850377581,0.00022956649251889858,0.0017217487500003768,0.0012626157500002662,0.0011478325000002431,0.001033049250000218,0.0003443497500000742,0.00022956650000004983,0.000114783250000025,0.00011478325000002389,0.0005739162500001204,0.0003443497500000727,0.00022956650000004856,0.00011478325000002433,0.00034434975000009304,0.00022956650000006612,0.00011478325000003389,-4.62861467142259,0.36190316205064743,0.3619031620506629,0.36190316205052864,0.3619031620502936,-0.03138187886273851,0.3619031620502596,0.8270406472029747,0.36190316205023004,-0.0313818788627322,-0.03138187886273908,0.36190316205019724,1.0632581101208796,0.36190316205065937,-0.03138187886284165,-0.03138187886287138
2,2013-11-01 02:00:00,0.09794846170490801,-1.0273500487244569e-12,-0.09999999995330605,0.003127927500000001,1.2548811790979038,1.2533172153478875,-5.408957003818262e-15,0.0015639637500000005,26.69681874635001,45.75658125364999,-3.275012191994442e-09,36.2267,45.75658125360714,45.75658125360801,45.75658125360881,45.75658125366829,45.75658125375617,45.75658125376212,45.75658125376658,45.75658125377087,45.75658125377874,45.75658125377382,45.7565812537779,45.7565812537833,45.756581253784816,45.756581253608104,45.75658125361005,45.75658125361066,0.012,0.031335531105744614,0.048,-2.748466799989667e-13,0.0017848978815966164,-2.049943386534913e-12,-0.009999999998691961,0.012,0.03133553110580804,0.048,-2.779188264004979e-13,0.003394567805352725,-2.0499073686309058e-12,-0.009999999998695098,0.004,0.013999999999406756,0.016,4.418478291478102e-13,1.195762426039756e-12,-2.0503810048603947e-12,-0.009999999995198232,0.004,0.013999999999406758,0.016,4.418306227192303e-13,1.1958141332165067e-12,-2.0503788980488023e-12,-0.009999999995198253,0.004,0.013999999999406697,0.016,4.417194570934532e-13,1.1959548452261179e-12,-2.0502264006887165e-12,-0.009999999995198596,0.004,0.013999999999406609,0.016,4.4160921323944406e-13,1.1959912541181756e-12,-2.0500010734251177e-12,-0.00999999999519905,0.004,0.013999999999406596,0.016,4.415849714061071e-13,1.1960312205940168e-12,-2.049974502809631e-12,-0.009999999995199115,0.004,0.013999999999406591,0.016,4.4157480067462935e-13,1.1960205546276798e-12,-2.0499436352512135e-12,-0.009999999995199176,0.004,0.013999999999406577,0.016,4.415685382231733e-13,1.1960235429649123e-12,-2.049931497718827e-12,-0.009999999995199198,0.004,0.013999999999406758,0.016,4.4181786781611204e-13,1.195857454688842e-12,-2.0503809255247755e-12,-0.009999999995198261,-4.8975949199310065e-16,-5.106797000049569e-16,-1.0582195339738009e-16,-2.0766412559841243e-16,-3.1357117655209647e-16,-4.719078384970391e-16,-4.835823767450918e-16,-5.057053823005045e-16,-5.092721480174159e-16,-1.0874717128797326e-16,0.0979484617083572,0.0771143477371521,0.06690581924557153,0.05669729075399059,0.018840687600278485,0.018632159106255528,0.008423630614673898,0.010208528491581728,0.02764807466213053,0.01723101767652577,0.017022489182502723,0.006813960690920964,0.010625585479624495,0.0004170569880439543,0.0002085284940219645,0.0015639637500162267,0.0011469067500149183,0.0010426425000142953,0.0009383782500133545,0.0003127927500043574,0.00020852850000292004,0.00010426425000146926,0.0001042642500015171,0.0005213212500075815,0.00031279275000456816,0.00020852850000305985,0.00010426425000153203,0.00031279275000099105,0.0002085285000006648,0.00010426425000033322,-0.14682792470913242,-0.10520420155876758,-0.1052042015587587,-0.1052042015595025,-0.10520420156064347,-0.040923430064820854,-0.10520420156078375,0.44160410832630104,-0.10520420156093918,-0.04092343006481756,-0.04092343006482507,-0.1052042015610189,0.7514745639020666,-0.10520420155875354,-0.0409234300648838,-0.04092343006491244
3,2013-11-01 03:00:00,0.03473870151920442,-1.0274984404372127e-12,-0.03599999998121861,0.0029431799999999997,1.2548362377297027,1.253364647729695,-2.5735831585963736e-15,0.0014715899999999998,28.42003278815001,47.47979529544999,-3.5271082235444062e-09,37.9499140418,47.47979529532291,47.4797952953233,47.47979529532366,47.47979529535087,47.47979529539091,47.4797952953939,47.47979529539619,47.479795295398695,47.47979529540079,47.47979529539887,47.47979529540099,47.47979529540369,47.4797952954049,47.479795295323335,47.479795295325175,47.47979529532576,0.012,0.04133553110856728,0.048,-2.7129073289540347e-13,0.001807936689188308,-2.149253286744077e-12,-0.009999999998426972,0.012,0.04133553110863072,0.048,-2.728475877823185e-13,0.0023965417091914554,-2.1492365867591223e-12,-0.009999999998428554,0.004,0.01600000000281841,0.016,4.719101507316641e-13,1.228761382738415e-12,-2.1463604189597927e-12,-0.001999999998784446,0.004,0.01600000000281841,0.016,4.718940434296745e-13,1.228811158140914e-12,-2.1463594451252884e-12,-0.0019999999987844633,0.004,0.01600000000281848,0.016,4.71802301636126e-13,1.2290038335699814e-12,-2.146288696045245e-12,-0.0019999999987848223,0.004,0.01600000000281858,0.016,4.717256829228907e-13,1.22910179105838e-12,-2.1461844084218717e-12,-0.0019999999987852894,0.004,0.016000000002818593,0.016,4.717037544344321e-13,1.2291530699377625e-12,-2.1461712694187845e-12,-0.001999999998785364,0.004,0.0160000000028186,0.016,4.716997273248364e-13,1.2291490379820511e-12,-2.146159196375797e-12,-0.0019999999987854074,0.004,0.01600000000281861,0.016,4.716951073496415e-13,1.2291528417829919e-12,-2.146151397378335e-12,-0.001999999998785449,0.004,0.01600000000281841,0.016,4.718809315795439e-13,1.2288542710079686e-12,-2.146360518320948e-12,-0.0019999999987844732,-2.316994353929549e-16,-2.4109637565584715e-16,-5.202062966374952e-17,-1.0020153945386955e-16,-1.4972890511044407e-16,-2.2311795790862634e-16,-2.2873276525355e-16,-2.386535874455209e-16,-2.4043227058616875e-16,-5.483000285055366e-17,0.03473870152274513,0.029953853545079758,0.027757641550037314,0.025561429554994634,0.010780699295559484,0.010584487301768843,0.00838827530672565,0.0021962119950432514,0.012584518264391994,0.010192094275558073,0.0099958822817674,0.0077996702867241035,0.002588635982622893,0.00039242398758048184,0.00019621199379022634,0.0014715900000077209,0.0010791660000070596,0.000981060000006759,0.0008829540000063097,0.000294318000002061,0.0001962120000013813,9.810600000069512e-05,9.810600000071597e-05,0.0004905300000035793,0.0002943180000021568,0.0001962120000014446,9.81060000007233e-05,0.0002943180000005052,0.0001962120000003407,9.810600000017114e-05,1.5025585122968017,-0.20947989772975328,-0.20947989772974362,-0.20947989773055173,-0.2094798977317932,-0.0502395356031374,-0.20947989773194556,0.043330513660156056,-0.20947989773211279,-0.050239535603135176,-0.05023953560314272,-0.2094798977322003,0.38114781509539236,-0.20947989772973624,-0.050239535603185656,-0.050239535603212954
4,2013-11-01 04:00:00,2.1885825390326847e-13,-5.934650958022442e-13,-0.0008323803338706411,0.0029299500000000006,1.2548514622051605,1.25338648720516,-1.3297468124084346e-16,0.0014649750000000003,43.95835272545001,63.01811523274999,-6.309655877639875e-09,53.4882339791,57.41766226731169,57.417662267311776,57.41766226731181,57.4176622673167,57.41766226732359,57.417662267323784,57.41766226732383,57.4176622673239,57.41766226732497,57.417662267324644,57.41766226732466,57.41766226732475,57.417662267324594,57.41766226731181,57.41766226731361,57.41766226731418,0.012,0.04175222266871428,0.048,-2.541113861783515e-13,0.001772670035925013,-2.6782679963379015e-12,-0.00041669155520655213,0.012,0.04175222266881091,0.048,-2.548152501140939e-13,0.001989660229676467,-2.6782640180634385e-12,-0.00041669155524046424,0.004,0.015999874669189867,0.016,2.3249986368241954e-12,5.553487015025815e-13,-5.19051553814345e-12,1.2534617311970906e-07,0.004,0.015999874669190225,0.016,2.3249674661130854e-12,5.554477592435809e-13,-5.190515257271527e-12,1.2534617273065912e-07,0.004,0.015999874669191293,0.016,2.3248437554811287e-12,5.558502791441722e-13,-5.190519757748558e-12,1.2534617161225244e-07,0.004,0.015999874669193045,0.016,2.324761496223626e-12,5.561215582262186e-13,-5.190525113567779e-12,1.2534616988531896e-07,0.004,0.015999874669193732,0.016,2.324739941341847e-12,5.561981934629639e-13,-5.190530294627855e-12,1.25346169206493e-07,0.004,0.015999874669193597,0.016,2.324734575984734e-12,5.562126999320225e-13,-5.1905287484214245e-12,1.2534616933715598e-07,0.004,0.015999874669194163,0.016,2.3247417428141243e-12,5.561935783800518e-13,-5.190531092244695e-12,1.2534616879272928e-07,0.004,0.015999874669190086,0.016,2.324966709618671e-12,5.55451119603618e-13,-5.190515831257939e-12,1.2534617286964878e-07,-9.026378871020141e-18,-8.961422108090636e-18,-5.9852407954384275e-18,-7.871947018369568e-18,-8.71889427301635e-18,-8.54860197974699e-18,-8.968272593134227e-18,-8.767926849949296e-18,-8.921948149838795e-18,-8.945404605717025e-18,3.812794838653101e-12,-0.0007810692818445229,-0.000976273932115871,-0.001171478582387933,-0.0007701138408877037,-0.000965443833444828,-0.0011606484837189425,0.00019520465027396988,-0.0005965693917737454,-0.0009871040346048283,-0.0011824340271619526,-0.0013776386774364848,0.0005858646353862594,0.00039065998511505405,0.00019532999255753649,0.0014649750000003986,0.0010743150000002886,0.000976650000000265,0.0008789850000002387,0.0002929950000000804,0.00019533000000005393,9.766500000002707e-05,9.766500000002629e-05,0.0004883250000001327,0.0002929950000000802,0.00019533000000005366,9.766500000002688e-05,0.0002929950000000923,0.00019533000000006547,9.766500000003354e-05,1.5025585123434435,-0.22068809288233304,-0.22068809288234004,-0.22068809288319044,-0.22068809288451716,-0.061454927491022236,-0.22068809288470442,0.10997223598335135,-0.22068809288486346,-0.06145492749101958,-0.061454927491027884,-0.22068809288498342,0.46024860707678383,-0.2206880928823245,-0.061454927491090175,-0.06145492749111861
5,2013-11-01 05:00:00,-4.681002109176e-13,-8.396014753659881e-14,-0.0009394381935232029,0.0035043899999999987,1.2550004843943212,1.2532482893943209,-1.255802863986127e-16,0.0017521949999999994,49.16716472545001,68.22692723274999,-4.08883722366471e-09,58.6970459791,57.417662274071276,57.41766227407136,57.41766227407145,57.41766227407671,57.41766227408415,57.417662274084435,57.41766227408456,57.417662274084755,57.41766227408564,57.4176622740853,57.41766227408539,57.41766227408556,57.41766227408548,57.41766227407137,57.417662274073244,57.41766227407385,0.012,0.042221440439781016,0.048,-2.3629377179685006e-13,0.002020441909636875,-2.675714883276516e-12,-0.00046921776611325456,0.012,0.04222144043989191,0.048,-2.372444234719424e-13,0.002423386204638771,-2.675709598944914e-12,-0.00046921776612846884,0.004,0.016000000002554464,0.016,-8.532229924687405e-13,2.132660729024125e-12,-4.1192409178019924e-13,-1.2533355558252915e-07,0.004,0.016000000002554467,0.016,-8.532717819485831e-13,2.1328150657377907e-12,-4.11922966250547e-13,-1.2533355527739334e-07,0.004,0.016000000002554526,0.016,-8.534119745354154e-13,2.133274797252565e-12,-4.119293736753566e-13,-1.2533355439047126e-07,0.004,0.016000000002554617,0.016,-8.535085396548194e-13,2.1335951260387596e-12,-4.1193629984289177e-13,-1.2533355281377101e-07,0.004,0.016000000002554627,0.016,-8.535253778684682e-13,2.1336596117162377e-12,-4.1194326244329675e-13,-1.2533355214133782e-07,0.004,0.016000000002554637,0.016,-8.535386018308254e-13,2.133695949176304e-12,-4.1193959737396064e-13,-1.2533355230931464e-07,0.004,0.016000000002554648,0.016,-8.53516888172577e-13,2.1336327373420073e-12,-4.1194358857360497e-13,-1.253335517178101e-07,0.004,0.016000000002554464,0.016,-8.532551876762483e-13,2.132763211888178e-12,-4.1192376363168115e-13,-1.2533355539948594e-07,-8.260720671223398e-18,-8.216743499980064e-18,-5.912693690109302e-18,-7.625222208519694e-18,-8.32891086576644e-18,-7.785499711210496e-18,-8.238473223035593e-18,-8.033124697457133e-18,-8.174131032642912e-18,-8.940555703003653e-18,2.595167237607536e-12,-0.0009347546395158722,-0.0011685059679590246,-0.001402257296400829,-0.0008502208254522464,-0.0010838468180637793,-0.0013175981465029414,0.00023375132843929535,-0.0007857877993884863,-0.001253165120439297,-0.0014867911130508585,-0.001720542441489623,0.0007010033136674276,0.00046725198522410154,0.00023362599261210137,0.0017521950000003767,0.0012849430000002667,0.0011681300000002436,0.0010513170000002188,0.00035043900000007375,0.0002336260000000495,0.0001168130000000248,0.0001168130000000241,0.0005840650000001216,0.00035043900000007353,0.00023362600000004918,0.00011681300000002465,0.00035043900000009245,0.00023362600000006558,0.00011681300000003359,1.5025585123213872,-0.23410954790974062,-0.2341095479097212,-0.23410954791049585,-0.2341095479117158,-0.07486918617536986,-0.23410954791186123,0.18562564104751833,-0.23410954791202787,-0.07486918617536642,-0.07486918617537756,-0.23410954791211772,0.5590381315857669,-0.23410954790971564,-0.07486918617546084,-0.07486918617549516
6,2013-11-01 06:00:00,-1.027321906834031e-12,0.03525392682295949,0.03600000023237937,0.005518304999999999,1.2555212791037653,1.2527621266037718,2.184632876752685e-15,0.0027591524999999997,66.83012578815001,85.88988829544999,-7.108715872894411e-09,76.3600070418,66.8301257882752,66.83012578827498,66.83012578827476,66.83012578825857,66.83012578823414,66.83012578823165,66.8301257882295,66.83012578822724,66.83012578822732,66.83012578822849,66.83012578822635,66.83012578822378,66.83012578822219,66.830125788275,66.83012578827712,66.83012578827781,0.012,0.032221440442009655,0.048,-2.8545681924690216e-13,0.0019273339665042007,-3.2055706519070193e-12,0.010000000003203538,0.012,0.03222144044212052,0.048,-2.8737147707741924e-13,0.0028377783865080977,-3.205588626950917e-12,0.010000000003201665,0.004,0.013999999995573827,0.016,1.3987600318655499e-11,8.898954635408587e-07,-3.2085256851500366e-12,0.0020000000272087965,0.004,0.013999999995573827,0.016,1.3973980288794766e-11,8.898954907819553e-07,-3.208526704495247e-12,0.0020000000271951797,0.004,0.013999999995573763,0.016,1.3947149805106173e-11,8.898955445152567e-07,-3.2085990051665936e-12,0.0020000000271686164,0.004,0.013999999995573663,0.016,1.3926755051740999e-11,8.898955854098446e-07,-3.2087040605497526e-12,0.002000000027148617,0.004,0.013999999995573642,0.016,1.3924838725625991e-11,8.898955892639954e-07,-3.2087255567096085e-12,0.002000000027146775,0.004,0.013999999995573637,0.016,1.3921674127825323e-11,8.898955956019555e-07,-3.2087343170925385e-12,0.0020000000271436437,0.004,0.013999999995573621,0.016,1.3929894467309445e-11,8.898955791740796e-07,-3.2087471306555437e-12,0.002000000027151916,0.004,0.013999999995573827,0.016,1.3979579666519121e-11,8.898954795827778e-07,-3.208526289531976e-12,0.002000000027200777,2.0285563388564932e-16,2.1199029215444694e-16,3.732103441765022e-17,7.962266175234241e-17,1.2501272023908881e-16,1.9571806883151416e-16,2.0009699550513072e-16,2.1003579382501377e-16,2.1144510709564623e-16,3.370669491662851e-17,-0.0352539268204504,-0.032723694950436436,-0.03109069202421405,-0.029457689097964434,-0.012824562908312609,-0.013192449899517024,-0.011559446973244366,-0.0016330029262758721,-0.0150001232633812,-0.013735007328309677,-0.014102894319514137,-0.012469891393246408,-0.0008972289438052152,0.0007357739824115619,0.0003678869912059769,0.0027591524999934463,0.0020233784999938473,0.0018394349999940863,0.0016554914999944612,0.000551830499998196,0.0003678869999987911,0.00018394349999939142,0.0001839434999993699,0.0009197174999968522,0.0005518304999981038,0.00036788699999872965,0.00018394349999936404,0.0005518304999997109,0.00036788699999981206,0.00018394349999990698,-0.8534658518563005,-0.1249757573893538,-0.12497575738842429,-0.12497575738741444,-0.12497575738728485,-0.09945512054611888,-0.12497575738730486,0.9581449358612,-0.12497575738726133,-0.0994551205461116,-0.0994551205461304,-0.12497575738790284,1.3924025415113093,-0.1249757573887927,-0.09945512054627871,-0.09945512054633932
7,2013-11-01 07:00:00,-1.0271135214727622e-12,0.0966002721941811,0.10000000004857004,0.008142427499998496,1.2561822055703238,1.2521109918203386,4.685296900720313e-15,0.004071213749999248,73.10616070455,92.16592321184999,-8.541271988293797e-09,82.6360419582,73.10616070459349,73.10616070459288,73.10616070459228,73.10616070454958,73.10616070448596,73.1061607044809,73.10616070447682,73.10616070447308,73.10616070446838,73.10616070447215,73.10616070446827,73.10616070446335,73.10616070446149,73.10616070459285,73.10616070459527,73.10616070459606,0.012,0.022221440443705512,0.048,-2.826886048805378e-13,0.0022704656043407035,-3.5480092269569477e-12,0.010000000004081308,0.012,0.02222144044381633,0.048,-2.828929781558923e-13,0.002366371498091149,-3.5480452398522796e-12,0.010000000004081182,0.004,0.003999999998735002,0.016,4.533701587876109e-13,1.3232807868222033e-05,-3.547595692946056e-12,0.010000000003867245,0.004,0.0039999999987350016,0.016,4.5319490847110194e-13,1.323280786857467e-05,-3.5475978314791207e-12,0.010000000003867074,0.004,0.003999999998734934,0.016,4.5283519641915393e-13,1.3232807869440855e-05,-3.547744596666659e-12,0.010000000003866935,0.004,0.003999999998734833,0.016,4.52557420764595e-13,1.3232807870210192e-05,-3.5479583770104916e-12,0.010000000003866978,0.004,0.00399999999873482,0.016,4.52538404410502e-13,1.3232807870282627e-05,-3.547992780140799e-12,0.010000000003867006,0.004,0.003999999998734808,0.016,4.524991283858266e-13,1.3232807870386835e-05,-3.5480184365977305e-12,0.01000000000386701,0.004,0.003999999998734799,0.016,4.526133039245957e-13,1.3232807870175685e-05,-3.548035638285148e-12,0.010000000003867145,0.004,0.003999999998735002,0.016,4.5324476754912764e-13,1.3232807868473635e-05,-3.5475965164300897e-12,0.010000000003867122,4.309382251034479e-16,4.502742300425839e-16,8.430119101339268e-17,1.741438871762237e-16,2.6946189550684673e-16,4.157015306182588e-16,4.2533870588497154e-16,4.461465196444507e-16,4.490855682926988e-16,8.023342464950227e-17,-0.09660027219133945,-0.07874512054086848,-0.06927471622526396,-0.05980431190965858,-0.020655212937530934,-0.02119804142789784,-0.011727637112291286,-0.009470404315606683,-0.029678694656521235,-0.02075111883128135,-0.021293947321648264,-0.011823543006041642,-0.008384747334866643,0.0010856569807378184,0.0005428284903691152,0.0040712137499851935,0.002985556749986352,0.002714142499986925,0.002442728249987783,0.0008142427499960162,0.0005428284999973312,0.0002714142499986572,0.00027141424999861153,0.001357071249993064,0.0008142427499958221,0.0005428284999972018,0.0002714142499985992,0.0008142427499991443,0.0005428284999994351,0.0002714142499997187,-7.915540875066666,0.5673691419025048,0.5673691419034418,0.5673691419040897,0.5673691419036605,-0.13913922796356915,0.5673691419035588,1.8155074587338675,0.5673691419035285,-0.13913922796355357,-0.13913922796358072,0.5673691419028324,2.2567763760648543,0.567369141903075,-0.13913922796386602,-0.13913922796395692
8,2013-11-01 08:00:00,-9.935993528810327e-13,5.059046135668943e-12,0.004162079376365639,0.0079171275,1.2561136689235612,1.2521551051735607,-1.9217900492584942e-16,0.00395856375,56.70623570455001,75.76599821184999,-4.739916095036767e-09,66.2361169582,57.55571935745937,57.55571935745948,57.55571935745963,57.555719357466934,57.55571935747728,57.555719357477585,57.55571935747765,57.555719357477784,57.55571935747942,57.55571935747895,57.555719357479084,57.555719357479305,57.55571935747919,57.55571935745948,57.55571935746199,57.5557193574628,0.012,0.020139459282245538,0.048,-2.882046489306452e-13,0.0016085304147315542,-2.673225946697046e-12,0.0020819811663575567,0.012,0.02013945928242207,0.048,-2.8635907028081376e-13,0.0012704360172278583,-2.673221112465568e-12,0.0020819811662936725,0.004,0.004000235371241271,0.016,-1.1773174037717994e-12,0.00010951020427972101,-1.6898806445222963e-12,-2.3537046570219644e-07,0.004,0.004000235371240123,0.016,-1.1773349544969272e-12,0.00010951020427975628,-1.689880825858821e-12,-2.3537046457292963e-07,0.004,0.004000235371226254,0.016,-1.1773810902986404e-12,0.00010951020427985086,-1.6898831104060036e-12,-2.35370450813562e-07,0.004,0.004000235371204542,0.016,-1.1774168558740953e-12,0.00010951020427992512,-1.6898858435727707e-12,-2.3537042923176544e-07,0.004,0.004000235371200388,0.016,-1.1774221423849439e-12,0.00010951020427994256,-1.6898927084498084e-12,-2.353704250822866e-07,0.004,0.004000235371198835,0.016,-1.1774267243338267e-12,0.00010951020427994843,-1.6898894194597869e-12,-2.3537042355316773e-07,0.004,0.00400023537119447,0.016,-1.1774176023365993e-12,0.00010951020427993371,-1.689892951270423e-12,-2.3537041918060797e-07,0.004,0.00400023537124247,0.016,-1.177326759246486e-12,0.00010951020427974014,-1.6898810574595758e-12,-2.353704669109738e-07,-1.3381438542950295e-17,-1.3665699818499248e-17,-8.033454248607683e-18,-1.0759018748987536e-17,-1.2376433778757632e-17,-1.2644798709451329e-17,-1.3345485525013928e-17,-1.331765046680504e-17,-1.3583368509402449e-17,-1.194928329419535e-17,-3.0293780437870426e-12,-0.001892684314359894,-0.0023112179775214405,-0.0027297516406691305,-0.002216360928489252,-0.0027441694209905387,-0.003162703084112396,0.0004185336631203258,-0.0009319243753059099,-0.001878266530927497,-0.002406075023428851,-0.002824608686544815,0.0014741506481678048,0.0010556169850039045,0.0005278084925020781,0.003958563750000576,0.002902946750000428,0.002639042500000396,0.0023751382500003587,0.0007917127500001195,0.0005278085000000802,0.0002639042500000402,0.00026390425000003996,0.0013195212500002015,0.0007917127500001221,0.0005278085000000818,0.000263904250000041,0.000791712750000124,0.0005278085000000882,0.0002639042500000452,-7.91554087541503,0.5432801355725935,0.5432801355735974,0.5432801355750396,0.5432801355758523,-0.16951762578048055,0.5432801355759899,1.9975391095262034,0.5432801355760474,-0.16951762578046414,-0.16951762578049695,0.543280135575602,2.4193487605944592,0.5432801355730952,-0.16951762578079868,-0.16951762578090435
9,2013-11-01 09:00:00,-1.2125623462188582e-13,-4.2169485343681197e-13,0.0029596741791849597,0.008143184999999997,1.2561596786534523,1.2520880861534507,-5.68514728011567e-16,0.004071592499999999,46.45505674635001,65.51481925364999,-5.86359696908012e-09,55.984938,57.55571935500623,57.55571935500636,57.555719355006396,57.555719355014055,57.55571935502496,57.55571935502522,57.555719355025204,57.555719355025246,57.55571935502719,57.55571935502666,57.55571935502667,57.55571935502679,57.55571935502651,57.555719355006424,57.55571935500897,57.555719355009785,0.012,0.018660563598147877,0.048,-2.932009870156633e-13,0.0012527562759936308,-2.675359850144363e-12,0.0014788956889936775,0.012,0.018660563598372804,0.048,-2.934461962329063e-13,0.0012880064647440655,-2.675353980585065e-12,0.0014788956889450284,0.004,0.004000000031188109,0.016,1.1644796803321196e-12,0.00033034350201205663,-4.1058131600746706e-12,2.3534926748691902e-07,0.004,0.004000000031188108,0.016,1.1644770835823244e-12,0.0003303435020120618,-4.105813064258673e-12,2.3534926633688738e-07,0.004,0.004000000031188068,0.016,1.1644654997799883e-12,0.0003303435020120745,-4.105802629535858e-12,2.3534925247772525e-07,0.004,0.004000000031188007,0.016,1.1644567578914069e-12,0.00033034350201207636,-4.105787026273519e-12,2.35349230786299e-07,0.004,0.004000000031187996,0.016,1.1644547603079319e-12,0.0003303435020120831,-4.105789749832611e-12,2.3534922664635461e-07,0.004,0.004000000031187992,0.016,1.1644541371339519e-12,0.00033034350201208054,-4.105785942956493e-12,2.353492250894914e-07,0.004,0.0040000000311879854,0.016,1.1644547935849564e-12,0.00033034350201208016,-4.105786904346967e-12,2.353492207342238e-07,0.004,0.004000000031188108,0.016,1.164477440336683e-12,0.00033034350201206146,-4.105813501417564e-12,2.3534926868571522e-07,-4.779745537305576e-17,-4.945644975281617e-17,-1.5079081970737095e-17,-2.4999815650181647e-17,-3.405863242511909e-17,-4.58564149988457e-17,-4.727652224072405e-17,-4.8780022008498595e-17,-4.9288259924600984e-17,-1.891264508799565e-17,3.3328484725706297e-12,-0.0015103582729977276,-0.001722658418686917,-0.0019349585643899628,-0.0014335938298133744,-0.0019764728222908183,-0.002188772968019699,0.0002123001457304434,-0.0007136648803013383,-0.001468844018509215,-0.002011723010986684,-0.002224023156721482,0.0012980581306425315,0.0010857579849556907,0.000542878992477881,0.004071592500001706,0.0029858345000014735,0.0027143950000013987,0.002442955500001296,0.0008143185000004255,0.0005428790000002853,0.0002714395000001434,0.0002714395000001464,0.0013571975000007332,0.0008143185000004424,0.0005428790000002962,0.0002714395000001484,0.0008143185000001868,0.0005428790000001301,0.0002714395000000662,-7.915540875397738,0.5310610475574997,0.5310610475584379,0.531061047559082,0.5310610475586449,-0.20076341706431378,0.5310610475585444,2.123515511876897,0.5310610475585119,-0.20076341706429732,-0.2007634170643323,0.5310610475578159,2.5473540129132877,0.5310610475580707,-0.20076341706464632,-0.20076341706475637
10,2013-11-01 10:00:00,0.019559939547254983,-1.028669653893916e-12,-0.01867887248802153,0.008226165000000002,1.2561707629899692,1.2520576804899632,-2.0199013626827062e-15,0.004113082500000001,38.35789974635001,57.417662253649986,-5.216595100332455e-09,47.887781,57.417662253421604,57.417662253421945,57.41766225342226,57.41766225344662,57.41766225348247,57.41766225348511,57.41766225348708,57.417662253489475,57.417662253490846,57.41766225348936,57.4176622534912,57.41766225349353,57.41766225349475,57.41766225342197,57.417662253424545,57.41766225342539,0.012,0.027999999995692502,0.048,-2.674531563180955e-13,0.0011801358559749653,-2.7014367804024955e-12,-0.009339436392595366,0.012,0.027999999995692484,0.048,-2.7060321589328093e-13,0.0017689939922312067,-2.7014276538626907e-12,-0.009339436392373592,0.004,0.0039999999999551505,0.016,-2.63829775064235e-13,0.0005494960034609503,-2.698003453746593e-12,3.620363354163506e-11,0.004,0.0039999999999551505,0.016,-2.638309482246502e-13,0.000549496003460952,-2.6980028075819525e-12,3.6203631337931247e-11,0.004,0.003999999999955115,0.016,-2.638365393465827e-13,0.0005494960034609108,-2.697950512567566e-12,3.6203514774641106e-11,0.004,0.003999999999955064,0.016,-2.638399216268568e-13,0.0005494960034608401,-2.697873052043249e-12,3.6203348218672797e-11,0.004,0.003999999999955058,0.016,-2.638411095463946e-13,0.000549496003460834,-2.6978644298929116e-12,3.62033257617699e-11,0.004,0.003999999999955051,0.016,-2.638411068307798e-13,0.0005494960034608261,-2.697856617376118e-12,3.620331262658003e-11,0.004,0.003999999999955048,0.016,-2.6384097387226537e-13,0.0005494960034608195,-2.6978502742198827e-12,3.6203295390646304e-11,0.004,0.0039999999999551505,0.016,-2.6383145186313383e-13,0.0005494960034609539,-2.698003683642033e-12,3.6203631656660364e-11,-1.8029144050186515e-16,-1.8737942803483517e-16,-4.2562856261958175e-17,-7.998458974837516e-17,-1.178852243772721e-16,-1.7334354596013868e-16,-1.7794799288472586e-16,-1.8525695615569536e-16,-1.868312389309193e-16,-4.640635997056823e-17,0.01955993955132396,0.018465287651822603,0.01846637269452749,0.018467457737232167,0.009255037483331547,0.008706626490875913,0.008707711533580239,-1.0850427042972523e-06,0.009213505296604986,0.008666179346853636,0.008117768354397968,0.008118853397102237,0.0010957369422062442,0.0010968219849111357,0.0005484109924555679,0.00411308250000606,0.0030162605000054973,0.0027420550000052573,0.0024678495000049036,0.0008226165000016031,0.0005484110000010747,0.0002742055000005409,0.00027420550000055574,0.0013710275000027804,0.000822616500001676,0.0005484110000011226,0.00027420550000056213,0.0008226165000004346,0.0005484110000002955,0.00027420550000014884,-6.792454872717044,0.5311233478435793,0.5311233478445174,0.5311233478451556,0.5311233478447094,-0.23225189455434886,0.5311233478446077,1.623539071711303,0.5311233478445745,-0.23225189455433454,-0.23225189455437104,0.5311233478438775,2.081188430343165,0.5311233478441504,-0.23225189455465942,-0.2322518945547698
11,2013-11-01 11:00:00,0.10120919568990665,-1.0274146248559357e-12,-0.09999999996508188,0.008205142499999998,1.2561541698992325,1.2520515986492138,-6.182023936235347e-15,0.004102571249999999,28.253587746350007,47.313350253649986,-3.5114665029867265e-09,37.783469,47.313350253608625,47.3133502536096,47.31335025361051,47.3133502536785,47.31335025377914,47.3133502537858,47.313350253790716,47.313350253795605,47.31335025380465,47.31335025379919,47.31335025380381,47.31335025380992,47.31335025381174,47.313350253609705,47.313350253612384,47.313350253613244,0.012,0.03799999999853071,0.048,-2.7013847091313094e-13,0.0010175997991728621,-2.137493206093476e-12,-0.0099999999984554,0.012,0.03799999999853071,0.048,-2.7556957648123315e-13,0.002014218899183633,-2.1374518674742936e-12,-0.009999999998460907,0.004,0.014000000000733155,0.016,-2.58956381728689e-13,0.000495516002901083,-2.1379784887410246e-12,-0.009999999996757021,0.004,0.014000000000733159,0.016,-2.589571880847773e-13,0.0004955160029010824,-2.1379761544884904e-12,-0.009999999996757027,0.004,0.014000000000733117,0.016,-2.5896163991135354e-13,0.0004955160029009182,-2.137803093450764e-12,-0.009999999996757289,0.004,0.014000000000733065,0.016,-2.589646252388957e-13,0.0004955160029006679,-2.137546872771382e-12,-0.009999999996757674,0.004,0.014000000000733058,0.016,-2.5896570259411065e-13,0.0004955160029006411,-2.13751792310082e-12,-0.009999999996757719,0.004,0.014000000000733055,0.016,-2.5896572128765856e-13,0.000495516002900606,-2.1374826544098955e-12,-0.009999999996757773,0.004,0.014000000000733048,0.016,-2.589658301980271e-13,0.0004955160029005924,-2.1374689053258645e-12,-0.009999999996757792,0.004,0.014000000000733155,0.016,-2.589580153317395e-13,0.0004955160029010863,-2.1379784073442354e-12,-0.009999999996757025,-5.591991987390659e-16,-5.833199960139806e-16,-1.2136785101896858e-16,-2.3757580274619774e-16,-3.582783960014012e-16,-5.387187274281984e-16,-5.521353914255082e-16,-5.77444427643025e-16,-5.816799804642524e-16,-1.2525566184279772e-16,0.10120919569343838,0.08001218972311007,0.06996069623175843,0.059909202740406196,0.020127912681945505,0.019580903188131923,0.009529409696778698,0.01005149349135335,0.02972979656710756,0.019131293581940552,0.01858428408812687,0.008532790596773475,0.011145512478976691,0.0010940189876250674,0.0005470094938125226,0.004102571250018545,0.003008552250017037,0.002735047500016324,0.0024615427500152493,0.000820514250004975,0.000547009500003334,0.00027350475000167756,0.0002735047500017323,0.0013675237500086583,0.0008205142500052174,0.000547009500003495,0.00027350475000174993,0.0008205142500011447,0.000547009500000769,0.0002735047500003857,-2.0039087481058635,0.055553515495740335,0.05555351549666904,0.055553515496611916,0.05555351549513615,-0.2581327465642295,0.055553515494916106,1.1726707727960992,0.055553515494740247,-0.25813274656422314,-0.258132746564262,0.0555535154939894,1.6774735199759971,0.055553515496310324,-0.258132746564438,-0.25813274656454765
12,2013-11-01 12:00:00,0.03809454976573134,-1.027604289553069e-12,-0.03599999996271479,0.00862005,1.256260750191164,1.2519507251911541,-3.2515201776740306e-15,0.004310025,30.848204704550014,49.90796721184999,-3.9106827880164285e-09,40.3780859582,49.90796721173441,49.90796721173489,49.90796721173533,49.90796721176927,49.90796721181923,49.907967211822815,49.90796721182548,49.90796721182849,49.90796721183136,49.907967211829046,49.90796721183156,49.90796721183479,49.90796721183621,49.907967211734935,49.90796721173759,49.90796721173845,0.012,0.048000000001071366,0.048,-2.675249102937508e-13,0.0011221164693139734,-2.2849655535125118e-12,-0.00999999999800854,0.012,0.04800000000107138,0.048,-2.705552656493211e-13,0.0016152116468201134,-2.2849447370119926e-12,-0.009999999998011603,0.004,0.016000000001512173,0.016,-2.5983795709968055e-13,0.00047352150304345473,-2.282159207607347e-12,-0.0019999999966191393,0.004,0.016000000001512173,0.016,-2.5983884960456983e-13,0.0004735215030434554,-2.282158026133115e-12,-0.0019999999966191406,0.004,0.01600000000151225,0.016,-2.5984390029242527e-13,0.0004735215030433768,-2.282069392954578e-12,-0.0019999999966194386,0.004,0.01600000000151236,0.016,-2.598472084638321e-13,0.00047352150304325264,-2.281938587608316e-12,-0.0019999999966198614,0.004,0.016000000001512377,0.016,-2.598484250012758e-13,0.0004735215030432396,-2.2819231266470707e-12,-0.0019999999966199156,0.004,0.016000000001512388,0.016,-2.598484002643132e-13,0.000473521503043224,-2.281907584781728e-12,-0.00199999999661996,0.004,0.016000000001512398,0.016,-2.5984843980219375e-13,0.00047352150304321496,-2.2818984329880708e-12,-0.001999999996619998,0.004,0.016000000001512173,0.016,-2.598395801720901e-13,0.0004735215030434581,-2.282159308386971e-12,-0.0019999999966191446,-2.9247428960842055e-16,-3.045014585896417e-16,-6.585946690750214e-17,-1.2663103072944492e-16,-1.8907882287997142e-16,-2.8152857460875834e-16,-2.8872354781484917e-16,-3.012708431574072e-16,-3.0363563328054886e-16,-6.96859184323037e-17,0.038094549769400764,0.03274291280060504,0.030641764309671173,0.028540615818736837,0.012128372010452528,0.01155370201698809,0.009452553526052995,0.002101148490935171,0.014311095317349294,0.011635276832949654,0.011060606839485168,0.008959458348549939,0.003250488477861851,0.0011493399869279798,0.0005746699934639821,0.004310025000009755,0.003160685000008913,0.002873350000008533,0.0025860150000079655,0.0008620050000026015,0.0005746700000017436,0.00028733500000087744,0.00028733500000090384,0.0014366750000045195,0.0008620050000027237,0.0005746700000018244,0.00028733500000091355,0.0008620050000006443,0.0005746700000004354,0.00028733500000021885,-0.10268720740067372,-0.049310534742519035,-0.04931053474159122,-0.04931053474173404,-0.04931053474333552,-0.28681335801934343,-0.04931053474357128,0.700913041103919,-0.049310534743761736,-0.28681335801934077,-0.2868133580193811,-0.049310534744521684,1.2303251662348833,-0.04931053474194923,-0.2868133580195035,-0.28681335801961266
13,2013-11-01 13:00:00,0.0033497266713311013,-1.0326900268521569e-12,9.057217001963298e-11,0.008245319999999997,1.2561976423120935,1.2520749823120918,-5.827584190084295e-16,0.0041226599999999985,57.920316767250014,76.98007927455,-9.482752728884325e-09,67.4501980209,76.98007927319983,76.98007927319999,76.98007927320012,76.98007927321059,76.98007927322568,76.98007927322638,76.98007927322675,76.98007927322726,76.98007927322895,76.98007927322827,76.98007927322865,76.9800792732292,76.98007927322924,76.98007927320002,76.98007927320258,76.9800792732034,0.012,0.04800000000041401,0.048,-2.871004721023828e-13,0.0011488052845537479,-3.7518271062001255e-12,7.684918692796656e-12,0.012,0.04800000000041401,0.048,-2.8794706749832924e-13,0.0012598558308054395,-3.7518257423830145e-12,7.684072785415454e-12,0.004,0.016000000000413895,0.016,-2.6261058519751264e-13,0.00031086650450417105,-3.751137310101567e-12,8.148972854734871e-12,0.004,0.016000000000413895,0.016,-2.6261442737809646e-13,0.0003108665045041802,-3.751138838940965e-12,8.14897465744734e-12,0.004,0.0160000000004139,0.016,-2.6262836625526566e-13,0.00031086650450419984,-3.7511306097690385e-12,8.149018072342487e-12,0.004,0.016000000000413895,0.016,-2.626380637073654e-13,0.00031086650450420645,-3.751117939228603e-12,8.1490915151619e-12,0.004,0.016000000000413895,0.016,-2.62639579987616e-13,0.00031086650450421323,-3.751121674105907e-12,8.14911471495558e-12,0.004,0.016000000000413895,0.016,-2.6264009950552344e-13,0.00031086650450421084,-3.751118256626113e-12,8.149119801935885e-12,0.004,0.016000000000413895,0.016,-2.626374922409396e-13,0.00031086650450420656,-3.751119201634636e-12,8.14913180677516e-12,0.004,0.016000000000413895,0.016,-2.6261217932669933e-13,0.00031086650450417637,-3.751139545854213e-12,8.148979187636754e-12,-4.9066302735895864e-17,-5.073297255216903e-17,-1.5472771303385242e-17,-2.5559387376588368e-17,-3.4934624077540084e-17,-4.687845295331256e-17,-4.851057169140755e-17,-4.9952195055023026e-17,-5.054229901812371e-17,-1.9449214549845643e-17,0.0033497266764433873,0.0017727077302287567,0.0015338862469615102,0.001295064763694318,0.00018939217678658107,-0.0003602958130511555,-0.0005991172963182473,0.00023882148326709332,0.0008668511036406113,7.834163053580777e-05,-0.0004713463593020058,-0.0007101678425690901,0.0013381974629473733,0.001099375979680128,0.000549687989841842,0.004122660000001749,0.0030232840000015103,0.0027484400000014337,0.0024735960000013286,0.0008245320000004365,0.0005496880000002928,0.00027484400000014723,0.00027484400000014984,0.0013742200000007516,0.0008245320000004536,0.0005496880000003038,0.00027484400000015217,0.0008245320000001918,0.0005496880000001335,0.00027484400000006787,0.15517501738144285,-0.0676950320593864,-0.06769503205845788,-0.06769503205859773,-0.06769503206019567,-0.32912838368068537,-0.06769503206042965,0.747033137465597,-0.06769503206062016,-0.32912838368068137,-0.32912838368073005,-0.06769503206137965,1.2849939424502879,-0.06769503205881586,-0.32912838368087705,-0.3291283836812602
14,2013-11-01 14:00:00,0.004956936696525178,-1.0340920356333632e-12,1.1155533842183412e-10,0.009049620000000001,1.2564077590120946,1.2518829490120926,-6.6332909130520275e-16,0.004524810000000001,68.79811874635001,87.85788125364999,-1.2401347143642383e-08,78.328,87.85788125273871,87.85788125273889,87.85788125273903,87.85788125275069,87.85788125276751,87.85788125276831,87.85788125276875,87.8578812527693,87.85788125277121,87.85788125277044,87.85788125277087,87.85788125277149,87.85788125277155,87.85788125273892,87.85788125274159,87.85788125274247,0.012,0.04799999999859175,0.048,-2.901202964038965e-13,0.0012640828951420249,-4.33623049263578e-12,1.0006286565840731e-11,0.012,0.04799999999859175,0.048,-2.9101727488195657e-13,0.0014081441576438661,-4.336227570521019e-12,1.0005389273751828e-11,0.004,0.015999999998643488,0.016,-2.3840999164893654e-13,0.0001775570050386531,-4.3361749705468305e-12,1.000603360855289e-11,0.004,0.015999999998643488,0.016,-2.384199922138552e-13,0.00017755700503867497,-4.3361769653442945e-12,1.0006029602794274e-11,0.004,0.0159999999986435,0.016,-2.3844810682175414e-13,0.00017755700503872308,-4.336168889408814e-12,1.0005975436357521e-11,0.004,0.015999999998643516,0.016,-2.3847080892814087e-13,0.00017755700503875404,-4.336154471036321e-12,1.0005905381595535e-11,0.004,0.01599999999864352,0.016,-2.384729292464004e-13,0.00017755700503876344,-4.3361596695113765e-12,1.0005909952229356e-11,0.004,0.01599999999864352,0.016,-2.384744789443369e-13,0.00017755700503876106,-4.3361542057344436e-12,1.0005896470052894e-11,0.004,0.015999999998643523,0.016,-2.3846455107284197e-13,0.00017755700503874284,-4.336155833977233e-12,1.0005908734400409e-11,0.004,0.015999999998643488,0.016,-2.384172665935938e-13,0.0001775570050386708,-4.336178256231827e-12,1.000603584704978e-11,-5.635021628299119e-17,-5.831716280576415e-17,-1.710085862173032e-17,-2.857913340838225e-17,-3.96543897641101e-17,-5.3739919371011434e-17,-5.570636036523859e-17,-5.73884737918317e-17,-5.808847813776388e-17,-2.1240120114451084e-17,0.004956936702215937,0.0028988187648404666,0.0024730677845418414,0.002047316804243201,0.00036828405888009023,-0.0002350239295062866,-0.0006607749098049629,0.00042575098029869776,0.0012532817650644157,0.00022422279637934506,-0.00037908519200720157,-0.0008048361723059031,0.0016323669570768268,0.001206615976778204,0.0006033079883911595,0.00452481000000199,0.0033181940000017304,0.0030165400000016452,0.002714886000001526,0.0009049620000005012,0.0006033080000003362,0.0003016540000001691,0.0003016540000001722,0.0015082700000008634,0.0009049620000005213,0.0006033080000003492,0.000301654000000175,0.0009049620000002082,0.0006033080000001445,0.00030165400000007345,0.590680973132948,-0.10510061191979408,-0.10510061191886423,-0.10510061191900885,-0.10510061192061614,-0.3821337461014287,-0.10510061192084988,0.8050874202359551,-0.10510061192104234,-0.38213374610142503,-0.3821337461014894,-0.10510061192180262,1.35570514251458,-0.1051006119192221,-0.38213374610166573,-0.38213374610241063
15,2013-11-01 15:00:00,9.089386133860288e-14,-5.636851667395377e-13,0.006675362413923175,0.010439010000000004,1.2567627369685574,1.2515432319685564,-3.536813427033842e-16,0.005219505000000002,77.99186676725002,97.05162927455,-1.3177706092992736e-08,87.5217480209,90.41664870326527,90.4166487032654,90.41664870326548,90.41664870327328,90.41664870328431,90.41664870328447,90.41664870328435,90.41664870328427,90.41664870328651,90.41664870328596,90.41664870328587,90.41664870328587,90.41664870328546,90.41664870326542,90.4166487032683,90.41664870326923,0.012,0.04466231883494239,0.048,-2.8564280930398014e-13,0.001695360301534422,-4.491179504708391e-12,0.003337681172146933,0.012,0.044662318834924136,0.048,-2.861667640418213e-13,0.0018408650665355203,-4.491179341795693e-12,0.0033376811721646644,0.004,0.01600000000029415,0.016,7.616481202961825e-14,2.842776456886848e-05,-4.495717978671817e-12,7.216743457227849e-12,0.004,0.01600000000029416,0.016,7.608462393164185e-14,2.842776456902906e-05,-4.495718181229101e-12,7.216654266816292e-12,0.004,0.016000000000294286,0.016,7.587839968665199e-14,2.8427764569444157e-05,-4.495720831674908e-12,7.2163404034266185e-12,0.004,0.0160000000002944,0.016,7.571235640255395e-14,2.8427764569775574e-05,-4.49572016619403e-12,7.2160831308678515e-12,0.004,0.016000000000294414,0.016,7.569188198279336e-14,2.8427764569825234e-05,-4.49572887234996e-12,7.216065739759241e-12,0.004,0.016000000000294425,0.016,7.568894268715725e-14,2.842776456982501e-05,-4.495722772237235e-12,7.216042577573705e-12,0.004,0.016000000000294393,0.016,7.58013809272669e-14,2.842776456960539e-05,-4.49572802364471e-12,7.216196328703043e-12,0.004,0.01600000000029419,0.016,7.605860382114638e-14,2.8427764569081763e-05,-4.495718846037471e-12,7.216603666358427e-12,-2.789888378519998e-17,-2.8715272384520435e-17,-1.140181626553859e-17,-1.686954114040295e-17,-2.187170864704028e-17,-2.630133123432966e-17,-2.7675598703286518e-17,-2.803874617283218e-17,-2.855342432673534e-17,-1.577513350738145e-17,5.454422292449137e-12,-0.002726880417423853,-0.0033943866408383226,-0.004061892864252689,-0.002973667267043265,-0.0036696012550669647,-0.004337107478481215,0.0006675062234142808,-0.0017557318206237154,-0.003119172032061727,-0.0038151060200857035,-0.004482612243500044,0.0020593741994637347,0.0013918679760492676,0.0006959339880246492,0.005219505000001062,0.003827637000000867,0.0034796700000008164,0.0031317030000007507,0.0010439010000002484,0.0006959340000001668,0.0003479670000000837,0.00034796700000008416,0.0017398350000004236,0.0010439010000002564,0.0006959340000001718,0.00034796700000008616,0.0010439010000001599,0.0006959340000001127,0.00034796700000005754,0.5906809731921329,-0.16545428846998386,-0.16545428846904764,-0.16545428846918855,-0.16545428847079643,-0.4450577658852167,-0.16545428847102805,1.1972341426661135,-0.16545428847122354,-0.4450577658852165,-0.44505776588530355,-0.1654542884719898,1.7610079181681053,-0.16545428846940533,-0.44505776588552315,-0.4450577658862712
16,2013-11-01 16:00:00,-1.0274034470967936e-12,0.028162056294978026,0.03600000274182521,0.0122540474999985,1.2572225708366453,1.2510955470866505,1.4623354240808424e-15,0.00612702374999925,100.19785574635002,119.25761825365,-1.61710130147652e-08,109.727737,100.19785574650759,100.19785574650749,100.19785574650739,100.19785574649936,100.19785574648691,100.19785574648508,100.19785574648336,100.19785574648158,100.19785574648293,100.19785574648354,100.19785574648192,100.19785574647999,100.19785574647857,100.19785574650753,100.19785574651061,100.19785574651164,0.012,0.03466231883893409,0.048,-2.865121142220221e-13,0.002019736669543836,-4.9997260501492365e-12,0.010000000005010253,0.012,0.03466231883891583,0.048,-2.8739403115238446e-13,0.0023931462670456643,-4.999740558309443e-12,0.0100000000050094,0.004,0.013999999994988882,0.016,2.9548510204470297e-10,4.0230925722501707e-07,-5.004338676973171e-12,0.002000000310593426,0.004,0.013999999994988853,0.016,2.9897180199209303e-10,4.023022838328292e-07,-5.004348538239451e-12,0.0020000003140801794,0.004,0.013999999994988622,0.016,3.281652470045529e-10,4.0224389705754115e-07,-5.004482157875793e-12,0.002000000343274247,0.004,0.013999999994988485,0.016,3.4397567355248196e-10,4.0221227631304643e-07,-5.0046014586311466e-12,0.0020000003590851592,0.004,0.013999999994988457,0.016,3.457589768260356e-10,4.022087097316398e-07,-5.00462782130715e-12,0.0020000003608685577,0.004,0.013999999994988467,0.016,3.4536089786720093e-10,4.022095058917731e-07,-5.004629763662619e-12,0.002000000360470484,0.004,0.013999999994988563,0.016,3.305104338406307e-10,4.022392068071735e-07,-5.004607031798894e-12,0.002000000345619847,0.004,0.013999999994988773,0.016,3.09561722355795e-10,4.0228110401191554e-07,-5.00437504248935e-12,0.0020000003246702595,1.3813202304904097e-16,1.4437215837594028e-16,2.2623815229160237e-17,5.19427297716052e-17,8.288804928387075e-17,1.337829671460327e-16,1.361604231784553e-16,1.4339643850452367e-16,1.4406848308307191e-16,1.7684808622942292e-17,-0.028162056290703227,-0.027428997028008377,-0.02624553090634206,-0.025062064813868388,-0.011569329767971327,-0.012386266254737327,-0.011202800179856568,-0.0011834660752788491,-0.012309268969233142,-0.011942739380720333,-0.012759675867486697,-0.011576209777357556,0.0004504068624581094,0.0016338729735346873,0.0008169364867667167,0.006127023749994864,0.0044931507499952695,0.004084682499995475,0.0036762142499957738,0.0012254047499986214,0.0008169364999990771,0.00040846824999953555,0.00040846824999951983,0.002042341249997604,0.001225404749998558,0.0008169364999990347,0.0004084682499995169,0.0012254047499997115,0.0008169364999998145,0.00040846824999990873,-2.2310966810800448,-0.04687352141372336,-0.046873521762141976,-0.046873524687352466,-0.04687352627309836,-0.5269130512028072,-0.04687352645200793,2.319730698011791,-0.04687352641231672,-0.5269130512028116,-0.526913051202931,-0.04687352492511812,2.9209193144985006,-0.046873522823571476,-0.5269130512032992,-0.5269130512039227
17,2013-11-01 17:00:00,-1.0271207600795356e-12,0.09151548025639313,0.10000000009170742,0.012793762499999996,1.257357161248339,1.250960279998352,4.2859606174316415e-15,0.006396881249999998,113.21988868365001,132.27965119094998,-2.0704291031625743e-08,122.7497699373,113.21988868369614,113.21988868369561,113.21988868369507,113.219888683659,113.2198886836052,113.21988868360071,113.21988868359699,113.2198886835937,113.2198886835899,113.21988868359321,113.2198886835897,113.21988868358525,113.2198886835835,113.21988868369557,113.21988868369867,113.21988868369968,0.012,0.02466231884196775,0.048,-2.8206648008817754e-13,0.0020157293677342445,-5.698482302352311e-12,0.010000000006671115,0.012,0.024662318841949454,0.048,-2.8275072698139574e-13,0.002293513152735649,-5.69851788999501e-12,0.010000000006670503,0.004,0.003999999999184249,0.016,1.637025499922739e-12,2.4253313659953318e-12,-5.698080883463821e-12,0.010000000007933664,0.004,0.003999999999184239,0.016,1.6370113616575853e-12,2.4253791251072554e-12,-5.6980831209688925e-12,0.010000000007933644,0.004,0.003999999999184127,0.016,1.636561964188154e-12,2.4269974307147055e-12,-5.6982291216605264e-12,0.010000000007933354,0.004,0.003999999999184029,0.016,1.6364577627514322e-12,2.4276068443591947e-12,-5.698433085516707e-12,0.010000000007933536,0.004,0.003999999999184016,0.016,1.6364590022048397e-12,2.4276529607687915e-12,-5.6984693046073835e-12,0.010000000007933583,0.004,0.003999999999184009,0.016,1.636469514010784e-12,2.4276508450863987e-12,-5.698491692931614e-12,0.010000000007933635,0.004,0.003999999999184041,0.016,1.6366619985569093e-12,2.4270709757712367e-12,-5.698510055248993e-12,0.010000000007933886,0.004,0.003999999999184213,0.016,1.636823839332813e-12,2.425969019334942e-12,-5.698081898720355e-12,0.010000000007933428,3.951509085928598e-16,4.1299691214934647e-16,7.623641923644255e-17,1.5937881152897216e-16,2.4606394132943965e-16,3.816704953907142e-16,3.8998199272664355e-16,4.094123549868243e-16,4.119402632294925e-16,7.11582315271988e-17,-0.09151548025142862,-0.07492715018880267,-0.065780067672452,-0.056632985156099866,-0.019456976911714607,-0.02030989439675066,-0.011162811880397399,-0.009147082516353334,-0.028028925728032117,-0.019734760696714853,-0.020587678181751248,-0.011440595665398226,-0.007441247546275336,0.0017058349700756982,0.0008529174850367974,0.006396881249987143,0.0046910462499879894,0.0042645874999884675,0.003838128749989206,0.0012793762499964843,0.0008529174999976445,0.0004264587499988145,0.00042645874999877175,0.002132293749993866,0.0012793762499963054,0.0008529174999975252,0.000426458749998761,0.0012793762499993815,0.0008529174999995949,0.000426458749999799,-12.592469168660157,0.9887581415445651,0.9887581411961445,0.9887581382707379,0.9887581366845664,-0.6234802752717147,0.9887581365055882,3.583583015182682,0.9887581365452175,-0.6234802752717201,-0.6234802752718772,0.9887581380323344,4.216222280885168,0.9887581401347618,-0.623480275272527,-0.6234802752729142
18,2013-11-01 18:00:00,-1.0295132703525564e-12,0.004935943831375311,0.015173446155224344,0.012662017499999996,1.2573243516224115,1.250993342872412,1.4654571039173212e-16,0.006331008749999998,90.41664870455001,109.47641121184999,-1.2760775019993176e-08,99.9465299582,90.41664870546518,90.41664870546526,90.41664870546543,90.4166487054704,90.41664870547713,90.4166487054769,90.41664870547645,90.41664870547599,90.41664870547821,90.41664870547785,90.41664870547747,90.41664870547709,90.41664870547648,90.41664870546526,90.41664870546845,90.41664870546948,0.012,0.017073829385229604,0.048,-2.827734578101552e-13,0.0011477791640111894,-4.4735855902421554e-12,0.0075884894652178386,0.012,0.017073829385249734,0.048,-2.83741786936502e-13,0.0012767358952631793,-4.473588746877482e-12,0.007588489465178448,0.004,0.004000441606090522,0.016,8.948379709554393e-13,2.1831696035157006e-12,-3.969297040937561e-12,-4.415982730097787e-07,0.004,0.004000441606093258,0.016,8.947688482113418e-13,2.183389895690123e-12,-3.96929734834435e-12,-4.4159827582455584e-07,0.004,0.004000441606144395,0.016,8.944914655076435e-13,2.1842963999077664e-12,-3.9693160745507e-12,-4.4159832731355376e-07,0.004,0.004000441606256255,0.016,8.943121482252476e-13,2.184891286780418e-12,-3.969335829322609e-12,-4.4159843941146943e-07,0.004,0.004000441606256511,0.016,8.942917296690303e-13,2.184974310943101e-12,-3.969349156415547e-12,-4.415984396743046e-07,0.004,0.004000441606301773,0.016,8.942938990963946e-13,2.1849599546812473e-12,-3.969343900380597e-12,-4.4159848495096086e-07,0.004,0.004000441606281027,0.016,8.944562445312558e-13,2.184457417068209e-12,-3.969352775457815e-12,-4.4159846399330396e-07,0.004,0.00400044160610085,0.016,8.946776140324051e-13,2.1836805671497993e-12,-3.969297800594931e-12,-4.415982835324894e-07,1.826369402842204e-17,1.9331221972903795e-17,-2.37978023899603e-18,1.858243555260111e-18,6.8083928906447366e-18,1.819865004046072e-17,1.782904586149419e-17,1.958648426595411e-17,1.9374390832402347e-17,-7.283810815050853e-18,-0.004935943827622371,-0.008313364986392036,-0.00915794107770201,-0.010002517169062548,-0.006203423554468013,-0.0070475580425393685,-0.00789213413401155,0.0008445760915174789,-0.004643669706066552,-0.006332380285655436,-0.007176514773727139,-0.008021090865224154,0.0025328450674622846,0.0016882689761448923,0.0008441344880721509,0.0063310087499995615,0.004642739749999468,0.004220672499999473,0.003798605249999494,0.001266201749999838,0.0008441344999998917,0.0004220672499999452,0.00042206724999994125,0.00211033624999971,0.0012662017499998266,0.0008441344999998839,0.00042206724999994206,0.0012662017500000861,0.0008441345000000642,0.00042206725000003357,-13.038760668184612,0.9123944010004862,0.9123944006518309,0.9123943977218448,0.9123943961255842,-0.6998040876046772,0.9123943959465891,4.297163333877195,0.9123943959821224,-0.6998040876046879,-0.6998040876048726,0.9123943974710889,4.94146243504394,0.9123943995897776,-0.6998040876055969,-0.6998040876059314
19,2013-11-01 19:00:00,2.6154646769099654e-12,-9.404262497950875e-13,0.010151191755939615,0.011588145000000001,1.2570479974020503,1.251253924902049,-5.200446121686872e-16,0.0057940725000000005,72.90054970455002,91.96031221185,-1.3736777479400608e-08,82.4304309582,90.41664870304022,90.41664870304035,90.41664870304034,90.41664870304811,90.41664870305911,90.4166487030591,90.41664870305878,90.41664870305843,90.41664870306128,90.41664870306063,90.41664870306032,90.41664870306008,90.41664870305937,90.41664870304045,90.41664870304348,90.41664870304449,0.012,0.011999999999583436,0.048,-2.7002681046278455e-13,0.00045474258150273215,-4.4905717155654196e-12,0.005073829394158433,0.012,0.011999999999583504,0.048,-2.827144283393478e-13,0.0009822105440280566,-4.49057111966153e-12,0.0050738293941658096,0.004,0.003999999998806533,0.016,1.7513950992728737e-12,1.7680028841373424e-12,-5.265581714143186e-12,4.4161936640432465e-07,0.004,0.003999999998806535,0.016,1.751302590194428e-12,1.7682946123768997e-12,-5.265581940374717e-12,4.416193690470298e-07,0.004,0.0039999999988065095,0.016,1.751101404005887e-12,1.768929800406707e-12,-5.2655825246353144e-12,4.416194200101417e-07,0.004,0.003999999998806473,0.016,1.7509352665073467e-12,1.7694519098820364e-12,-5.2655808386391145e-12,4.416195317387483e-07,0.004,0.003999999998806467,0.016,1.750917951590425e-12,1.7695182131003745e-12,-5.265589193465899e-12,4.4161953199973266e-07,0.004,0.0039999999988064635,0.016,1.7509094982821825e-12,1.7695375979089431e-12,-5.26558377422164e-12,4.4161957724643037e-07,0.004,0.003999999998806458,0.016,1.7510190073369288e-12,1.7692007575962758e-12,-5.2655888155961905e-12,4.416195566249274e-07,0.004,0.0039999999988065355,0.016,1.751302041252188e-12,1.7682971558274634e-12,-5.26558253186466e-12,4.416193766388528e-07,-4.286285508196927e-17,-4.428786458101379e-17,-1.4756102388322636e-17,-2.3383576154425875e-17,-3.1480359340249733e-17,-4.0727309872370116e-17,-4.2434649081210863e-17,-4.347163111775772e-17,-4.408722118716412e-17,-1.9305197901376593e-17,8.356963424989841e-12,-0.003089288715803937,-0.0038613900898655192,-0.004633491463875507,-0.0032113846185444907,-0.00398392760656483,-0.004756028980462239,0.0007721013738521501,-0.0021942082192287606,-0.0037388525811012717,-0.004511395569121835,-0.0052834969429949395,0.0023171873500963834,0.0015450859760423963,0.000772542988021284,0.00579407250000156,0.004248986500001323,0.0038627150000012525,0.0034764435000011586,0.0011588145000003814,0.0007725430000002559,0.0003862715000001286,0.00038627150000013037,0.001931357500000655,0.0011588145000003957,0.0007725430000002651,0.00038627150000013287,0.001158814500000193,0.000772543000000135,0.00038627150000006884,-13.0387606678631,0.8425835813883665,0.8425835810399765,0.8425835781146498,0.8425835765285301,-0.7696548364287168,0.8425835763495642,4.727187534585094,0.8425835763891888,-0.7696548364287302,-0.7696548364289335,0.8425835778762608,5.419178521222282,0.8425835799786099,-0.7696548364296945,-0.769654836430045
20,2013-11-01 20:00:00,0.009762117859722256,-1.0296353145627984e-12,6.547370131772508e-11,0.010776644999998503,1.2568344278899022,1.2514461053898993,-1.217939560291331e-15,0.005388322499999251,60.642213788150016,79.70197629545,-1.0169264881565443e-08,70.1720950418,79.70197629498895,79.7019762949892,79.7019762949894,79.70197629500501,79.70197629502768,79.70197629502891,79.70197629502968,79.70197629503062,79.70197629503276,79.70197629503171,79.70197629503241,79.70197629503336,79.70197629503355,79.70197629498922,79.70197629499216,79.70197629499312,0.012,0.012000000001829976,0.048,-2.278271398477444e-13,0.00015893200707964682,-3.8966300235993035e-12,5.127242633233213e-12,0.012,0.012000000001830395,0.048,-2.823441407489305e-13,0.000855594963438698,-3.896695698168415e-12,5.072502431658363e-12,0.004,0.004000000001829789,0.016,1.037193829421494e-12,1.8271423705817335e-12,-3.8954376885382305e-12,5.613183714507824e-12,0.004,0.004000000001829788,0.016,1.037120660321384e-12,1.827377499556077e-12,-3.895439184199579e-12,5.61311521712601e-12,0.004,0.004000000001829793,0.016,1.036940559033797e-12,1.827912037145254e-12,-3.8954127095119266e-12,5.612854789469536e-12,0.004,0.0040000000018298,0.016,1.0367944307822724e-12,1.8283191643481008e-12,-3.8953724514987156e-12,5.612586802964659e-12,0.004,0.0040000000018298,0.016,1.0367778336462535e-12,1.8283734962236243e-12,-3.895373623788936e-12,5.6125668860030265e-12,0.004,0.004000000001829802,0.016,1.0367618206031297e-12,1.828413217330052e-12,-3.895365737536398e-12,5.61252992930455e-12,0.004,0.004000000001829802,0.016,1.0368192973415247e-12,1.828230399362993e-12,-3.8953653752264245e-12,5.6125821259782e-12,0.004,0.004000000001829788,0.016,1.0371506639200507e-12,1.8272840111932022e-12,-3.895440360500567e-12,5.613147459532935e-12,-1.0665007823857891e-16,-1.1075011484111149e-16,-2.784016228718461e-17,-4.985019771918692e-17,-7.171825252547099e-17,-1.0224997309513505e-16,-1.0535016107773499e-16,-1.0932701890994396e-16,-1.1038369754405858e-16,-3.2178458284449903e-17,0.009762117864972478,0.006888345909322931,0.006169902920984113,0.005451459932645544,0.001996396961394531,0.0012779539719109203,0.000559510983572486,0.0007184429883384395,0.0027366199829125435,0.0012997340050904884,0.0005812910156067515,-0.0001371519727318183,0.002155328967310565,0.001436885978971688,0.0007184429894876583,0.005388322500002904,0.003951436500002712,0.0035922150000026127,0.0032329935000024474,0.0010776645000007985,0.0007184430000005361,0.00035922150000026993,0.00035922150000027795,0.0017961075000013922,0.0010776645000008403,0.0007184430000005634,0.00035922150000028223,0.0010776645000001581,0.0007184430000001116,0.0003592215000000571,-12.260700581536565,0.7853222547156082,0.7853222543672312,0.7853222514419173,0.7853222498557956,-0.8269161632186375,0.7853222496768308,4.682593402788638,0.785322249716454,-0.8269161632186525,-0.8269161632188659,0.7853222512035153,5.430109803854812,0.7853222533058597,-0.8269161632196318,-0.826916163220272
21,2013-11-01 21:00:00,0.008917158442353168,-1.0310932500875108e-12,1.2855687177515326e-10,0.009486915000000002,1.2565093935358544,1.251765936035852,-8.350539897276677e-16,0.004743457500000001,58.58610574635,77.64586825364998,-9.643230582112583e-09,68.11598699999999,77.64586825314493,77.64586825314514,77.64586825314532,77.64586825315978,77.64586825318077,77.64586825318192,77.64586825318263,77.64586825318351,77.64586825318547,77.64586825318452,77.64586825318517,77.64586825318608,77.64586825318628,77.64586825314518,77.64586825314792,77.64586825314882,0.012,0.011999999998119074,0.048,-1.9150103285178994e-15,3.4746806514556016e-05,-3.783240752990068e-12,1.1085895613400146e-11,0.012,0.011999999998118717,0.048,-2.79002060802133e-13,0.0005350095208190407,-3.7835934547492385e-12,1.0810293060876552e-11,0.004,0.003999999998129336,0.016,9.975285233095583e-13,1.7926856334500833e-12,-3.781016974847312e-12,1.2070441038473218e-11,0.004,0.003999999998129335,0.016,9.974511592161249e-13,1.7929336494749003e-12,-3.7810184922180305e-12,1.2070367000442282e-11,0.004,0.0039999999981293315,0.016,9.972641848751804e-13,1.79350927507448e-12,-3.781005771257863e-12,1.2070159030769705e-11,0.004,0.003999999998129328,0.016,9.971220525242473e-13,1.7939324856031434e-12,-3.780985621887571e-12,1.2069982806697337e-11,0.004,0.003999999998129324,0.016,9.971089163666367e-13,1.7939791464589562e-12,-3.780989019310215e-12,1.2069978440509247e-11,0.004,0.003999999998129329,0.016,9.970847480098539e-13,1.7940491661965931e-12,-3.780984328163418e-12,1.2069941995737492e-11,0.004,0.003999999998129324,0.016,9.971258695102166e-13,1.7939207596136325e-12,-3.780985401251112e-12,1.2069990398732636e-11,0.004,0.003999999998129334,0.016,9.974866137592222e-13,1.7928227945029274e-12,-3.781019490184959e-12,1.207040495874326e-11,-7.181532255030284e-17,-7.439034543394898e-17,-2.0523236354247807e-17,-3.53270387848842e-17,-4.958932628688301e-17,-6.876062480245135e-17,-7.096045625654145e-17,-7.336063491368148e-17,-7.413221687001698e-17,-2.4772879654580602e-17,0.008917158447497495,0.006387314503940079,0.005754853521916616,0.005122392539893505,0.001862636150061929,0.0012301751603091928,0.0005977141782863493,0.0006324609820228148,0.0026272954078086874,0.0013623734360331662,0.0007299124462803654,9.745146425747124e-05,0.0018973829615337794,0.001264921979510244,0.0006324609897569313,0.004743457500002505,0.003478535500002202,0.0031623050000020962,0.0028460745000019475,0.0009486915000006388,0.0006324610000004283,0.00031623050000021547,0.0003162305000002201,0.0015811525000011028,0.0009486915000006651,0.0006324610000004456,0.00031623050000022316,0.0009486915000002411,0.0006324610000001668,0.00031623050000008466,-11.568320071849131,0.73621427201719,0.7362142716688262,0.7362142687435327,0.7362142671574184,-0.8760241465430011,0.7362142669784556,4.6361833658352305,0.7362142670180799,-0.8760241465430149,-0.8760241465432361,0.7362142685051345,5.422543099686843,0.736214270607449,-0.8760241465440238,-0.8760241465449452
22,2013-11-01 22:00:00,0.10736105063240223,-1.0271986545993721e-12,-0.09999999997898777,0.007848285,1.2560597570700258,1.2521356145700049,-6.941454140660976e-15,0.0039241425,17.600978767250012,36.660741274549984,-2.0672179384950695e-09,27.1308600209,36.660741274511196,36.66074127451224,36.66074127451321,36.66074127458631,36.66074127469464,36.660741274701785,36.660741274707064,36.66074127471235,36.66074127472212,36.66074127471629,36.660741274721325,36.66074127472799,36.66074127473004,36.66074127451234,36.66074127451497,36.66074127451583,0.012,0.022000000000006042,0.048,-2.1810617280002827e-14,4.051316808444013e-05,-1.5264475819455745e-12,-0.009999999998549716,0.012,0.02200000000000573,0.048,-2.565677070151322e-13,0.0004467211285538068,-1.5263997876007558e-12,-0.009999999998784568,0.004,0.014000000000025234,0.016,2.7825505285441136e-13,1.0224147086653823e-12,-1.526981461816698e-12,-0.009999999998250412,0.004,0.014000000000025237,0.016,2.782492665708667e-13,1.0224292228746673e-12,-1.5269788366298031e-12,-0.009999999998250422,0.004,0.014000000000025388,0.016,2.7815142427479403e-13,1.0224666024386032e-12,-1.5267834631910733e-12,-0.00999999999825089,0.004,0.014000000000025615,0.016,2.780350611949811e-13,1.0224324890968402e-12,-1.5264940856039767e-12,-0.009999999998251553,0.004,0.014000000000025634,0.016,2.7801706025309754e-13,1.0224433888755601e-12,-1.5264610631603843e-12,-0.009999999998251635,0.004,0.014000000000025676,0.016,2.7800368882744014e-13,1.0224300652398766e-12,-1.5264209854332828e-12,-0.009999999998251727,0.004,0.014000000000025681,0.016,2.779959699335622e-13,1.022432513912518e-12,-1.526405211128284e-12,-0.009999999998251762,0.004,0.014000000000025237,0.016,2.7823694595769516e-13,1.02247117340819e-12,-1.5269812645183758e-12,-0.009999999998250431,-6.284964526039381e-16,-6.558566936688742e-16,-1.355130583848271e-16,-2.660893735382257e-16,-4.019860764194199e-16,-6.055861014308151e-16,-6.205569429920588e-16,-6.492541007753985e-16,-6.540124726936988e-16,-1.39248231330445e-16,0.10736105063536978,0.08526817465429842,0.07474495565901078,0.06422173666372251,0.021529143819064213,0.02100592482381483,0.010482705828525465,0.010523218995289511,0.032169373849369035,0.021122935858830048,0.020599716863580555,0.010076497868290997,0.011569656985783688,0.0010464379904960733,0.0005232189952480276,0.0039241425000208245,0.002877704500019147,0.002616095000018349,0.002354485500017143,0.0007848285000055915,0.0005232190000037471,0.0002616095000018855,0.00026160950000194777,0.0013080475000097351,0.0007848285000058664,0.0005232190000039296,0.00026160950000196756,0.0007848285000012702,0.0005232190000008525,0.00026160950000042745,-7.632384371617279,0.350425262928802,0.35042526258042833,0.35042525965435684,0.3504252580670877,-0.8952057429000799,0.35042525788799267,4.251879599469664,0.35042525792745616,-0.8952057429001019,-0.8952057429003256,0.35042525941444835,5.053131218254986,0.3504252615190614,-0.8952057429009928,-0.8952057429019138
23,2013-11-01 23:00:00,-1.0280996021042584e-12,0.010891539306396449,0.016000000066051345,0.005696002499999999,1.2555461278717122,1.2526981266217108,-4.844554265689213e-16,0.0028480012499999996,44.24228878815001,63.30205129544999,-3.041923636593058e-09,53.7721700418,44.24228878856289,44.242288788563,44.2422887885631,44.2422887885721,44.24228878858532,44.2422887885865,44.2422887885874,44.24228878858889,44.24228878858772,44.24228878858762,44.242288788588475,44.2422887885895,44.2422887885905,44.242288788562995,44.242288788565176,44.24228878856587,0.012,0.029999999998040813,0.048,-2.2670202512384833e-13,0.00020605399516778565,-1.9644573374633177e-12,-0.007999999994463622,0.012,0.029999999998040813,0.048,-2.505170733833728e-13,0.0003814876877154142,-1.964455716728563e-12,-0.007999999994487757,0.004,0.009999999998038684,0.016,4.1183246053626e-13,1.1675127844807535e-12,-1.960056923586965e-12,0.004000000006194169,0.004,0.009999999998038684,0.016,4.11781544039655e-13,1.1676736449011128e-12,-1.9600569009020468e-12,0.004000000006194122,0.004,0.009999999998038701,0.016,4.116395214473086e-13,1.1681113423817085e-12,-1.9600491337789367e-12,0.004000000006194093,0.004,0.009999999998038729,0.016,4.1153316297192403e-13,1.1684298035437667e-12,-1.9600367802847486e-12,0.004000000006194152,0.004,0.009999999998038732,0.016,4.115187676887343e-13,1.1684738047503516e-12,-1.9600357667592574e-12,0.0040000000061941494,0.004,0.009999999998038732,0.016,4.1150637334825467e-13,1.1685156468310782e-12,-1.9600377559042614e-12,0.0040000000061941815,0.004,0.009999999998038736,0.016,4.1150855537119144e-13,1.1685036338102765e-12,-1.9600340456086363e-12,0.004000000006194177,0.004,0.009999999998038684,0.016,4.11779705126747e-13,1.1676799953297117e-12,-1.9600572912541443e-12,0.004000000006194121,-4.0809065546206465e-17,-4.178863117034756e-17,-1.3127409483214643e-17,-2.1493997670386335e-17,-2.900038210403028e-17,-3.888354200331965e-17,-4.020326438614044e-17,-4.106965832216746e-17,-4.1641663641281525e-17,-1.663782705459436e-17,-0.010891539305084293,-0.0044104732741401,-0.0007902067644380485,0.002830059745264405,0.004933146481482158,0.0045534129872527454,0.008173679496955603,-0.003620266509702934,0.001517179773485065,0.004757712788958613,0.0043779792947291965,0.00799824580443211,-0.0028607995212422536,0.0007594669884598044,0.0003797334942299292,0.0028480012500014537,0.0020885342500012493,0.0018986675000011851,0.001708800750001098,0.0005696002500003622,0.0003797335000002431,0.00018986675000012243,0.00018986675000012322,0.000949333750000619,0.0005696002500003738,0.0003797335000002503,0.0001898667500001254,0.0005696002500001647,0.0003797335000001148,0.0001898667500000584,-8.114250999008341,0.5105941391523425,0.5105941388039742,0.5105941358779537,0.5105941342907496,-0.9120060220215515,0.510594134111664,3.890257310509537,0.510594134151132,-0.9120060220215728,-0.9120060220217979,0.5105941356381299,4.699270517382719,0.5105941377426071,-0.9120060220224782,-0.9120060220234018
