,Timestep,Status,Obj,P Feed In,P Feed Out,P Local Gen,P Local Dem,Q Feed In,Q Feed Out,Q Local Gen,Q Local Dem,FT,GT,Surplus,Spot,Shadow Price 0,Shadow Price 1,Shadow Price 2,Shadow Price 3,Shadow Price 4,Shadow Price 5,Shadow Price 6,Shadow Price 7,Shadow Price 8,Shadow Price 9,Shadow Price 10,Shadow Price 11,Shadow Price 12,Shadow Price 13,Shadow Price 14,Shadow Price 15,B_min1,Bat_SOC[1],B_max1,u_bat1,u_load1,GenP[1],B_min2,Bat_SOC[2],B_max2,u_bat2,u_load2,GenP[2],B_min3,Bat_SOC[3],B_max3,u_bat3,u_load3,GenP[3],B_min4,Bat_SOC[4],B_max4,u_bat4,u_load4,GenP[4],B_min6,Bat_SOC[6],B_max6,u_bat6,u_load6,GenP[6],GenP[7],B_min8,Bat_SOC[8],B_max8,u_bat8,u_load8,GenP[8],B_min11,Bat_SOC[11],B_max11,u_bat11,u_load11,GenP[11],GenP[12],B_min13,Bat_SOC[13],B_max13,u_bat13,u_load13,GenP[13],GenQ[1],GenQ[2],GenQ[3],GenQ[4],GenQ[6],GenQ[7],GenQ[8],GenQ[11],GenQ[12],GenQ[13],FloP[1],FloP[2],FloP[3],FloP[4],FloP[5],FloP[6],FloP[7],FloP[8],FloP[9],FloP[10],FloP[11],FloP[12],FloP[13],FloP[14],FloP[15],FloQ[1],FloQ[2],FloQ[3],FloQ[4],FloQ[5],FloQ[6],FloQ[7],FloQ[8],FloQ[9],FloQ[10],FloQ[11],FloQ[12],FloQ[13],FloQ[14],FloQ[15],Balance N0,Balance N1,Balance N2,Balance N3,Balance N4,Balance N5,Balance N6,Balance N7,Balance N8,Balance N9,Balance N10,Balance N11,Balance N12,Balance N13,Balance N14,Balance N15
0,2013-11-01 00:00:00,optimal,-5.560001418101094,-1.9713594776002693e-13,0.10406474422157479,0.10822982421709142,0.004165080000000001,1.314145771506171,1.3120632315035907,-2.5981411632502895e-12,0.0020825400000000003,64.14682420276118,84.06027979723883,8.716628113747404e-11,74.10355200000001,64.14682420289023,64.14682420288936,64.14682420289395,64.14682420289353,64.1468242028986,64.14682420290382,64.1468242029045,64.1468242029057,64.14682420291298,64.1468242029123,64.14682420292203,64.14682420292536,64.14682420292311,64.14682420289147,64.14682420290977,64.14682420290984,0.00122,0.01866999999774242,0.055510000000000004,-9.847581737120383e-13,9.65182020819943e-13,0.010000000001215363,0.00504,0.011319999998380894,0.04816,-9.228475474487454e-13,9.021524234445357e-13,0.015000000000626922,0.014000000000000002,0.01919999999886252,0.06440000000000001,-8.388219845193833e-13,8.208662723775149e-13,0.020000000000239614,0.009179999999999999,0.018559999998931362,0.047939999999999997,-7.030258165882206e-13,6.942206268008688e-13,0.010000000000363387,0.00043,0.007069999998369876,0.04214,-9.185792116782464e-13,9.021928814531023e-13,0.014000000000660347,0.0016323857708050483,0.0082,0.008199999999611346,0.03321,-1.9186564055461914e-13,7.45089994771933e-14,0.012709999999888776,0.00064,0.02099999999845822,0.06336,-8.881098842454243e-13,8.709558508670225e-13,0.011000000000600467,0.002887438435444773,0.007140000000000001,0.011679999998145736,0.038220000000000004,-8.184344532906487e-13,8.093067532666765e-13,0.011000000001033527,-1.1931671456255707e-13,-2.2454617256173164e-13,-1.8804217189800454e-13,-1.923744008637359e-13,-1.9049436746090132e-13,-1.945907930045979e-13,-1.885300618983317e-13,-1.8722416080776226e-13,-1.857292219761805e-13,-1.3032331528954887e-13,-0.1040647442218313,-0.08417543221618332,-0.06945310421471369,-0.04973077621371225,-0.014799369773549276,-0.015077041772191635,-0.0013547137706877445,-0.012432327999904505,-0.025209078439163937,-0.013054422437976916,-0.0133320944367392,-0.0026097664353268136,-0.010166984003526789,0.0005553439982566508,0.0002776719992630681,0.002082540002580204,0.0015271960020993818,0.0013883600018753464,0.0012495240016882263,0.0004165080005691311,0.0002776720003812364,0.0001388360001926366,0.00013883600018649121,0.000694180000928408,0.0004165080005533964,0.0002776720003683655,0.00013883600018340994,0.0004165080003615417,0.0002776720002309069,0.00013883600011193583,-6.675422853312741,0.6236564651987124,0.9443905861713737,1.2651247071557663,0.6236564651266795,-0.01781177687545128,0.8802437619706303,0.08690058610106596,0.7974943586463148,-0.017811776880253215,-0.017811776883101278,0.6878032893561147,0.16740822874507932,0.6878032893799396,-0.017811776897837434,-0.017811776915126008
1,2013-11-01 01:00:00,optimal,-3.4223543851516824,-4.3358789589810613e-13,0.10434287555149657,0.10778637304609132,0.0034434975000000017,1.1815704921828107,1.1798487434306573,-2.193246145466671e-12,0.0017217487500000008,43.44653426996118,63.359989864438816,4.1449243343150144e-11,53.4032620672,43.44653427003883,43.44653427003718,43.44653427004024,43.44653427001952,43.44653426999077,43.446534269999795,43.44653427000331,43.446534270002616,43.4465342699914,43.44653426999307,43.44653427000198,43.44653427000642,43.44653427001109,43.4465342700378,43.44653427005456,43.44653427006099,0.00122,0.01866999999813866,0.055510000000000004,-9.628504096307545e-13,9.58496717957952e-13,0.010000000000888212,0.00504,0.01131999999791956,0.04816,-9.335441251740693e-13,9.220713191439733e-13,0.015000000001092181,0.014000000000000002,0.019199999998885824,0.06440000000000001,-9.53251242250292e-13,9.410805728934396e-13,0.02000000000009912,0.009179999999999999,0.01855999999836349,0.047939999999999997,-8.953296344324144e-13,8.939432714184416e-13,0.010000000000738581,0.00043,0.007069999997983045,0.04214,-8.465081596630325e-13,8.396784999944894e-13,0.014000000001125407,0.0013832248509505695,0.0082,0.00819999999993407,0.03321,-7.813758532739646e-13,5.497631164238089e-13,0.012709999998610902,0.00064,0.02099999999926086,0.06336,-9.2855313566938e-13,9.27192326435192e-13,0.010999999999809341,0.0026931481856458514,0.007140000000000001,0.011679999998131503,0.038220000000000004,-7.634406808537158e-13,7.606576553534494e-13,0.011000000001102744,-1.2577666853469988e-13,-2.2499622081594506e-13,-1.9866831026286859e-13,-1.6146715423318674e-13,-1.316658375027983e-13,-1.3156262470488739e-13,-1.22426720283493e-13,-1.2443545231723574e-13,-1.2312503850121061e-13,-1.4871633636768522e-13,-0.10434287555197239,-0.08426114154639866,-0.06949070804442664,-0.04972027454342806,-0.014694525354143333,-0.014924091852792695,-0.0011536583508686134,-0.012480433499119922,-0.025255315687692972,-0.013004448687361819,-0.013234015186259012,-0.0024635816855635355,-0.010311300503769176,0.000459132998052051,0.0002295664990528322,0.0017217487521533693,0.0012626157515845525,0.0011478325013609362,0.0010330492511645044,0.00034434975039157275,0.00022956650025554313,0.00011478325012768225,0.0001147832501183814,0.0005739162506150369,0.000344349750362634,0.0002295665002388532,0.00011478325011873611,0.00034434975044355135,0.0002295665002950427,0.00011478325014372952,-4.5333363185013305,0.4244914739711185,0.6417241453285919,0.8589568166364668,0.42449147396181297,-0.009973868747264358,0.598277611056417,0.0501224570804904,0.5422315817262245,-0.009973868753334444,-0.009973868758029377,0.4679380081929241,0.10703408613245251,0.4679380082418826,-0.009973868762327783,-0.009973868764645526
2,2013-11-01 02:00:00,optimal,-1.5793714994506642,-1.7201199396897696e-13,0.10403504962619592,0.10716297712485531,0.003127927500000001,0.9864652752353846,0.9849013114851077,-2.8825525879648366e-13,0.0015639637500000005,25.80007220276118,45.71352779723882,1.7542832637940098e-11,35.7568,25.800072202775613,25.800072202775187,25.800072202775603,25.8000722027667,25.800072202755082,25.800072202754702,25.800072202754155,25.80007220275455,25.8000722027505,25.80007220275121,25.8000722027504,25.800072202748773,25.80007220274793,25.800072202775176,25.800072202776587,25.80007220277759,0.00122,0.018669999999400288,0.055510000000000004,-3.312090025718032e-13,3.2406793060475547e-13,0.010000000000262903,0.00504,0.011319999999507942,0.04816,-3.239724000232786e-13,3.170784201494806e-13,0.015000000000164904,0.014000000000000002,0.019199999999580525,0.06440000000000001,-3.2764931594322607e-13,3.2072350362957414e-13,0.020000000000087097,0.009179999999999999,0.018559999999807605,0.047939999999999997,-2.475792755058474e-13,2.407068863146453e-13,0.009999999999939368,0.00043,0.007069999999632506,0.04214,-3.072391398940214e-13,3.0145764801861013e-13,0.014000000000059704,0.0011899319194416723,0.0082,0.008199999999647456,0.03321,-4.1204676924165856e-14,9.179277370505249e-14,0.012710000000485723,0.00064,0.020999999999311715,0.06336,-3.1609293019277785e-13,3.1019728024285346e-13,0.011000000000369973,0.002263045201857561,0.007140000000000001,0.011679999999485515,0.038220000000000004,-2.9280789844017187e-13,2.8652282330125445e-13,0.011000000000221152,-2.006222076691397e-14,-3.7138320475706255e-14,-3.2110332547133885e-14,-2.6557349406420574e-14,-1.7794550116080094e-14,-1.6478396080741407e-14,-1.0771881401907775e-14,-6.529023313703771e-15,-5.889955402903886e-15,-2.3111925327719413e-14,-0.10403504962639784,-0.08386916362499218,-0.06907769212454008,-0.04928622062416195,-0.0145643464200997,-0.014772874919714594,-0.0009814034193828401,-0.012501471500548193,-0.024930402703911603,-0.01263745970291676,-0.012845988202449924,-0.0020545167017990366,-0.01037441450084858,0.00041705699962920755,0.0002085284998225704,0.001563963750276925,0.001146906750182057,0.0010426425001453649,0.0009383782501139198,0.00031279275005168867,0.00020852850003221456,0.00010426425001544245,0.00010426425000969578,0.0005213212500366767,0.0003127927500168272,0.00020852850001019344,0.0001042642500047724,0.0003127927500750127,0.00020852850005208118,0.00010426425002558941,-2.6841117919796367,0.25262067168656355,0.3816210326977329,0.5106213937096976,0.2526206716760656,-0.005380050344882738,0.35582096049184014,0.025320279081646028,0.32253886735584153,-0.005380050343299005,-0.005380050342779311,0.2784207438917437,0.05300667924973349,0.2784207438872933,-0.005380050349803897,-0.005380050350213776
3,2013-11-01 03:00:00,optimal,-1.7500313204007856,-1.0244306153715614e-12,0.1035698056210011,0.10651298561153828,0.0029431799999999997,1.0243353151269472,1.0228637251237893,-3.1880393169517962e-12,0.0014715899999999998,27.500934269961185,47.414389864438824,3.789062379827568e-11,37.457662067200005,27.500934270061446,27.500934270059123,27.50093427006201,27.500934270042226,27.5009342700221,27.5009342700196,27.500934270016067,27.50093427001795,27.500934270024874,27.500934270026946,27.500934270027514,27.500934270022665,27.500934270017236,27.50093427005873,27.500934270066722,27.500934270071806,0.00122,0.018669999997345334,0.055510000000000004,-1.3892336268457883e-12,1.3843914537322053e-12,0.010000000001238588,0.00504,0.011319999997438776,0.04816,-1.5967267894158286e-12,1.590500153848532e-12,0.015000000000925351,0.014000000000000002,0.019199999997994623,0.06440000000000001,-1.5805438903674839e-12,1.5770366653998987e-12,0.020000000000394435,0.009179999999999999,0.018559999997203227,0.047939999999999997,-1.822891312899315e-12,1.8256558353633635e-12,0.01000000000097143,0.00043,0.007069999997377057,0.04214,-1.6420952178941533e-12,1.6393485835917645e-12,0.014000000000944562,0.001205291124491534,0.0082,0.008199999998826576,0.03321,-6.477037141826138e-13,6.673010491266856e-13,0.01271000000060812,0.00064,0.020999999997085173,0.06336,-1.5691588028675673e-12,1.5699488627242626e-12,0.011000000001331094,0.0015976944712573632,0.007140000000000001,0.011679999997409972,0.038220000000000004,-1.6104346068884165e-12,1.610867554633871e-12,0.011000000000979834,-1.4966926162272554e-13,-2.8481455715051946e-13,-2.60644513199981e-13,-2.7552316383405874e-13,-2.2450807005667404e-13,-2.1941156413579739e-13,-2.1579563727371226e-13,-1.9169340022651545e-13,-1.862542262243365e-13,-1.6445005560242192e-13,-0.10356980562208637,-0.08335465361433088,-0.06855086561187586,-0.048747077609964565,-0.01461665512863472,-0.014812867126897682,-0.0010090791243730067,-0.012513788001216058,-0.024326634478592152,-0.012009058475674406,-0.012205270473980713,-0.0014014824711389752,-0.010411364005193309,0.0003924239973366224,0.000196211998893718,0.0014715900031578224,0.001079166002485078,0.0009810600022014289,0.0008829540019425127,0.00029431800067634224,0.0001962120004384168,9.810600021664021e-05,9.810600021279748e-05,0.0004905300009933347,0.0002943180005665733,0.00019621200037168545,9.810600018310964e-05,0.00029431800052355197,0.00019621200035941784,9.81060001772733e-05,-2.8482664167743645,0.2696133294577515,0.4071180008051127,0.5446226721404489,0.26961332946253963,-0.005396013263964224,0.3796170665369229,0.02775061867593283,0.344140861292559,-0.005396013264930923,-0.005396013265150823,0.29711426373546,0.03854207732269202,0.29711426372692534,-0.005396013268825505,-0.005396013281217916
4,2013-11-01 04:00:00,optimal,-3.3293434811212594,-3.7807476184804324e-13,0.10328827018565252,0.10621822018083049,0.0029299500000000006,1.1765656823687811,1.1751007073672042,-1.616284769457893e-12,0.0014649750000000003,42.83770516916118,62.75116076363882,2.947882216108866e-11,52.7944329664,42.837705169221636,42.83770516922027,42.83770516922263,42.83770516919959,42.83770516916718,42.837705169173404,42.83770516917547,42.83770516917447,42.83770516916571,42.83770516916757,42.83770516917427,42.837705169177305,42.8377051691809,42.837705169220754,42.83770516923311,42.83770516923782,0.00122,0.018669999998329852,0.055510000000000004,-8.174044270692667e-13,8.186938263028917e-13,0.010000000000844073,0.00504,0.01131999999819173,0.04816,-8.128973168861173e-13,8.08295402006807e-13,0.015000000000951025,0.014000000000000002,0.01919999999901148,0.06440000000000001,-8.32905939306751e-13,8.2800107945874e-13,0.02000000000010651,0.009179999999999999,0.018559999998635467,0.047939999999999997,-7.467878757868895e-13,7.504712154173236e-13,0.01000000000061521,0.00043,0.0070699999982537,0.04214,-7.419759667777143e-13,7.411421847574937e-13,0.01400000000096608,0.0011817800216428413,0.0082,0.008199999999975035,0.03321,-7.161282885621814e-13,5.151046752926475e-13,0.012709999998712652,0.00064,0.020999999999250934,0.06336,-7.914241290196659e-13,7.953708762447318e-13,0.01099999999995637,0.0013264401508798096,0.007140000000000001,0.011679999998440134,0.038220000000000004,-6.28817036254557e-13,6.311899067942708e-13,0.011000000000928442,-9.41324711786827e-14,-1.6886534715237446e-13,-1.4580244767061749e-13,-1.166470146731314e-13,-9.683458525925843e-14,-9.724620570069507e-14,-8.93632720092364e-14,-9.185580935491712e-14,-9.109374104053196e-14,-1.1075018098174147e-13,-0.10328827018606128,-0.08306959018120015,-0.06826492017947151,-0.04846025017856711,-0.014595790024457322,-0.014791120023261802,-0.0009864500215840213,-0.012514669999198525,-0.024059790152773385,-0.011740450152510606,-0.011935780151542957,-0.001131110150820696,-0.010414010003229002,0.00039065999829998414,0.00019532999916204065,0.0014649750015768433,0.0010743150011557603,0.0009766500009882875,0.00087898500084471,0.000292995000284883,0.00019533000018657988,9.766500009346131e-05,9.766500008542895e-05,0.0004883250004466919,0.0002929950002645838,0.00019533000017459812,9.766500008689008e-05,0.0002929950003275119,0.00019533000021709358,9.766500010542181e-05,-4.4246324656680835,0.42000956281274143,0.6341980886629858,0.8483866144737608,0.4200095628000149,-0.008367488896971474,0.5913603834915323,0.04225725519130833,0.5360997437170218,-0.008367488902605701,-0.008367488906731778,0.46284726794293674,0.04845416315730308,0.46284726797754494,-0.008367488911127586,-0.008367488912151274
5,2013-11-01 05:00:00,optimal,-3.8500710298985523,-6.155242281178034e-13,0.10316816209705675,0.10667255208793572,0.0035043899999999987,1.202310252654914,1.2005580576504986,-4.423934323395943e-12,0.0017521949999999994,47.97895316916118,67.89240876363883,5.825835820705283e-11,57.9356809664,47.97895316931533,47.97895316931272,47.97895316931912,47.97895316932778,47.9789531693429,47.97895316935955,47.978953169366406,47.97895316936612,47.9789531693625,47.97895316936243,47.978953169383914,47.97895316939763,47.978953169408996,47.978953169313804,47.978953169340876,47.978953169351186,0.00122,0.01866999999634164,0.055510000000000004,-1.6200915025937689e-12,1.6189200692667673e-12,0.010000000002004726,0.00504,0.011319999997202571,0.04816,-1.4509147639072394e-12,1.444672497118612e-12,0.01500000000127929,0.014000000000000002,0.019199999998438456,0.06440000000000001,-1.4763613919591616e-12,1.4687956528461139e-12,0.020000000000009496,0.009179999999999999,0.018559999997721344,0.047939999999999997,-1.3832627021342137e-12,1.388139702582541e-12,0.010000000000893586,0.00043,0.007069999997310174,0.04214,-1.3613522752413212e-12,1.3601407767817724e-12,0.01400000000127406,0.0013469612710828181,0.0082,0.008199999999704959,0.03321,-9.604535059788718e-13,6.456167358110878e-13,0.012709999998409102,0.00064,0.02099999999759037,0.06336,-1.5957358235186702e-12,1.6009200554756572e-12,0.011000000000811787,0.001615590801193576,0.007140000000000001,0.011679999996911609,0.038220000000000004,-1.4191785387146372e-12,1.4235849234334705e-12,0.011000000001667497,-2.2793744907530167e-13,-4.2768481089919337e-13,-3.9795331010802634e-13,-3.40949495791583e-13,-2.7487797975717414e-13,-2.7310840771708885e-13,-2.7649247874765327e-13,-2.979817984132394e-13,-3.0066778541112677e-13,-2.5408273666951847e-13,-0.10316816209772497,-0.08310266608791869,-0.06833629208524748,-0.04856991808382168,-0.014646083275512088,-0.01487970927355934,-0.0011133352709777227,-0.012476373999002269,-0.02415746080608005,-0.01191471280518468,-0.012148338803446372,-0.0013819648010868148,-0.010299122006235263,0.0004672519968031693,0.00023362599857998893,0.0017521950044156853,0.0012849430034660532,0.0011681300030384099,0.0010513170026407708,0.00035043900083877916,0.00023362600054567683,0.00011681300027192145,0.00011681300027515947,0.0005840650014619146,0.00035043900088793764,0.00023362600059500765,0.0001168130002987955,0.0003504390007213857,0.0002336260004664515,0.00011681300022339787,-4.949900417848551,0.4685804009538776,0.7084751667572884,0.9483699325440992,0.4685804008894936,-0.01120913081440793,0.6604962135836663,0.05341666083302952,0.5986033638235098,-0.011209130817269704,-0.011209130824656079,0.5165593540650933,0.06630522447810876,0.5165593540976411,-0.01120913082278249,-0.011209130839882524
6,2013-11-01 06:00:00,optimal,-5.529054129635534,-3.0813091212461006e-10,0.10137200020998707,0.10688676756236427,0.005518304999999999,1.2805228563769289,1.2777637038769578,9.611548658131255e-15,0.0027591524999999997,65.41280626996118,85.32626186443883,-1.530018497460095e-06,75.36953406720001,65.41280627028652,65.4128062702804,65.41280627027479,65.41280626997263,65.41280626953137,65.4128062695004,65.41280626947645,65.41280626945945,65.41280626940896,65.41280626943856,65.41280626941796,65.41280626939037,65.41280626938538,65.41280627027975,65.41280627028537,65.41280627028733,0.00122,0.018670000228174208,0.055510000000000004,1.0858695173867131e-09,4.427885433213493e-07,0.010000000857685182,0.00504,0.011320000362314018,0.04816,1.217950715742197e-09,4.425243800046109e-07,0.015000000855625738,0.014000000000000002,0.019200000425709147,0.06440000000000001,1.2792638222253076e-09,4.424017536278375e-07,0.020000000853543604,0.009179999999999999,0.01856000016838805,0.047939999999999997,1.026053305987308e-09,4.4290818290913974e-07,0.010000000857662256,0.00043,0.007070000530318224,0.04214,1.3863714543323372e-09,4.4218753864661223e-07,0.014000000856042529,0.0012848901694615187,0.0082,0.00819999914334124,0.03321,1.4396693570442893e-08,4.1702605804561655e-07,0.012710016110402306,0.00064,0.021000000533682096,0.06336,1.3909287628462161e-09,4.4217842596127976e-07,0.011000000857237902,0.0018918531159176643,0.007140000000000001,0.011680000347503407,0.038220000000000004,1.2048060897370784e-09,4.425506731000956e-07,0.011000000857295559,1.5240817999930282e-16,3.4400143884055986e-16,5.459300287086827e-16,8.575460031060715e-16,8.914640884037113e-16,9.05238977216171e-16,9.383995845007916e-16,9.608874176773095e-16,9.668212146302412e-16,1.2163645341976782e-16,-0.10137199950115333,-0.08184265347671774,-0.06721009607974734,-0.04757753880748515,-0.014181677732292397,-0.014549562263939065,-0.000917005203392448,-0.01234254715342582,-0.02376330329238219,-0.011788640670711711,-0.012156525202477864,-0.0015239681498485636,-0.009896788361242415,0.0007357690636909028,0.0003678845316916851,0.002759152499970956,0.0020233784999723736,0.001839434999973424,0.0016554914999750768,0.0005518304999919302,0.00036788699999457905,0.00018394349999726868,0.00018394349999716956,0.0009197174999857347,0.0005518304999913478,0.00036788699999418636,0.00018394349999708434,0.000551830499999049,0.0003678869999994245,0.00018394349999972714,-6.631027031123037,0.6300925617873059,0.9571565757243606,1.2842205989182596,0.6300925696117674,-0.024064492643561884,0.8917437474475991,0.05998375067322505,0.8073605793063544,-0.024064492650673838,-0.024064492651378847,0.6955053281188459,0.09968690030300319,0.6955053524723475,-0.024064492666515443,-0.024064492646398993
7,2013-11-01 07:00:00,optimal,-5.967378367080929,-7.96889238594012e-11,0.0987117290384975,0.10680122860284881,0.008142427499998496,1.2944489378134398,1.2903777240532397,-1.0335136961824646e-11,0.004071213749999248,71.60743413556118,91.52088973003883,-4.5646043353442245e-07,81.5641619328,71.60743413655972,71.60743413655078,71.60743413656103,71.60743413624077,71.60743413578258,71.60743413576846,71.60743413574609,71.60743413573813,71.60743413569344,71.6074341357269,71.6074341357408,71.60743413572222,71.60743413571085,71.60743413655747,71.60743413665705,71.60743413666242,0.00122,0.01867000042343428,0.055510000000000004,6.688833082774688e-10,6.615057935592932e-06,0.010000000245129845,0.00504,0.011320000383047677,0.04816,6.263261081811232e-10,6.615143346220079e-06,0.015000000242941987,0.014000000000000002,0.019200000356829956,0.06440000000000001,5.996122107219053e-10,6.615197093025954e-06,0.020000000242523866,0.009179999999999999,0.01856000042608014,0.047939999999999997,6.698456605786864e-10,6.615056952901069e-06,0.010000000243726324,0.00043,0.0070700003323690575,0.04214,5.760928525495215e-10,6.61524377745829e-06,0.014000000243413213,0.001513643974892592,0.0082,0.008199999756756858,0.03321,5.605137937060285e-10,6.615563933308804e-06,0.012710001040692599,0.00064,0.02100000031414325,0.06336,5.58905513558747e-10,6.6152782423301155e-06,0.011000000244465062,0.0015775812367072432,0.007140000000000001,0.01168000040402113,0.038220000000000004,6.48199529358267e-10,6.615099571442039e-06,0.011000000244096732,-4.87004720065512e-13,-9.069308494009231e-13,-7.501729016671325e-13,-7.513864317604744e-13,-7.560357566335776e-13,-7.714075552043539e-13,-7.429816862905266e-13,-7.457092390482371e-13,-7.418744790429342e-13,-5.227404631802691e-13,-0.09871172884103742,-0.07986981027385139,-0.06540602311041431,-0.04594223589364591,-0.013891775477004547,-0.014434603293545695,-0.0009708160292007072,-0.012173788381779887,-0.02258667333880726,-0.01095571277387492,-0.011498540590872328,-0.0010347532910125214,-0.009378131486971208,0.0010856556338460863,0.0005428278163985089,0.004071213760200083,0.002985556758270152,0.0027141425073672998,0.0024427282566242907,0.0008142427522375236,0.0005428285014993774,0.0002714142507571839,0.00027141425072816337,0.0013570712536479623,0.0008142427521819869,0.0005428285014549934,0.00027141425072543004,0.0008142427514436809,0.0005428285009196256,0.00027141425044080453,-7.068493641336458,0.6776774901829586,1.0357146668251263,1.393751841326655,0.677677490012088,-0.03887054681307526,0.964107239913933,0.06951760517713139,0.8717337298944411,-0.038870546834940504,-0.03887054684550326,0.7492849400475151,0.074095988441396,0.7492849272269761,-0.03887054687688184,-0.0388705468017949
8,2013-11-01 08:00:00,optimal,-4.350100055158907,-6.117182832316046e-12,0.0981502243087698,0.10562931117601246,0.0079171275,1.2214795880763125,1.2175210243213443,-4.9784810073338194e-12,0.00395856375,55.42023413556118,75.33368973003883,-1.748360518166736e-08,65.3769619328,55.42023413571534,55.42023413571364,55.42023413571848,55.42023413572308,55.42023413573336,55.420234135741914,55.420234135744174,55.42023413574253,55.42023413575144,55.42023413575219,55.420234135768865,55.42023413577916,55.42023413578804,55.420234135714544,55.42023413573008,55.420234135735825,0.00122,0.018670000017056775,0.055510000000000004,3.058460179676329e-11,5.475503735496915e-05,0.010000000013459878,0.00504,0.01132000001662023,0.04816,2.9666973858805495e-11,5.475503927980117e-05,0.015000000012976676,0.014000000000000002,0.0192000000173884,0.06440000000000001,2.9535970886762034e-11,5.475503951073046e-05,0.020000000012072285,0.009179999999999999,0.018560000013843045,0.047939999999999997,2.5956767266830912e-11,5.475504768379308e-05,0.01000000001211139,0.00043,0.007070000012639707,0.04214,2.5759033631756938e-11,5.475504724176903e-05,0.014000000013060477,0.0010723536193873752,0.0082,0.008199999987825002,0.03321,4.6384101206384724e-11,5.4755034757500894e-05,0.012710000069020956,0.00064,0.021000000016995944,0.06336,2.9970596916491125e-11,5.475503836530635e-05,0.011000000012945843,0.0008469573542471247,0.007140000000000001,0.01168000001627644,0.038220000000000004,2.97792551703981e-11,5.475503920735268e-05,0.011000000013499154,-2.2269878674093868e-13,-4.309175572865693e-13,-4.07737563615741e-13,-3.8717866520670557e-13,-3.353939996860688e-13,-3.361366780983071e-13,-3.534659929309458e-13,-3.867608172095728e-13,-3.9317107736675103e-13,-2.346497742631647e-13,-0.09815022430117089,-0.07915194809844907,-0.06462500153247654,-0.04509805496717712,-0.013543683257106977,-0.014071491720839772,-0.0005445451468208568,-0.012236946617495012,-0.022027425136558112,-0.010318286982820463,-0.010846095446705574,-0.00031914888167851725,-0.009471329638190822,0.0010556169282318235,0.0005278084644310558,0.003958563754968055,0.002902946754110456,0.0026390425036796764,0.002375138253272356,0.0007917127510179612,0.000527808500668991,0.00026390425033483687,0.00026390425035199074,0.0013195212518682395,0.0007917127511496338,0.0005278085007762464,0.0002639042503912923,0.0007917127506346959,0.0005278085003994096,0.00026390425018891996,-5.439508412004017,0.5279856084446045,0.8050867792030768,1.0821879498443299,0.5279856089422967,-0.029251270159247656,0.7496665455132598,0.030178818013909398,0.6781744458876487,-0.02925127016058912,-0.02925127016762677,0.583405842607825,0.01768730422652094,0.5834058426851562,-0.02925127016291753,-0.029251270197834398
9,2013-11-01 09:00:00,optimal,-3.378807841513426,-3.468847024136839e-12,0.09858203088168406,0.10540384191135575,0.008143184999999997,1.1684341185550133,1.1643625260475174,-7.564595287588004e-12,0.004071592499999999,45.30202420276118,65.21547979723883,-3.4275016644325085e-09,55.258752,45.30202420301659,45.30202420301192,45.30202420302051,45.30202420298892,45.30202420294558,45.30202420297561,45.30202420298949,45.30202420298996,45.3020242029539,45.30202420295679,45.30202420298522,45.30202420300181,45.30202420301781,45.30202420301358,45.302024203067106,45.30202420308806,0.00122,0.01866999999968015,0.055510000000000004,5.007400075083933e-12,0.0001651717370679406,0.010000000005304795,0.00504,0.011319999998562638,0.04816,4.732671537276093e-12,0.00016517173780754863,0.015000000006029964,0.014000000000000002,0.019200000000318088,0.06440000000000001,4.550604720732888e-12,0.00016517173808005642,0.020000000004072576,0.009179999999999999,0.018559999999206506,0.047939999999999997,4.6149773106865126e-12,0.0001651717380509681,0.010000000005401856,0.00043,0.00706999999770407,0.04214,3.937138449811381e-12,0.00016517173975670965,0.01400000000612308,0.0008351708505831183,0.0082,0.008199999995793671,0.03321,1.7211122873867112e-11,0.0001651717315290214,0.012710000022791395,0.00064,0.021000000001708093,0.06336,4.728402886778954e-12,0.00016517173780223354,0.01100000000301756,0.0008586709756612111,0.007140000000000001,0.0116799999988602,0.038220000000000004,4.94092431200896e-12,0.00016517173804373613,0.011000000006073712,-4.569153221177792e-13,-8.059061219752149e-13,-7.305121913835725e-13,-5.716317367787429e-13,-4.244603772204799e-13,-4.1743820420111433e-13,-3.9063577465291587e-13,-3.9059149349265036e-13,-3.8407490385194176e-13,-5.489114825959432e-13,-0.0985820308818646,-0.07942320336551249,-0.06480091061838666,-0.045178617872944624,-0.013371705618459654,-0.013914584606334003,-0.0002922918571638714,-0.012332292757611416,-0.02218461950774115,-0.01039520573812666,-0.010938084726350923,-0.00031579198224096776,-0.009536534770690917,0.0010857579767149556,0.0005428789885954474,0.004071592507495929,0.0029858345053787733,0.0027143950045751455,0.0024429555038484557,0.000814318501289193,0.0005428790008282587,0.0002714395004105413,0.00027143950038340697,0.0013571975019938795,0.0008143185011597755,0.0005428790007586116,0.0002714395003759566,0.0008143185016609004,0.0005428790011118309,0.0002714395005442534,-4.4659655491417265,0.4359093387034806,0.6624194597849209,0.8889295807236754,0.4359093387524108,-0.024593517346128076,0.6171174356744236,0.013241412489460931,0.5586778248349097,-0.02459351735171521,-0.024593517361970123,0.48121136283614574,0.01430601572452261,0.4812113629855362,-0.02459351735696029,-0.024593517378488312
10,2013-11-01 10:00:00,optimal,-2.6279770438398806,-1.1092845480634543e-13,0.09964790556229039,0.10567608656330878,0.008226165000000002,1.1214993633121533,1.1173862808118675,-2.85279778019533e-13,0.004113082500000001,37.30989620276118,57.22335179723882,-7.950630431796668e-11,47.266624,37.30989620276598,37.30989620276595,37.30989620276601,37.30989620276614,37.30989620276635,37.30989620276644,37.309896202766396,37.309896202766396,37.309896202766296,37.30989620276639,37.309896202766474,37.309896202766474,37.30989620276654,37.309896202765955,37.3098962027666,37.309896202766815,0.00122,0.0186700000000144,0.055510000000000004,1.7561872277011502e-13,0.0002747479995845728,0.01000000000016097,0.00504,0.011319999999987222,0.04816,1.7329963678053045e-13,0.0002747479995870022,0.015000000000184413,0.014000000000000002,0.019200000000117547,0.06440000000000001,1.6964638495304905e-13,0.00027474799959150407,0.020000000000050484,0.009179999999999999,0.01856000000000986,0.047939999999999997,1.5832697927624368e-13,0.0002747479996294722,0.010000000000147719,0.00043,0.00706999999994213,0.04214,1.4369128774007953e-13,0.0002747479996550119,0.014000000000200288,0.0007867572351372061,0.0082,0.008200000000003557,0.03321,3.157603983481737e-13,0.00027474799956283836,0.012710000000237606,0.00064,0.021000000000090134,0.06336,1.5735471472431752e-13,0.0002747479996234827,0.011000000000066913,0.001179329326003204,0.007140000000000001,0.01167999999992076,0.038220000000000004,1.3318194980271478e-13,0.00027474799972767656,0.011000000000211065,-7.251758883672953e-15,-1.390036290276503e-14,-1.8202806557963354e-14,-2.4477658291564927e-14,-2.467898350158876e-14,-2.5029579035683014e-14,-2.4894061148155158e-14,-2.4847620097199022e-14,-2.4788365803474846e-14,-7.683243588736013e-15,-0.09964790556230868,-0.08029205356177208,-0.06556571656190802,-0.045839379562173356,-0.013416272235688767,-0.01396468323527047,-0.00023834623532251672,-0.012436336999893102,-0.022696770326614747,-0.010808844326336548,-0.011357255325971548,-0.0006309183261885014,-0.009629515000698398,0.0010968219993330033,0.0005484109996492203,0.004113082500285872,0.0030162605002554397,0.0027420550002415045,0.002467849500223263,0.0008226165000743608,0.0005484110000497825,0.0002742055000250665,0.00027420550002492914,0.0013710275001243858,0.0008226165000744975,0.0005484110000496977,0.00027420550002481877,0.0008226165000231519,0.0005484110000154219,0.0002742055000076239,-3.7178530133562195,0.36288862389362847,0.5494381049084236,0.7359875859174247,0.3628886238948092,-0.020461157477762334,0.5121282087087874,0.008892673293289213,0.4639984426051726,-0.02046115747900097,-0.020461157479750622,0.40019852009433693,0.02353949725560241,0.40019852010360263,-0.020461157481569993,-0.020461157480280025
11,2013-11-01 11:00:00,optimal,-1.6297906596094818,-2.3118832210590865e-12,0.09950813399260343,0.10573121250037693,0.008205142499999998,0.9983778411152959,0.994275269861828,-3.4905260040148602e-12,0.004102571249999999,27.336648202761182,47.25010379723882,-7.357302649058095e-10,37.293376,27.33664820285969,27.336648202857575,27.336648202860413,27.336648202846217,27.336648202833896,27.33664820283251,27.336648202829892,27.336648202832443,27.336648202836763,27.336648202838262,27.336648202838912,27.336648202834485,27.33664820282956,27.33664820285723,27.33664820286575,27.336648202870986,0.00122,0.01866999999880677,0.055510000000000004,1.2509598631291858e-12,0.00024775799639808647,0.010000000002417074,0.00504,0.011319999999061262,0.04816,1.195258317505016e-12,0.00024775799615404053,0.015000000002099478,0.014000000000000002,0.019199999999497754,0.06440000000000001,1.1451430594999008e-12,0.00024775799626920985,0.020000000001619778,0.009179999999999999,0.018559999998872125,0.047939999999999997,9.265495384315034e-13,0.00024775799640520805,0.010000000002052416,0.00043,0.007069999998831026,0.04214,9.546548028013167e-13,0.0002477579965420752,0.014000000002091397,0.0006783998648487905,0.0082,0.008199999997705452,0.03321,6.154029703407593e-12,0.0002477579930035546,0.012710000009257417,0.00064,0.02099999999847438,0.06336,9.742091481846577e-13,0.00024775799668378057,0.011000000002484678,0.0013428125989554962,0.007140000000000001,0.011679999998988833,0.038220000000000004,1.1947767939196201e-12,0.0002477579961687068,0.011000000002206002,-1.742251382893602e-13,-3.2892949242889164e-13,-2.9650803159012177e-13,-3.013952275291536e-13,-2.401842313892277e-13,-2.3347987457381514e-13,-2.2395312810519488e-13,-1.965242801241442e-13,-1.90661555789948e-13,-1.92835005538308e-13,-0.09950813399374592,-0.08020065598504642,-0.0654999074856235,-0.045799158986564545,-0.013285129371982464,-0.013832138866994274,-0.0001313903671901045,-0.012410748503431579,-0.022813281114953878,-0.010949542106578105,-0.011496551601636167,-0.0007958031012970403,-0.009606729508714853,0.0010940189908293296,0.0005470094956659832,0.004102571253467914,0.0030085522526782883,0.0027350475023502382,0.002461542752055025,0.0008205142507269493,0.0005470095004695218,0.0002735047502313932,0.0002735047502216726,0.0013675237510287087,0.0008205142505836359,0.0005470095003823633,0.00027350475018823693,0.0008205142506157334,0.0005470095004230638,0.00027350475020863956,-2.7202188523420228,0.2651859490165293,0.40186919001547433,0.5385524310198077,0.2651859490067554,-0.01495340619276397,0.37453254182300133,0.003591772181116768,0.3392682657404759,-0.014953406193962857,-0.014953406194024466,0.29252259722904694,0.021754589354891937,0.29252259720734847,-0.014953406196834725,-0.014953406210569457
12,2013-11-01 12:00:00,optimal,-1.8656843818870368,-7.706591906592762e-14,0.09880892140765632,0.10553488540830923,0.00862005,1.0632650727507655,1.0589550477506515,-1.1338730492228897e-13,0.004310025,29.89761013556118,49.81106573003882,-3.661491942974493e-11,39.8543379328,29.89761013556409,29.897610135564033,29.89761013556408,29.897610135564182,29.89761013556447,29.8976101355644,29.8976101355643,29.89761013556433,29.897610135564616,29.897610135564673,29.897610135564655,29.897610135564566,29.89761013556447,29.897610135564022,29.897610135564353,29.897610135564495,0.00122,0.0186700000000744,0.055510000000000004,8.451882191916951e-14,0.00023676074982480856,0.010000000000010095,0.00504,0.011320000000004323,0.04816,9.740310605930909e-14,0.0002367607497748694,0.015000000000092203,0.014000000000000002,0.019200000000070373,0.06440000000000001,9.657223894849609e-14,0.00023676074977316256,0.020000000000025532,0.009179999999999999,0.018559999999991954,0.047939999999999997,9.785504828416464e-14,0.00023676074975073624,0.010000000000105551,0.00043,0.007070000000002775,0.04214,8.839398789389668e-14,0.00023676074979040465,0.014000000000084544,0.0007480776443297164,0.0082,0.008199999999955139,0.03321,1.996794667140601e-13,0.00023676074974222883,0.012710000000244531,0.00064,0.0209999999999735,0.06336,8.839816852464401e-14,0.00023676074978561698,0.011000000000114878,0.0010768077625710071,0.007140000000000001,0.011679999999997758,0.038220000000000004,1.0206932500246784e-13,0.000236760749757646,0.011000000000104268,-3.2306983978751875e-15,-6.4834462055516875e-15,-7.421847772010267e-15,-9.917909920969215e-15,-9.340466052512813e-15,-9.390090783201814e-15,-9.65744157749946e-15,-9.084570495869785e-15,-8.927353421848539e-15,-3.494420978844828e-15,-0.09880892140768015,-0.07963407990747076,-0.06497198915755044,-0.04530989840769851,-0.013260828394613487,-0.013835498394364432,-0.00017340764443622665,-0.012372090750040008,-0.02238697926317548,-0.01058955851288077,-0.011164228512631257,-0.0005021377626775116,-0.009512750750321227,0.001149339999593932,0.0005746699997863421,0.0043100250001137765,0.003160685000098906,0.002873350000092403,0.0025860150000849564,0.000862005000028318,0.000574670000018789,0.00028733500000941944,0.00028733500000968377,0.001436675000046693,0.0008620050000273297,0.0005746700000180649,0.0002873350000089539,0.0008620050000116247,0.0005746700000081065,0.00028733500000405833,-2.9541506101640054,0.28887342233300406,0.4383614730117863,0.5878495236875624,0.2888734223336434,-0.01718125961234271,0.40846386287645764,0.005184474144696422,0.3698959458049229,-0.017181259612173427,-0.017181259612328716,0.3187710324705292,0.015012719059692418,0.3187710324693757,-0.01718125961403542,-0.01718125961339995
13,2013-11-01 13:00:00,optimal,-4.480114342423735,-2.402905467676476e-12,0.09831392011168451,0.10531577415424097,0.008245319999999997,1.2419906953930493,1.2378680353895684,-3.56212059141174e-12,0.0041226599999999985,56.61856723636118,76.53202283083883,-4.379258716075141e-09,66.5752950336,56.61856723650737,56.618567236504965,56.61856723650701,56.61856723643532,56.618567236333185,56.61856723633073,56.61856723632599,56.61856723632043,56.61856723630931,56.61856723631713,56.61856723632142,56.61856723632054,56.618567236325,56.61856723650543,56.61856723651793,56.61856723652218,0.00122,0.01867000000095907,0.055510000000000004,6.246632797195284e-12,0.00015543323572594147,0.010000000005242279,0.00504,0.011320000001161686,0.04816,6.018698472355298e-12,0.00015543323598305565,0.015000000004788324,0.014000000000000002,0.01920000000237542,0.06440000000000001,6.019162509807878e-12,0.0001554332360326503,0.02000000000360673,0.009179999999999999,0.01856000000256289,0.047939999999999997,6.284821537682802e-12,0.00015543323685948183,0.01000000000368023,0.00043,0.007070000000283447,0.04214,5.354986099993437e-12,0.0001554332374677511,0.014000000004990886,0.0007658701887594344,0.0082,0.008199999996295705,0.03321,2.0303365524895585e-11,0.00015543322745406772,0.012710000025953065,0.00064,0.021000000001278146,0.06336,5.823779742431993e-12,0.000155433236553793,0.011000000004529624,0.000839903886840387,0.007140000000000001,0.011680000001313593,0.038220000000000004,6.327453389943345e-12,0.00015543323642301245,0.011000000005001138,-1.3033461130719606e-13,-2.5647944972021057e-13,-2.7211628860017357e-13,-2.9491488846572195e-13,-2.6904327409718836e-13,-2.7011215371482216e-13,-2.7801946180118026e-13,-2.8973342902301636e-13,-2.9174218579764536e-13,-1.3334522146587528e-13,-0.09831392011072677,-0.07920180560052462,-0.06459606035639255,-0.04499031511339109,-0.01327223945256321,-0.013821927441311076,-0.00021618219548817983,-0.012315745256771683,-0.022112330416924068,-0.010346273149024202,-0.010895961138016582,-0.000290215893568843,-0.009506369265873229,0.0010993759789116263,0.0005496879897640621,0.004122660003480977,0.003023284002990882,0.0027484400027372683,0.0024735960024697295,0.0008245320007927114,0.0005496880005239093,0.00027484400026242897,0.0002748440002700032,0.001374220001389394,0.0008245320008422019,0.0005496880005648887,0.0002748440002834166,0.0008245320003609748,0.0005496880002285072,0.00027484400010860415,-5.5663932962640725,0.5438635327825199,0.8269563689539119,1.1100492050723565,0.5438635327582583,-0.031122546730968693,0.7703378018129345,0.012239925789611363,0.6972998506977283,-0.031122546738014328,-0.03112254674482996,0.6004821000255495,0.016431607702175062,0.6004821000448414,-0.0311225467531821,-0.03112254678807806
14,2013-11-01 14:00:00,optimal,-5.455673238343594,-2.8021223287784434e-12,0.09715209274328,0.1054914848266322,0.009049620000000001,1.272309125619822,1.267784315613734,-6.069922838576723e-12,0.004524810000000001,67.35527220276117,87.26872779723882,-1.0792233426371034e-08,77.312,67.35527220305859,67.35527220305718,67.35527220306699,67.3552722031018,67.35527220316196,67.35527220317279,67.35527220317167,67.3552722031712,67.35527220320202,67.35527220319872,67.35527220322236,67.35527220323353,67.3552722032309,67.3552722030614,67.3552722030985,67.35527220309787,0.00122,0.0186700000070038,0.055510000000000004,1.5515684100103632e-11,8.87784672236343e-05,0.010000000008396974,0.00504,0.011320000007347376,0.04816,1.5105136149508175e-11,8.87784681036257e-05,0.015000000007686089,0.014000000000000002,0.019200000007171716,0.06440000000000001,1.4678494256107824e-11,8.877846898793285e-05,0.02000000000746016,0.009179999999999999,0.01856000000788881,0.047939999999999997,1.537533936649898e-11,8.877846762961629e-05,0.010000000007478397,0.00043,0.007070000005674354,0.04214,1.3527283873915357e-11,8.877847131860438e-05,0.014000000007777222,0.0008427219322407774,0.0082,0.008199999993192458,0.03321,2.3954572505879227e-11,8.877847758344588e-05,0.01271000003577791,0.00064,0.02100000000530518,0.06336,1.2934854871279503e-11,8.877847263626205e-05,0.011000000007530465,0.0009387627733125775,0.007140000000000001,0.011680000007668462,0.038220000000000004,1.6133408418801195e-11,8.877846573831094e-05,0.01100000000844999,-2.795742942949068e-13,-5.261799344581629e-13,-4.268132149778817e-13,-4.5044976238580664e-13,-4.4282000617553787e-13,-4.548146767468459e-13,-4.447094089193663e-13,-4.4870356792576136e-13,-4.4666547772598615e-13,-2.9778373703673474e-13,-0.09715209273911489,-0.07838776773558026,-0.06390229725282345,-0.04441682676940829,-0.013121576452471835,-0.013724884432236873,-0.00023941394617432967,-0.012195470520327477,-0.021809779834861612,-0.010217617294412916,-0.010820925274375802,-0.0003354547872436254,-0.00927885452094671,0.0012066159602087982,0.0006033079802218224,0.004524810006087828,0.0033181940049906962,0.003016540004463507,0.0027148860040354353,0.0009049620013441574,0.0006033080008996916,0.00030165400045581604,0.00030165400044571003,0.0015082700022394791,0.0009049620013427215,0.000603308000896464,0.00030165400044717257,0.000904962000816621,0.0006033080005172219,0.00030165400024865217,-6.543705652009155,0.6388964458595017,0.9756728068861849,1.3124491679458232,0.6388964458249757,-0.04063597413783237,0.9083175349058104,0.016125790575282184,0.8214292360718287,-0.04063597414542762,-0.04063597415102461,0.7062517183687654,0.02259464756828397,0.7062517179660868,-0.04063597415275496,-0.04063597416858158
15,2013-11-01 15:00:00,optimal,-6.2237696646837435,-1.6400122744563764e-11,0.09574218474206958,0.10606748446097111,0.010439010000000004,1.3349294722875422,1.329709967283428,-4.2199262555375756e-12,0.005219505000000002,76.42976723636117,96.34322283083883,-1.0448509473598433e-07,86.3864950336,76.42976723659936,76.42976723659625,76.42976723659928,76.42976723652083,76.42976723641763,76.42976723641968,76.42976723642083,76.42976723642576,76.42976723641178,76.42976723641672,76.42976723642256,76.42976723641807,76.42976723641453,76.42976723659821,76.4297672366347,76.429767236634,0.00122,0.01867000009574633,0.055510000000000004,1.490176308085101e-10,1.4213580418501787e-05,0.010000000053264872,0.00504,0.011320000087077679,0.04816,1.4039128981448784e-10,1.4213597335832835e-05,0.015000000053261598,0.014000000000000002,0.019200000070350776,0.06440000000000001,1.234162417644743e-10,1.4213631687025239e-05,0.02000000005293576,0.009179999999999999,0.01856000007688267,0.047939999999999997,1.3067771285524864e-10,1.4213617090548415e-05,0.010000000053735417,0.00043,0.007070000077148847,0.04214,1.3054510905333898e-10,1.4213617278895722e-05,0.01400000005337395,0.001130240250574237,0.0082,0.008199999947154615,0.03321,1.582455021668105e-10,1.4213648056540935e-05,0.012710000262111248,0.00064,0.02100000008073279,0.06336,1.3349394776133686e-10,1.421361152652278e-05,0.011000000052752658,0.001227243426289859,0.007140000000000001,0.01168000007218308,0.038220000000000004,1.2588457435381627e-10,1.4213627031423687e-05,0.011000000053686277,-2.08717829057415e-13,-3.5607189803200146e-13,-3.0707494325784783e-13,-3.043526393200982e-13,-3.06817466122022e-13,-3.086513991627231e-13,-2.762490985763562e-13,-2.5105873939377344e-13,-2.4517323325414826e-13,-2.531985893335521e-13,-0.09574218469903434,-0.07749749296879713,-0.06317921325876431,-0.04386093351470422,-0.013056652248474514,-0.013752586099545836,-0.00043430636945332186,-0.01202827996960763,-0.021486001535963955,-0.010153655417596287,-0.010849589268888316,-0.0005313095451694403,-0.008926412037118383,0.001391867703034735,0.0006959338515441386,0.00521950500411401,0.0038276370031007528,0.0034796700027484966,0.003131703002447447,0.001043901000890436,0.0006959340005951944,0.0003479670002984182,0.00034796700026566924,0.0017398350012621986,0.0010439010007245847,0.0006959340004742694,0.0003479670002341432,0.0010439010008060597,0.0006959340005537406,0.0003479670002759452,-7.31755289581333,0.7121939434479646,1.0943427809236987,1.4764916197072457,0.7121939462867642,-0.05319007133537909,1.01791301521993,0.03319392564078912,0.9193186337907884,-0.053190071348272465,-0.053190071352228814,0.7886237130229943,0.040607855781945056,0.7886237142793866,-0.053190071366642395,-0.05319007137074726
16,2013-11-01 16:00:00,optimal,-8.184351198624434,-1.764881726028695e-10,0.09439949134595542,0.10665197205131786,0.0122540474999985,1.441209611072023,1.4350825873220205,-1.0077322976289749e-15,0.00612702374999925,98.34772020276117,118.26117579723882,-2.012366722842218e-06,108.304448,98.34772020352867,98.34772020352068,98.34772020351294,98.3477202030457,98.34772020236215,98.34772020230969,98.34772020226703,98.34772020224116,98.34772020216005,98.3477202022114,98.34772020217667,98.34772020213018,98.34772020212304,98.34772020351997,98.34772020356301,98.34772020357737,0.00122,0.018669998301738027,0.055510000000000004,-9.018913963509545e-10,2.0325202127875764e-07,0.010000000796370725,0.00504,0.011319998291453996,0.04816,-9.133221962928273e-10,2.0327488339276793e-07,0.01500000079522448,0.014000000000000002,0.019199998293459614,0.06440000000000001,-9.124312484883847e-10,2.0327310168929484e-07,0.020000000794110004,0.009179999999999999,0.018559998290424724,0.047939999999999997,-9.132197188182215e-10,2.0327467813761066e-07,0.010000000796355926,0.00043,0.00706999829075379,0.04214,-9.137481368890346e-10,2.0327573522350565e-07,0.014000000795498688,0.0013464919074651716,0.0082,0.008199999204618787,0.03321,3.9319674718540345e-08,1.2361093046403738e-07,0.012710040911261579,0.00064,0.020999998291556146,0.06336,-9.123578516919343e-10,2.032729541659662e-07,0.01100000079608613,0.001595431639216096,0.007140000000000001,0.011679998290478853,0.038220000000000004,-9.134140010492092e-10,2.032750672569705e-07,0.011000000796108071,-1.746294771481936e-17,-3.700088377073167e-17,-5.807443813540488e-17,-9.006193161944415e-17,-9.222727764185848e-17,-9.340401033117733e-17,-9.681216909688078e-17,-9.735961132263284e-17,-9.761315165310071e-17,-1.583216427283572e-17,-0.09439949063280212,-0.0766668223667829,-0.06248355390703345,-0.04330028545018021,-0.012895891331944185,-0.013712825647623446,-0.0005295571867480451,-0.011893228911833524,-0.021221125657560472,-0.01014483106124564,-0.01096176537718073,-0.0007784969184989536,-0.008549399827985643,0.0016338686328312571,0.0008169343159341036,0.006127023750002273,0.004493150750002286,0.004084682500002225,0.0036762142500021007,0.001225404750000681,0.0008169365000004568,0.0004084682500002302,0.00040846825000024045,0.0020423412500012,0.0012254047500007232,0.0008169365000004849,0.00040846825000024283,0.0012254047499999842,0.0008169364999999869,0.0004084682499999929,-9.283974779604659,0.9031534274034113,1.3948920305567607,1.8866306312895713,0.9031534296302062,-0.08034380249149019,1.2965443104639756,0.05208056704566015,1.1696718618433195,-0.0803438024756976,-0.0803438025166486,1.0015011496376525,0.07656322213144155,1.0015011498476278,-0.0803438026112841,-0.08034380251657056
17,2013-11-01 17:00:00,optimal,-9.330490872228243,3.7825246056586925e-13,0.09378906588712654,0.10658282837094556,0.012793762499999996,1.440412622179064,1.4340157409230676,-5.919410242672087e-12,0.006396881249999998,111.20084310196117,131.11429869643882,1.8566706505573904e-10,121.1575708992,111.2008431029029,111.20084310289167,111.20084310289516,111.20084310290885,111.20084310292987,111.2008431029271,111.20084310291334,111.2008431029039,111.2008431030047,111.20084310300963,111.20084310306943,111.20084310309765,111.20084310313788,111.20084310289252,111.20084310297474,111.20084310293099,0.00122,0.018669999995415194,0.055510000000000004,-2.2202743445806106e-12,2.232194305069468e-12,0.0100000000023563,0.00504,0.01131999999655129,0.04816,-2.0997511617795e-12,2.0984988293617296e-12,0.015000000001233561,0.014000000000000002,0.01919999999582767,0.06440000000000001,-2.6221888248789585e-12,2.6292308143505963e-12,0.020000000001492713,0.009179999999999999,0.01855999999422365,0.047939999999999997,-2.9384952697317793e-12,2.9432828019969266e-12,0.01000000000275859,0.00043,0.007069999995019763,0.04214,-2.4137677498185514e-12,2.3994747206908935e-12,0.01400000000239143,0.0013438195730296686,0.0082,0.008199999997848392,0.03321,4.0134089211317854e-13,-4.1436802484070664e-13,0.01271000000251611,0.00064,0.020999999994243554,0.06336,-2.7453204485078996e-12,2.7087898193117206e-12,0.011000000002738373,0.0015290087648010128,0.007140000000000001,0.011679999994360351,0.038220000000000004,-2.9508358122073335e-12,2.8753233725899324e-12,0.011000000002229473,-2.3480990166703195e-13,-4.3583433817250365e-13,-5.34484555326933e-13,-4.805673668572398e-13,-4.206522816742582e-13,-4.078317660260062e-13,-4.0716467093718587e-13,-4.599057170329476e-13,-4.700313750506553e-13,-2.433601546378377e-13,-0.09378906588682033,-0.07620073587189372,-0.06205365336863341,-0.04290657086458299,-0.012785067080794865,-0.013637984577608822,-0.0004909020728886764,-0.011857082502028975,-0.020974421278157462,-0.009970256272947151,-0.010823173770021514,-0.0006760912646492751,-0.008441247510409818,0.001705834994623269,0.0008529174975370303,0.006396881255996456,0.004691046254964225,0.004264587504523911,0.0038381287539838507,0.0012793762512954606,0.000852917500840612,0.00042645875041388305,0.00042645875041187863,0.002132293752201803,0.0012793762513794592,0.0008529175009375254,0.0004264587504737603,0.0012793762507940214,0.0008529175005455745,0.00042645875025767576,-10.42942320044012,1.017163286442053,1.5731675018168512,2.129171717419201,1.017163286565862,-0.09484514472711554,1.461966658876173,0.054588724401861966,1.318517570974391,-0.09484514472723737,-0.09484514475536415,1.1283641296404407,0.0751819186603806,1.1283641296023694,-0.09484514475685138,-0.09484514480722744
18,2013-11-01 18:00:00,optimal,-7.132328413731377,-1.926074092081005e-14,0.09266432592540615,0.10532634340049835,0.012662017499999996,1.4004685750153316,1.3941375662573523,-7.891107924522139e-12,0.006331008749999998,88.69338613556117,108.60684173003882,-1.492480028453258e-10,98.6501139328,88.69338613633198,88.69338613632279,88.69338613632816,88.69338613637933,88.69338613644418,88.6933861364484,88.69338613643131,88.6933861364159,88.69338613652288,88.6933861365285,88.69338613658728,88.6933861366193,88.69338613665951,88.69338613632607,88.69338613642088,88.69338613637612,0.00122,0.018669999993850904,0.055510000000000004,-2.8429241873934296e-12,2.926806151924564e-12,0.010000000003262108,0.00504,0.011319999995747919,0.04816,-2.7405975743233938e-12,2.8167625519891945e-12,0.015000000001371873,0.014000000000000002,0.01919999999465802,0.06440000000000001,-3.28670554388746e-12,3.377850340872533e-12,0.020000000002013334,0.009179999999999999,0.01855999999277398,0.047939999999999997,-3.683419207495531e-12,3.7781977663515994e-12,0.010000000003505575,0.00043,0.007069999993924523,0.04214,-3.0323824591100994e-12,3.103034899628869e-12,0.014000000002881662,0.0007651861009857249,0.0082,0.008199999997068367,0.03321,2.3757583879795917e-13,-1.488727628027778e-13,0.012710000003261224,0.00064,0.020999999992533748,0.06336,-3.6089039959076483e-12,3.6644460565817295e-12,0.011000000003629112,0.0008511572575024628,0.007140000000000001,0.011679999993328782,0.038220000000000004,-3.671887143518736e-12,3.726099834696706e-12,0.011000000002763752,-3.0368596366177975e-13,-5.666082148703367e-13,-6.796101198503368e-13,-6.265508933692167e-13,-5.532154889921633e-13,-5.410675238012775e-13,-5.764942628822552e-13,-6.377403633222679e-13,-6.480737538696932e-13,-3.08327336879197e-13,-0.09266432592535084,-0.07504086390490854,-0.060884998400645166,-0.0417291328951796,-0.012232782611366956,-0.013076917107194453,7.894839886466396e-05,-0.011865865503184957,-0.020340484776454826,-0.009318753768978566,-0.010162888265006003,-7.022757641878894e-06,-0.008467596514178543,0.001688268992386085,0.00084413449637911,0.006331008757979472,0.0046427397566823955,0.004220672506110857,0.003798605255425104,0.0012662017517067858,0.0008441345011082171,0.00042206725054802903,0.00042206725058255854,0.002110336253084792,0.0012662017519167647,0.0008441345012963179,0.00042206725065326364,0.0012662017509898803,0.0008441345006765249,0.0004220672503188031,-8.218712840366674,0.8120647147527361,1.2555316452569845,1.6989985760453026,0.8120647148498428,-0.07486914680255452,1.1668382592799513,-0.007002200838618311,1.052423790909325,-0.07486914679173935,-0.07486914681979154,0.9007581009870426,0.000622872142907751,0.9007581009157591,-0.07486914681826533,-0.0748691468514572
19,2013-11-01 19:00:00,optimal,-5.566498618112089,-9.462072314581436e-14,0.09307982375750228,0.10466796874942279,0.011588145000000001,1.323365212415252,1.317571139912662,-2.5601210476250203e-12,0.0057940725000000005,71.40449013556119,91.31794573003884,-1.4935248870973084e-10,81.36121793280002,71.40449013571794,71.40449013571734,71.40449013572227,71.40449013575171,71.40449013579799,71.40449013580769,71.40449013581218,71.40449013581726,71.40449013582385,71.40449013582084,71.40449013583401,71.40449013584065,71.4044901358396,71.40449013571948,71.40449013574074,71.40449013573996,0.00122,0.018669999997968242,0.055510000000000004,-8.791095588358013e-13,9.353940129942794e-13,0.010000000001091944,0.00504,0.01131999999859986,0.04816,-8.143298509187678e-13,8.738984472356283e-13,0.015000000000534336,0.014000000000000002,0.019199999998687076,0.06440000000000001,-7.649369134022155e-13,8.27207240749394e-13,0.02000000000051209,0.009179999999999999,0.018559999998732542,0.047939999999999997,-7.248588385167291e-13,7.916731084781089e-13,0.01000000000054019,0.00043,0.007069999998489029,0.04214,-8.229228650638476e-13,8.821258732847529e-13,0.014000000000636266,0.0003031617140757373,0.0082,0.008199999999506281,0.03321,1.1080875271133112e-14,1.0857699785155704e-15,0.012710000000398604,0.00064,0.020999999998472945,0.06336,-8.133104370346936e-13,8.707057926670346e-13,0.01100000000065642,0.0006548070243288092,0.007140000000000001,0.01167999999819121,0.038220000000000004,-8.320578243827447e-13,9.003959730072738e-13,0.01100000000097376,-1.1715485170685683e-13,-2.1876358534902796e-13,-1.8383064892650042e-13,-1.8754165131946144e-13,-1.8964011447376172e-13,-1.9360189333849131e-13,-1.8626608861327303e-13,-1.8724506282465472e-13,-1.8642426349508168e-13,-1.261035819582602e-13,-0.09307982375750497,-0.07516999575097415,-0.060942538749474064,-0.04171508174804324,-0.011985532717296844,-0.012758075715866004,0.0004693812857430786,-0.011937457000490159,-0.020502092029323557,-0.009337178027461182,-0.010109721026126265,0.00011773597549094945,-0.008682371004411528,0.0015450859975545375,0.0007725429988958764,0.0057940725025897805,0.004248986502119879,0.0038627150018997877,0.003476443501714113,0.0011588145005784784,0.0007725430003879028,0.00038627150019592704,0.00038627150018864554,0.0019313575009456284,0.00115881450056632,0.0007725430003779275,0.0003862715001885309,0.001158814500351829,0.0007725430002244037,0.0003862715001077148,-6.646317357333691,0.6588818624790225,1.0159043131134053,1.3729267637870726,0.6588818624293623,-0.055163038933713084,0.9444998229855531,-0.033515931400669614,0.8523880306305966,-0.05516303893786239,-0.05516303894048296,0.730286352579023,-0.008406877313432667,0.7302863526038025,-0.05516303894019723,-0.05516303895714101
20,2013-11-01 20:00:00,optimal,-4.4745261338741615,-2.306934068103644e-12,0.093609706361791,0.10438635130283347,0.010776644999998503,1.413913080823795,1.4085247583172915,-6.596074005160126e-12,0.005388322499999251,59.30515826996119,79.21861386443884,-1.789019613007703e-09,69.26188606720001,59.30515827047449,59.305158270471,59.30515827047505,59.30515827041283,59.305158270311665,59.30515827031499,59.30515827030984,59.30515827031112,59.30515827032073,59.305158270333564,59.305158270352734,59.30515827035764,59.30515827037,59.30515827047516,59.30515827050198,59.305158270507185,0.00122,0.01866999999170223,0.055510000000000004,-3.5002639631169084e-12,4.0401345059243635e-12,0.010000000004681948,0.00504,0.011319999993154039,0.04816,-3.028070449773667e-12,3.5311608833127667e-12,0.015000000003514842,0.014000000000000002,0.0191999999936799,0.06440000000000001,-3.301959090365755e-12,3.851743021779853e-12,0.02000000000289005,0.009179999999999999,0.018559999990871268,0.047939999999999997,-4.54641953032191e-12,5.134619131501716e-12,0.010000000004553016,0.00043,0.007069999991750282,0.04214,-3.8500623745997856e-12,4.383967996566e-12,0.014000000004139878,0.00010595460903508248,0.0082,0.00819999999550689,0.03321,-2.4525333995512593e-13,1.1643283133137957e-12,0.012710000005532143,0.00064,0.020999999991004135,0.06336,-4.069378480120466e-12,4.6361917907892826e-12,0.011000000004828807,0.0005703966374430782,0.007140000000000001,0.011679999992421879,0.038220000000000004,-3.7927090258347025e-12,4.354448965916418e-12,0.01100000000375318,-2.53729051459513e-13,-4.792046162212041e-13,-5.389858492459108e-13,-4.580444189771967e-13,-4.58868934736634e-13,-4.632363146341783e-13,-5.183984677601328e-13,-5.82517531817266e-13,-5.924793724376144e-13,-2.7934852613960197e-13,-0.09360970636278891,-0.07548347832917861,-0.06120192132082342,-0.041920364312770735,-0.011950625628475004,-0.012669068621499857,0.0006124883883376641,-0.011991557008009995,-0.020688181673294503,-0.009415067658106718,-0.01013351065084584,0.00014804635993194575,-0.008844671023578962,0.0014368859858378438,0.0007184429926197932,0.005388322506503515,0.003951436505531754,0.003592215005054706,0.0032329935045203144,0.0010776645013471748,0.0007184430009035153,0.000359221500453848,0.0003592215005082658,0.001796107502723866,0.0010776645017054154,0.0007184430011539168,0.00035922150058189284,0.0010776645007185414,0.0007184430004388427,0.0003592215002397608,-5.551538451575471,0.5504442073987008,0.8469699986516732,1.1434957899860043,0.550444207455963,-0.0426073755654413,0.7876648404688423,-0.03632372096499676,0.7111611861915575,-0.042607375553387464,-0.04260737554841492,0.6097493657132341,-0.008779912962800365,0.6097493656327351,-0.04260737557635387,-0.042607375540864356
21,2013-11-01 21:00:00,optimal,-4.344393271497825,-2.0084608448449317e-13,0.09460292254724587,0.10408983753771786,0.009486915000000002,1.2719601621239969,1.2672167046235046,-5.024682791937683e-13,0.004743457500000001,57.27572020276117,77.18917579723882,-3.8173058464208154e-10,67.23244799999999,57.275720202781926,57.275720202781734,57.27572020278171,57.275720202773655,57.27572020276191,57.27572020276109,57.2757202027603,57.27572020275983,57.275720202757775,57.27572020275885,57.275720202758286,57.27572020275744,57.27572020275749,57.27572020278175,57.275720202783354,57.275720202783845,0.00122,0.01866999999908282,0.055510000000000004,-2.945878164425225e-13,4.149216056749929e-13,0.010000000000620006,0.00504,0.01131999999923688,0.04816,-3.003320532124346e-13,4.195917272266992e-13,0.015000000000452936,0.014000000000000002,0.019199999999594267,0.06440000000000001,-3.010588365456597e-13,4.2068955835253483e-13,0.020000000000095743,0.009179999999999999,0.01855999999945821,0.047939999999999997,-2.7347455744197297e-13,3.931360568014101e-13,0.010000000000264696,0.00043,0.007069999999140323,0.04214,-2.8285931807128445e-13,4.0332465687969003e-13,0.014000000000568955,2.3164522402588568e-05,0.0082,0.008199999999919097,0.03321,-2.1716931934158652e-13,2.993032900126766e-13,0.012709999999788302,0.00064,0.02099999999937591,0.06336,-2.9322069301970704e-13,4.145577121258574e-13,0.011000000000329675,0.00035667301023265365,0.007140000000000001,0.011679999999157887,0.038220000000000004,-1.8232900484090507e-13,2.9855757617773344e-13,0.011000000000655498,-1.053155341300841e-14,-2.0736489421925552e-14,-3.163502563830218e-14,-4.541618886959809e-14,-4.4433466287628645e-14,-4.4810070284658016e-14,-4.574521414721466e-14,-4.595969310620832e-14,-4.59404836946946e-14,-1.0380971794057715e-14,-0.09460292254715727,-0.07613276654276155,-0.061765227541599556,-0.042397688540793475,-0.012125781525431267,-0.012758242524244756,0.0006092964770174773,-0.012077539000377618,-0.020904368014414455,-0.00945929001292754,-0.010091751011846926,0.0002757879891873227,-0.00910261700307134,0.0012649219981721684,0.0006324609991609562,0.004743457500492234,0.0034785355004512794,0.0031623050004308925,0.0028460745003998345,0.0009486915001310623,0.0006324610000872975,0.0003162305000438305,0.00031623050004472104,0.0015811525002242981,0.0009486915001345326,0.0006324610000898157,0.0003162305000448957,0.0009486915000305647,0.0006324610000202751,0.00031623050001007384,-5.418450522193007,0.5365325428119238,0.8229111438165319,1.109289744810046,0.5365325427903255,-0.036224659240426026,0.7656354236194634,-0.034897894571409925,0.6917497445072044,-0.036224659244854025,-0.03622465924649821,0.593808262998056,-0.015795955737202213,0.5938082630100738,-0.036224659251690945,-0.03622465926026623
22,2013-11-01 22:00:00,optimal,-0.5445616650908891,-1.7666016225513773e-12,0.09618653785066997,0.10403482282870276,0.007848285,0.8167143291022564,0.8127901866002725,-2.001198147701981e-12,0.0039241425,16.82221523636118,36.73567083083882,-1.4871285453077476e-10,26.7789430336,16.8222152364261,16.822215236427464,16.822215236429507,16.822215236422686,16.82221523641675,16.82221523641859,16.822215236415577,16.822215236415417,16.82221523642185,16.822215236422924,16.82221523642503,16.82221523642509,16.82221523642277,16.822215236427596,16.82221523642788,16.822215236431116,0.00122,0.018669999998456095,0.055510000000000004,-1.7616513796100161e-12,1.955601625729409e-12,0.009999999999782495,0.00504,0.01131999999808205,0.04816,-1.7386259892336675e-12,1.93148078253114e-12,0.015000000000179804,0.014000000000000002,0.019199999997972537,0.06440000000000001,-1.8025145220375647e-12,1.9960790302767604e-12,0.020000000000221563,0.009179999999999999,0.018559999997406842,0.047939999999999997,-1.6804172804581996e-12,1.874239720363264e-12,0.01000000000089958,0.00043,0.0070699999979207204,0.04214,-1.6849447382121332e-12,1.8806610378801505e-12,0.014000000000390252,2.7008740899967245e-05,0.0082,0.008199999999258214,0.03321,-1.2462568773083089e-12,1.3749533365899804e-12,0.01270999999934205,0.00064,0.020999999997763415,0.06336,-1.6604780818192979e-12,1.855823513691545e-12,0.011000000000570517,0.0002978140791308318,0.007140000000000001,0.011679999996994435,0.038220000000000004,-1.832595036627697e-12,2.0246907899232046e-12,0.011000000001160361,-1.3474356763038063e-13,-2.021303451902058e-13,-1.7529777936279948e-13,-1.651233525223466e-13,-9.216054636139102e-14,-8.284785896566768e-14,-7.880471779760221e-14,-2.9315905113223054e-14,-1.8439267192496593e-14,-1.984747406082941e-13,-0.09618653785205244,-0.0772794138427074,-0.06280263284021204,-0.04332585183761008,-0.012457351746310925,-0.01298057074432471,0.0004962102583308099,-0.012186781001101505,-0.02139171908814077,-0.009728157084930767,-0.010251376082710597,0.00022540492010018662,-0.009430343007222853,0.0010464379963463048,0.0005232189982973085,0.003924142501983969,0.0028777045010865946,0.002616095000885229,0.002354485500711012,0.0007848285002899286,0.0005232190001719192,0.00026160950008129137,0.0002616095000771509,0.0013080475002574486,0.0007848285000919579,0.0005232190000441342,0.00026160950001661003,0.0007848285007629615,0.0005232190005647065,0.0002616095002961387,-1.6180706426003342,0.15942044975971204,0.24353152594812036,0.32764260213204005,0.15942044977713515,-0.008801702613312576,0.22670931071437955,-0.008347355781103514,0.2050086530332497,-0.008801702611253308,-0.008801702609373532,0.17624266500771588,-0.003791810094210741,0.1762426650204791,-0.008801702613890874,-0.008801702618065937
23,2013-11-01 23:00:00,optimal,-3.1688777971417905,-4.479251281173082e-13,0.09840569196396504,0.10410169445341262,0.005696002499999999,1.1795629506291732,1.1767149493776394,-1.5664176635480659e-12,0.0028480012499999996,43.11795826996118,63.03141386443882,-1.5628236552100994e-10,53.0746860672,43.1179582700275,43.117958270026215,43.117958270028716,43.11795827001001,43.11795826998414,43.11795826999118,43.11795826999381,43.117958269993295,43.117958269984655,43.11795826998617,43.11795826999359,43.11795826999734,43.117958270001324,43.11795827002672,43.11795827003939,43.117958270044234,0.00122,0.018669999998073922,0.055510000000000004,-9.126378734380918e-13,1.0186866020002488e-12,0.010000000001004494,0.00504,0.011319999997967622,0.04816,-9.082144255757962e-13,1.0083242254295825e-12,0.01500000000108008,0.014000000000000002,0.019199999998767085,0.06440000000000001,-9.281762418706045e-13,1.0281737622022903e-12,0.02000000000025635,0.009179999999999999,0.018559999998421735,0.047939999999999997,-8.340648066907449e-13,9.42037276773477e-13,0.010000000000741771,0.00043,0.0070699999980274805,0.04214,-8.387037792717344e-13,9.423851805668284e-13,0.014000000001095246,0.00013736932326898415,0.0082,0.008199999999832702,0.03321,-6.733063629705073e-13,6.09666411180566e-13,0.012709999999053517,0.00064,0.020999999998973354,0.06336,-8.861862874380473e-13,9.947832388594653e-13,0.011000000000139197,0.00025432512012096376,0.007140000000000001,0.011679999998214556,0.038220000000000004,-7.256509276556199e-13,8.317449449788932e-13,0.011000000001057253,-9.291941491247385e-14,-1.6637340263825507e-13,-1.4204428557878576e-13,-1.1174377017225013e-13,-9.258147664720226e-14,-9.310659878091006e-14,-8.507496923110312e-14,-8.845474653541374e-14,-8.794963383480643e-14,-1.0933084747506184e-13,-0.09840569196425594,-0.0789246259574228,-0.0643043594551774,-0.044684092953735384,-0.012998168827417559,-0.013377902325780571,0.00024236417641503372,-0.01233026649982135,-0.022065657624475862,-0.010115124623143474,-0.010494858121728465,0.00012540837956341282,-0.009860799504652918,0.0007594669973931208,0.0003797334987161707,0.0028480012515337107,0.0020885342511187273,0.0018986675009534909,0.0017088007508132823,0.0005696002502737754,0.00037973350017940033,0.00018986675008993197,0.00018986675008177226,0.0009493337504306833,0.0005696002502560883,0.0003797335001693204,0.0001898667500843802,0.000569600250322496,0.00037973350021336454,0.00018986675010347224,-4.243052519654738,0.41480624958077894,0.6303960409337287,0.8459858322492047,0.414806249566146,-0.016373333149774846,0.587278082661512,-0.01045024845843751,0.5316559163907952,-0.01637333315521497,-0.016373333159342012,0.4579242078124659,-0.005407353290336041,0.4579242078450207,-0.016373333163204006,-0.016373333164886296
