,Timestep,P Feed In,P Feed Out,P DER,P Local Gen,P Local Dem,Q Feed In,Q Feed Out,Q Local Dem,FT,GT,Surplus,Spot,Shadow Price 0,Shadow Price 1,Shadow Price 2,Shadow Price 3,Shadow Price 4,Shadow Price 5,Shadow Price 6,Shadow Price 7,Shadow Price 8,Shadow Price 9,Shadow Price 10,Shadow Price 11,Shadow Price 12,Shadow Price 13,Shadow Price 14,Shadow Price 15,DER1,gP1,B1,DER2,gP2,B2,DER3,gP3,B3,DER4,gP4,B4,DER6,gP6,B6,DER7,gP7,B7,DER8,gP8,B8,DER11,gP11,B11,DER12,gP12,B12,DER13,gP13,B13,Balance N0,Balance N1,Balance N2,Balance N3,Balance N4,Balance N5,Balance N6,Balance N7,Balance N8,Balance N9,Balance N10,Balance N11,Balance N12,Balance N13,Balance N14,Balance N15
0,2013-11-01 00:00:00,1.6605873677488474e-10,0.06076400663785602,0.0067797363075,0.06799999857459002,0.004165080000000001,2.2385137320787356e-10,-2.853925764921932e-11,0.0020825400000000003,65.78295485777696,84.37182114222304,0.6479818165824435,75.077388,65.78062576118145,72.00234804070632,80.29946091063367,94.85320862458562,112.10448572372427,113.78227491689047,114.66029713604752,115.04660724211932,120.47732447705583,119.58538595244616,123.17659404503183,125.5183149422585,126.23049771483107,70.46275001525281,72.48486567860344,72.84608984889422,0.0,0.005999999385026579,0.0040000006041236835,0.0,0.005999999903973094,0.004000000074642393,0.0,0.005999999759206336,0.004000000245372235,0.0,0.0059999997080149485,0.0040000002910975906,0.0,0.005999999921942246,0.004000000078717113,0.0024485786550000003,0.009999999965251846,0.02000000004924369,0.0,0.005999999909462263,0.0040000000598946085,0.0,0.005999999816648772,0.004000000186659508,0.0043311576525,0.009999999982873651,0.02000000001510464,0.0,0.005999999957427639,0.0040000000474938145,-3.9970943694713053,0.3764182761973935,0.37641831033402,0.37641830081117206,0.3764182974437706,-0.018265436516451527,0.3764183115160421,0.8006098535610725,0.376418310695101,-0.018265431971505708,-0.018265432836687353,0.37641830458977144,0.9244470792206535,0.3764183138502934,-0.018265436487761837,-0.0182654343531352
1,2013-11-01 01:00:00,0.00793369144622531,1.3251747241206978e-10,0.006114559553749949,-0.008726928313709173,0.0034434975000000017,2.2002798477887085e-10,-4.3817070190192913e-11,0.0017217487500000008,44.81063089957695,63.39949718402305,0.1190537348742577,54.1050640418,63.39980108189332,66.79987536246452,69.66663703467997,78.03210857222683,89.9609558567112,90.95565922943058,91.7513417604708,92.46675201835271,93.81228244592316,93.93895549636476,96.13754196706914,97.59805907844525,98.11788611078876,65.66233965471126,67.31963012934368,67.1080859624591,0.0,4.3133107522186026e-10,0.004000000187362721,0.0,-8.56379212546648e-11,0.004000000159027316,0.0,-1.5538848279274227e-09,0.004000001823812071,0.0,-1.441015560145929e-09,0.004000001894982431,0.0,-2.5363814129389232e-09,0.00400000265424675,0.00207483727624995,-0.004697214487926189,0.02469721455196277,0.0,-0.0009234022088975136,0.0049234022213183164,0.0,-0.0014543191335337246,0.005454319352948012,0.0040397222774999995,-0.0016519875342668469,0.02165198754753112,0.0,1.841681771330599e-11,0.0040000000288524205,-3.4940999183370836,0.3618638331086314,0.36186383446952636,0.3618637318601166,0.36186373564860425,-0.03281990585884725,0.36186368027489857,0.6197971895440424,0.3033203238973513,-0.032819897773846265,-0.03281989944171822,0.26966029037907535,1.0612745165428945,0.36186384458284954,-0.032819905761598094,-0.03281990167819613
2,2013-11-01 02:00:00,0.09384964211306304,1.5805536731902236e-10,0.0051794656812498,-0.07350396561948162,0.003127927500000001,2.7528424145093515e-10,-2.107234774166702e-11,0.0015639637500000005,26.932266857776956,45.52113314222305,1.019627152568863,36.2267,45.524730399181834,56.3990349386538,64.50215117794451,76.28847281419827,88.79008796012019,90.40651339205668,91.48510764434135,91.95740890791163,93.81026942671244,93.2118463495234,95.65051608323877,97.59611986548136,98.11579544980485,58.35579171706735,63.6885718630204,65.14356258558738,0.0,-0.00999994545394134,0.013999945601032288,0.0,-0.006368075950720024,0.010368076147361304,0.0,-0.009008710263797633,0.013008712025541911,0.0,-0.005358866077969384,0.00935886790025285,0.0,-0.005945097342172419,0.00994509995117059,0.0017848978787499,-0.009999998521942123,0.03469721308881981,0.0,-0.0054776744913483215,0.010401076675692877,0.0,-0.005653749026308779,0.011108068422501605,0.0033945678024999,-0.009737950131929421,0.03138993767775099,0.0,-0.005953898572828303,0.009953898596163876,0.7783797297243855,-0.10287419143161791,0.06246568990843793,-0.05774857788665866,0.10840959846068132,-0.04231310882301964,0.08172152283256096,0.2363137438175254,0.044457465721197686,-0.04231309819245569,-0.0423131004206726,0.0027816864686855958,0.7630005424336358,0.08132101348772175,-0.042313108793427645,-0.0423131032814157
3,2013-11-01 03:00:00,0.08069349500924826,1.5941574726530483e-10,0.0042044783924998505,-0.05947059307747773,0.0029431799999999997,2.8509728940223783e-10,-1.9502273232010656e-11,0.0014715899999999998,28.655480899576954,47.24434718402304,1.0623209018411084,37.9499140418,47.24744016029694,56.84271461467444,64.50246245414101,76.29097823617543,88.78953669218734,90.40536564981757,91.48505886504806,91.95398091504633,93.81021598704851,93.20706188324803,95.64962263102585,97.59652873373108,98.115795270169,58.35575515443257,63.81556393752863,65.32184606342024,0.0,-0.0020000543844313603,0.015999999925172665,0.0,-0.005631923453860554,0.015999999638731444,0.0,-0.0029912853096827775,0.015999997269466024,0.0,-0.0066411306388822955,0.01599999846699019,0.0,-0.006054898729911953,0.015999998635878414,0.0018079366862499,-0.009999998531311841,0.04469721163495193,0.0,-0.005598919227053847,0.01599999586551823,0.0,-0.004767662086549682,0.015875730551354137,0.0023965417062499503,-0.00973861955848431,0.0411285572345134,0.0,-0.006046101371008081,0.01599999996166416,4.590940798967076,-0.2066421560061103,-0.21289879119394367,-0.20834966628700316,-0.21463733872535673,-0.051583622743477456,-0.21362745731434418,-0.16001072272522254,-0.22934765015009712,-0.05158360947003065,-0.05158361227863177,-0.23174865739881914,0.40683564372921927,-0.21361231397080405,-0.051583622782584056,-0.05158361578319817
4,2013-11-01 04:00:00,0.005480831245714309,1.2721166278806733e-10,0.00376233025874985,-0.003758830841052661,0.0029299500000000006,2.3510073967989933e-10,-4.149989190942723e-11,0.0014649750000000003,44.19380083687696,62.782667121323044,0.16037135883945097,53.4882339791,62.7828769311076,66.6649495100642,68.77701647975755,77.49829924480608,90.01309694960158,91.23449860805692,92.04195257158355,92.4671213463943,94.59721578481305,94.18334725509717,96.20205513231429,97.59871368186808,98.11726308790854,63.92889169373473,66.34660898686076,66.73900164010333,0.0,0.0011587868468904414,0.014841213106211313,0.0,8.801319544874326e-10,0.01599999857885406,0.0,4.430200769884431e-09,0.01599999255256646,0.0,3.371868626516087e-08,0.015999965092052364,0.0,1.404285989882695e-09,0.01599999719842652,0.0017726700324999,-0.0032446547004530662,0.04794186634942899,0.0,-3.5853681639387844e-10,0.015999996178272902,0.0,-0.00012423597475597835,0.01599996644013182,0.00198966022624995,-0.004062210514619466,0.04519076774721903,0.0,0.0025134432094087752,0.01348655675385461,4.935043144560213,-0.14615356335935473,-0.22516211528768074,-0.22061276749720668,-0.2268986011201799,-0.06384700100938642,-0.22589074850018295,-0.26468953432875675,-0.24161105201102318,-0.0638469842212235,-0.06384698783099653,-0.25181192866329316,0.26445159469003116,-0.06807449763211806,-0.06384700101012986,-0.06384699207258794
5,2013-11-01 05:00:00,0.0005000776297762503,-1.0155283126491165e-10,0.0044438281074999,0.0054603215696834104,0.0035043899999999987,2.2167788475638811e-10,-4.074103009827253e-11,0.0017521949999999994,49.402612836876955,67.99147912132304,0.46913011967463275,58.6970459791,67.99147456661264,66.66403362195442,69.06884249429149,77.82223514298781,90.2691429432035,91.55032310160041,92.32829147261445,92.46946488153068,95.3776240368405,94.71695719758992,96.51075609637064,97.72649248501855,98.11913818653504,63.926899272438945,63.628857948266635,62.89093241067286,0.0,-0.0011587866585650386,0.015999999750744773,0.0,-1.0501822388136014e-09,0.0159999997953069,0.0,-6.6675861366332925e-09,0.015999999509034447,0.0,-3.501659535667497e-08,0.015999999966887137,0.0,-2.6031385236883704e-09,0.01599999987272377,0.00202044190624995,0.005941866110807876,0.04200000022124149,0.0,-3.7220666957737886e-09,0.015999999902538302,0.0,-3.351456826222975e-08,0.01599999991817524,0.00242338620124995,0.003190767695440013,0.04200000004935432,0.0,-0.00251344321840152,0.015999999973263776,4.969044166911203,-0.24082575322040906,-0.24104676292821917,-0.23649779707331936,-0.24278555818723194,-0.07973157606781221,-0.24177550172850912,0.26079495246746687,-0.2574958813169257,-0.07973155544679454,-0.07973155992902585,-0.2676987836053082,0.6302816203327766,-0.25485178452778945,-0.07973157609922606,-0.07973156520011995
6,2013-11-01 06:00:00,1.6708735940188184e-10,0.028723814760633192,0.004772231704999951,0.038160272517883176,0.005518304999999999,1.8258861026285202e-10,-2.7661111134095703e-11,0.0027591524999999997,67.06557389957696,85.65444018402304,0.5828160647314726,76.3600070418,67.06447293068967,74.37681427878081,83.5778244851895,99.11302751554602,117.36829827728849,119.79875604704796,121.24298749778671,121.84173022068369,125.95921046447114,124.90227849682788,128.56339621532885,131.0763715549928,131.80906144124557,72.93017812832854,75.17813434223066,75.59132951198634,8.8992e-07,0.001999999483532262,0.014000000269316578,8.8992e-07,0.001999999848247362,0.013999999946692267,8.8992e-07,0.0020000006619251675,0.013999998816382959,8.8992e-07,0.002000001147404244,0.01399999874554443,8.8992e-07,0.0020000003273668463,0.013999999519520948,0.0019273339624999502,0.010000000006376627,0.03200000019704705,8.8992e-07,0.0020000164546825415,0.013999983413931041,8.8992e-07,0.00416025435221703,0.011839745571391882,0.0028377783825,0.009999999986782864,0.03200000005987974,8.8992e-07,0.0019999999741154638,0.01400000000051081,3.0426966806361997,-0.13130930773296848,-0.13153029298135266,-0.12698127255757968,-0.13326900111309387,-0.10440372232183595,-0.1322589996497469,1.036023170805433,-0.1479782976682366,-0.10440369690146592,-0.10440370228045778,-0.013305983953567413,1.466568312516688,-0.14533530613964502,-0.10440372235590253,-0.10440370919023918
7,2013-11-01 07:00:00,1.576720359335906e-10,0.08745934083241334,0.004742699533749901,0.09783972470764717,0.008142427499998496,1.0795454975234361e-10,-1.0825333085567566e-11,0.004071213749999248,73.34160881597695,91.93047510042304,0.5119491449835585,82.6360419582,73.33825647547035,79.06673771097614,87.24163140159605,101.7406476848343,118.91836077474352,121.28472009360841,122.67640345942226,123.25855384040636,126.0407275880871,125.52152460048092,128.88107229282443,131.07806922652455,131.80945435574682,77.16515264979057,79.05507505727195,79.34707615909909,1.3232805e-05,0.009999999542116162,0.0040000007186394215,1.3232805e-05,0.009999999793373064,0.004000000150830534,1.3232805e-05,0.009999998490909006,0.004000000285563468,1.3232805e-05,0.009999998527630644,0.004000000136029995,1.3232805e-05,0.009999999423039635,0.004000000067855467,0.00227046559999995,0.010000000007848621,0.022000000171339865,1.3232805e-05,0.00999998327991828,0.0040000000957056995,1.3232805e-05,0.007839745431060925,0.004000000143773273,0.00236637149374995,0.009999999986598309,0.022000000070564872,1.3232805e-05,0.00999999994424362,0.004000000056711272,-3.371418876943513,0.563233598533125,0.5630126317114841,0.5675615566148138,0.5612738307524006,-0.14421381641822917,0.5622838978834819,1.8961076288720822,0.5465634159566177,-0.14421378573355378,-0.14421379210731114,0.5228076522637679,2.333686340058223,0.5492076296177753,-0.14421381635389807,-0.1442138006114784
8,2013-11-01 08:00:00,9.247078718477909e-10,1.6558418701789153e-10,0.0037550480249999994,0.010488637332270274,0.0079171275,1.204697558593219e-10,-9.07673816126358e-12,0.00395856375,56.94168381597696,75.53055010042304,0.4494924790540684,66.2361169582,71.04849671183041,69.3860164084349,72.51392970010838,81.88537550409998,94.19336255356168,96.23315160478984,97.59701159419883,98.18848857595012,98.82418382780881,98.34933564877055,100.36194294551595,101.73495521345444,102.14628838168242,68.47551574453817,69.30612509579785,69.11994901978606,0.0001095102,-0.0038966553420757568,0.007896656066193266,0.0001095102,-5.717506387236922e-11,0.004000000303417556,0.0001095102,-1.197046537949437e-09,0.004000001501103894,0.0001095102,-5.953985346261161e-10,0.004000000664359675,0.0001095102,-5.752311791234354e-11,0.004000000125642672,0.0016085304112500001,0.009999999882477868,0.012000000271210827,0.0001095102,-3.381637033620897e-10,0.0040000004162647285,0.0001095102,-4.591019398572863e-10,0.004000000602521633,0.00127043601375,0.009999999919145974,0.012000000148828644,0.0001095102,-0.00561470465120198,0.00961470470868735,-3.3714188230089164,0.25666262888240504,0.5332931622571675,0.5378420061743425,0.5315543230581155,-0.18171381560473776,0.5325644284044366,2.683376254798464,0.5168439265384808,-0.1817137807710103,-0.18171378804443641,0.493088154253151,3.096933869900752,0.12057183927683823,-0.18171381547353552,-0.18171379749166033
9,2013-11-01 09:00:00,0.010415063264062314,1.372396819872594e-10,0.00518351073374985,-0.0024886405549887558,0.008143184999999997,1.068861297180395e-10,-1.1676987451988374e-11,0.004071592499999999,46.69050485777696,65.27937114222304,0.32422818805197184,55.984938,65.2797702044751,69.38912170413316,71.21272832807243,79.11411370981338,89.01397042667332,89.2937843484975,89.18878949972908,89.23053634060689,91.73813388242706,91.44896371235582,92.15081259030465,92.7270985949466,92.8698594633615,68.47996737304864,74.87163319362948,77.00144785728297,0.0003303435,0.0038966557315177597,0.004000000343538291,0.0003303435,-2.109588422450305e-11,0.004000000219812351,0.0003303435,6.536086752528698e-10,0.00400000083127582,0.0003303435,-7.917204409958814e-11,0.004000000750467375,0.0003303435,-6.508951574549194e-11,0.0040000001886362005,0.00125275627249995,-0.00600000006931593,0.018000000340443117,0.0003303435,-1.6687098080608408e-10,0.004000000561627736,0.0003303435,-1.855502678440798e-09,0.004000002461118502,0.0012880064612499,-0.005999999546655948,0.017999999754255,0.0003303435,0.0056147046389919296,0.004000000070556839,-2.691525895424833,0.497161151001542,0.5194188922797398,0.5239677802414734,0.5176800492894894,-0.2171528308685351,0.5186901555551148,2.338038254268862,0.5029696470448882,-0.2171527924562203,-0.21715280059711503,0.47921376452606934,2.753897027711534,0.47322419927593845,-0.21715283048264894,-0.21715281016347096
10,2013-11-01 10:00:00,0.03500468609523544,1.6248045994002475e-10,0.00734509784124995,-0.022737239786440468,0.008226165000000002,1.1536987828528648e-10,-4.581120223226748e-12,0.004113082500000001,38.59334785777695,57.182214142223046,0.6511136385138312,47.887781,57.18355582797127,62.51495317669204,65.57447969325561,73.36932915262733,82.98896140761366,83.27978165434328,83.37906558856758,83.5412070300402,86.85659178448448,86.64308231211957,88.79909129490318,90.45528141042959,90.99823574717794,64.96303011716239,70.92782668720376,72.67006089372342,0.000549496,-1.8069739634711402e-10,0.0040000005267776745,0.000549496,-9.733711498252793e-11,0.004000000324610035,0.000549496,-1.5189422394100504e-09,0.004000002348528273,0.000549496,-1.6107852349929838e-09,0.004000002599036828,0.000549496,-0.0017321190858910463,0.005732119269379934,0.0011801358525,-0.009999999858329322,0.028000000199119798,0.000549496,-9.096972385209265e-05,0.0040909701942795865,0.000549496,-0.0009141479655767141,0.004914150413938408,0.00176899398874995,-0.009999999991266608,0.027999999804539107,0.000549496,3.289524856728428e-11,0.004000000036671175,-0.6898334831485382,0.4972231848266957,0.5194809308717309,0.5240297375410284,0.5177420013371353,-0.24851292099777267,0.4197034712644429,1.8023269774612332,0.49782971892041034,-0.2485128795611602,-0.24851288839205998,0.4270015774595603,2.2518587454110826,0.47328624531507907,-0.2485129204317714,-0.24851289816143668
11,2013-11-01 11:00:00,0.10414222891493878,1.5910814932793326e-10,0.00699594669249975,-0.08455262870196033,0.008205142499999998,1.301348716525867e-10,-3.215242158271364e-14,0.004102571249999999,28.48903585777695,47.07790214222304,0.8653842428855245,37.783469,47.08189391734572,55.8340966882597,61.25558869630682,70.8877934206627,82.07210976165402,83.008406382525,83.37763077633336,83.53057211252275,86.85413801237343,86.45488977270516,88.79809541478404,90.45314975648871,90.99159359879336,59.050186564757794,64.82306554073487,66.39205769153139,0.000495516,-0.009999995733406219,0.013999996248689885,0.000495516,-0.009999999614114517,0.014000000071212312,0.000495516,-0.009999994669879754,0.013999997177371194,0.000495516,-0.008705653186633695,0.012705655819799556,0.000495516,-0.004961361887345452,0.010693481153774283,0.0010175997962499,-0.009999999858699997,0.03800000005820722,0.000495516,-0.0056288535515532446,0.009719823729045467,0.000495516,-0.005526399170785029,0.010440549587825445,0.00201421889624985,-0.009999999991074829,0.03799999985465246,0.000495516,-0.009730371243826271,0.013730371274195505,4.213379883449431,0.023980035028121405,0.04623759836206026,0.050786637815294355,0.10543895001841208,-0.2742671635050989,0.18368874569444932,1.353664327347018,0.23038822162547296,-0.27426711957733596,-0.27426712896698424,0.16438382645131938,1.8501188038066076,0.01273752713242643,-0.2742671629253093,-0.2742671391546991
12,2013-11-01 12:00:00,0.07228992665376142,1.6182686123930107e-10,0.006525500109999901,-0.04871012287746628,0.00862005,1.1702896112116916e-10,3.208895565918521e-12,0.004310025,31.083652815976958,49.672519100423045,1.0672862086971036,40.3780859582,49.67528996325696,57.194659512205995,62.337857648065594,71.43138166745561,82.07443566955651,83.00759082056747,83.37747775747056,83.52843591145711,86.85385043442166,86.44946917598972,88.79326118464986,90.45313465762294,90.99177907526415,59.053145244589786,65.17249219562096,66.88411094603683,0.0004735215,-0.0020000036788127575,0.01599999990204653,0.0004735215,-0.0019999996535243862,0.01599999985526598,0.0004735215,-0.0020000022974765034,0.01599999962466397,0.0004735215,-0.0032943440045215197,0.015999999855430356,0.0004735215,-0.005306518780560889,0.01599999993091535,0.0011221164662499,-0.009999999858071438,0.04799999991646046,0.0004735215,-0.006280176085149345,0.01599999979752879,0.0004735215,-0.005559450008500374,0.015999999598753246,0.00161521164375,-0.009999999988908267,0.047999999902469746,0.0004735215,-0.0022696287278522933,0.01599999999505094,7.804402943358811,-0.08039530871133145,-0.05813754542002558,-0.053588637305879566,-0.06323312471176001,-0.3028140616039502,-0.08493869449223007,0.884105996715115,-0.08660592749148122,-0.30281401504654487,-0.30281402502644095,-0.11680804582401655,1.4050551125971484,-0.10503151909942277,-0.30281406100272196,-0.30281403563698056
13,2013-11-01 13:00:00,0.013203955833733785,1.4537752058288997e-10,0.0048955931062498,5.474026692425384e-10,0.008245319999999997,1.0581132333033463e-10,-9.240207688205814e-12,0.0041226599999999985,58.15576487867696,76.74463116312305,0.7562641822668994,67.4501980209,76.74513714055075,80.11863391768439,83.44522655906871,90.49673137599291,98.50814517714313,98.01991029899658,97.78467122925215,97.87478281347154,101.01332998758346,100.8780540458333,102.21548714731105,103.34927850837038,103.70841513788386,79.05130611252653,81.09974289255128,81.21821435646791,0.0003108665,1.8078181064060449e-10,0.015999999734271547,0.0003108665,-7.489059139584711e-11,0.01599999994191129,0.0003108665,-7.454275347105844e-12,0.015999999611144598,0.0003108665,1.937598115169647e-10,0.015999999724008028,0.0003108665,2.2569624376237252e-11,0.015999999906062,0.0011488052799999001,-1.319345905827401e-11,0.047999999934681854,0.0003108665,8.085638568325607e-12,0.015999999756545015,0.0003108665,3.426384686277223e-11,0.01599999956468719,0.0012598558262499,-5.798457018186802e-11,0.04799999995792774,0.0003108665,1.5515381276558814e-11,0.015999999978539826,8.817742333459467,-0.09872368360681864,-0.07646593993712633,-0.07191702664757099,-0.08156149861124876,-0.34499994113062893,-0.1032670815297332,0.9300853335194473,-0.10493431564055981,-0.3449998899913667,-0.3449999009940173,-0.13513643196404496,1.45955703536547,-0.12335990667830474,-0.34499994009554324,-0.3449999119522333
14,2013-11-01 14:00:00,0.012072044409852841,1.4668475322676898e-10,0.004092683042499851,2.5267340028208113e-09,0.009049620000000001,9.072698017420268e-11,2.6560424792051922e-12,0.004524810000000001,69.03356685777696,87.62243314222304,0.6234465268332074,78.328,87.6228957132967,91.38553135315053,95.06374758991223,101.84954595967824,109.49443652002516,109.06995749730751,108.95241607540743,109.07883025163106,112.46993167211886,112.28845565548562,113.98488186589432,115.33885832240742,115.77223335203804,90.13868322787053,91.63366053755733,91.51397251757274,0.00017755700000000003,4.4255924125505493e-10,0.01599999930902648,0.00017755700000000003,1.5253602096570015e-10,0.015999999793508458,0.00017755700000000003,8.632009250068685e-10,0.01599999871522116,0.00017755700000000003,4.0150835556198124e-10,0.015999999381942406,0.00017755700000000003,2.978632133981702e-11,0.015999999873900536,0.0012640828899998999,2.6490571808399073e-11,0.04799999991308991,0.00017755700000000003,7.675887382057464e-11,0.01599999964523136,0.00017755700000000003,2.1372004493447823e-10,0.015999999351212574,0.00140814415249995,-2.802865507621393e-11,0.04799999996999699,0.00017755700000000003,7.214330946268265e-11,0.0159999999056897,9.875529808977346,-0.13602918030132818,-0.11377146204431025,-0.10922248648423813,-0.11886699890275576,-0.39786353330772556,-0.14057261439260124,0.9879843451170542,-0.1422398443875568,-0.3978634764240054,-0.39786348862714926,-0.17244194871010754,1.5300791071663122,-0.16066543582973083,-0.3978635315417899,-0.397863499909019
15,2013-11-01 15:00:00,0.0008130640789945551,6.095027806993453e-11,0.00376364743749975,0.0119999968114392,0.010439010000000004,4.9531474068183025e-11,1.551041441062531e-11,0.005219505000000002,78.22731487867696,96.81618116312305,0.5942286341123124,87.5217480209,96.81620181768642,96.63651477627187,98.29955049992643,105.13969371712214,115.44906233115836,116.57872117361528,117.37695792545712,117.74267156816418,120.53895851053976,119.9693801011998,122.19934171138252,123.67873692613226,124.12194561193706,92.6562030554653,92.77263811029013,92.34035151276916,2.842776e-05,-4.597948994999135e-10,0.015999999768217477,2.842776e-05,-1.850414414016913e-10,0.015999999978763575,2.842776e-05,-1.0669270074842006e-09,0.015999999791664138,2.842776e-05,-7.441931938265544e-10,0.016000000079231226,2.842776e-05,-9.18703660698195e-11,0.01599999996559794,0.0016953602962498499,0.0059999999488965445,0.041999999970031385,2.842776e-05,-2.826935921612732e-10,0.01599999990144801,2.842776e-05,-5.192481892716631e-10,0.015999999870444415,0.0018408650612499002,0.005999999998037071,0.04199999996996331,2.842776e-05,-7.37591925960513e-11,0.01599999998105127,9.95424757903902,-0.200654643663329,-0.17839689880572482,-0.17384800862646366,-0.18349248979911925,-0.4652412177968054,-0.20519804213354617,1.6656422090751586,-0.20686529060328168,-0.4652411541905269,-0.46524116771968416,-0.23706741782815005,2.221824194575696,-0.22529086181722074,-0.4652412153614782,-0.46524117983383706
16,2013-11-01 16:00:00,1.6295163495729585e-10,0.023254241416563893,0.00441610608499985,0.036000001371419475,0.0122540474999985,-3.574183681734153e-12,3.108989504245276e-11,0.00612702374999925,100.43330385777696,119.02217014222305,0.49290407267435216,109.727737,100.43241254863004,107.34891991919773,115.08164707597506,127.78049539833894,142.54777293419508,143.4760340987129,143.86314865518708,144.05584640770167,150.62455210245022,149.7961594122368,153.51386389336193,155.9323992786158,156.69136529141298,106.79602580607336,109.52133200938792,110.11948739486998,4.02895e-07,0.0019999991210456493,0.014000000646151974,4.02895e-07,0.0020000000696999503,0.013999999921166434,4.02895e-07,0.001999999937357086,0.013999999823236504,4.02895e-07,0.0020000009168093394,0.01399999929518501,4.02895e-07,0.002000000031585455,0.01399999993291704,0.0020197366637499,0.009999999980000722,0.03199999999542082,4.02895e-07,0.0020000001781368647,0.013999999661132145,4.02895e-07,0.0020000008279758633,0.013999999042844744,0.00239314626124995,0.009999999988057819,0.031999999979633945,4.02895e-07,0.001999999967098784,0.014000000013092302,7.618768027950862,-0.08179634671874494,-0.05953850658550065,-0.05498962969775262,-0.06463401250165544,-0.5472881187253648,-0.0863396537412527,2.790766454812183,-0.0880068874924766,-0.5472880466243313,-0.5472880616006153,-0.11820894945244656,3.384450867867657,-0.10643247990147923,-0.547288115334233,-0.5472880750697893
17,2013-11-01 17:00:00,1.5987701174532241e-10,0.09416326422987012,0.0043092425074998,0.09999999664710262,0.012793762499999996,-1.971565440612514e-11,3.462832572933757e-11,0.006396881249999998,113.45533679507696,132.04420307952304,-0.3003960563029586,122.7497699373,113.45172749022798,116.59949189963082,123.06553822716509,134.87385122954154,149.049954109904,150.65289274987694,151.58708153519083,151.98706309923466,155.69377554636637,155.0856614951535,158.28115459539023,160.48916343912364,161.19121806098354,113.96283989884424,114.35331457261769,114.22458697836176,0.0,0.009999999615750264,0.004000001025992662,0.0,0.009999999882620528,0.004000000048823649,0.0,0.009999999434973076,0.004000000346849873,0.0,0.009999999317229051,0.004000000103447751,0.0,0.009999999861785087,0.004000000066946872,0.0020157293612498997,0.009999999988109631,0.022000000012657884,0.0,0.009999999433926548,0.004000000160250083,0.0,0.009999998780685644,0.004000000255083832,0.0022935131462499,0.009999999990407767,0.02199999998692865,0.0,0.009999999972365323,0.004000000038941019,-3.0642169469083704,0.955955920808092,0.9782137912182288,0.9827626173196,0.9731182211574342,-0.644053079351436,0.9514126416986598,4.057206742770409,0.9497453594061456,-0.6440529974091012,-0.6440530141061819,0.9195432233348668,4.682406206363634,0.9313198280839522,-0.6440530745663727,-0.6440530289374585
18,2013-11-01 18:00:00,4.825347558797489e-10,2.4884719170531164e-10,0.00242451504874995,0.02000000062748202,0.012662017499999996,-1.5260080948552183e-11,3.411169512824773e-11,0.006331008749999998,90.65209681597696,109.24096310042304,1.0096370096978493,99.9465299582,103.41994101345729,102.63346364275888,105.4447631155203,114.65031026752409,126.87143688610263,128.00063686577803,128.579751961894,128.84764562189855,132.74284601090517,132.13659311709006,134.69701548354826,136.39863182720342,136.92131843371598,99.98020075558506,102.46973681332749,103.21011047144098,0.0,5.579408573018733e-10,0.0040000004783698915,0.0,-6.022548789862319e-11,0.004000000104445452,0.0,-8.464028212212971e-11,0.004000000419275247,0.0,-2.71463336076366e-12,0.00400000014939721,0.0,1.397563344968537e-11,0.00400000005035562,0.00114777915874995,0.009999999935413598,0.012000000082797287,0.0,-1.8733487060671752e-11,0.004000000134268913,0.0,3.014212630973267e-11,0.004000000225325228,0.0012767358900000001,0.009999999958285547,0.012000000026470933,0.0,-2.010430581581503e-11,0.004000000060021919,-3.064216922740416,0.8686556383128783,0.8909134447922882,0.8954622683686828,0.8858178806792627,-0.731353417088737,0.8641123029465947,5.122809058922431,0.8624450172713052,-0.7313533273313059,-0.7313533454939036,0.8322428862547395,5.761345222420241,0.8440194858073418,-0.7313534114120444,-0.7313533611294065
19,2013-11-01 19:00:00,0.012965786041725736,1.479200869935873e-10,0.0014369531149999498,6.210465544504152e-10,0.011588145000000001,2.053096864126388e-11,2.7432095146266606e-11,0.0057940725000000005,73.13599781597696,91.72486410042305,0.258169708322327,82.4304309582,91.72536093977,95.78000179463558,98.78084193914341,104.5755658115052,110.75070261793715,109.7313847855743,108.9649802298588,108.80771140614159,112.81783159184806,112.80496039346241,114.13433011178049,115.30601680154847,115.70049809461425,95.92517014475914,98.83960694132509,99.40484266659158,0.0,3.294514405737965e-10,0.004000000163787374,0.0,7.795052941324479e-12,0.004000000103864683,0.0,1.809411028310134e-11,0.0040000003815386515,0.0,-1.1792747176519927e-10,0.004000000279336976,0.0,-7.405693488066885e-11,0.004000000123218437,0.00045474257625,2.94411560334515e-11,0.012000000056875073,0.0,-1.6556372899634138e-10,0.004000000270406692,0.0,2.775323739859612e-10,0.0039999999480182825,0.0009822105387499499,-5.266351910715023e-12,0.012000000012542056,0.0,3.5340754526458745e-11,0.004000000023511953,-1.8749255317633147,0.7977938830154379,0.8200516599907994,0.8246004845118788,0.8149560843458301,-0.802215200721456,0.7932505106372029,5.093658703047651,0.7915832165684197,-0.802215104914924,-0.802215124357781,0.761381126195004,5.780577052606375,0.7731577035324925,-0.8022151940123304,-0.8022151397790069
20,2013-11-01 20:00:00,0.014969746529585054,1.4746560749818368e-10,0.00101452696124985,-2.9353702483914404e-05,0.010776644999998503,3.8598820297893095e-11,1.820601793002738e-11,0.005388322499999251,60.877661899576964,79.46652818402305,0.4115024783474344,70.1720950418,79.46710186019729,83.32115132511696,85.56425233864893,91.06157212871848,96.9495251601116,95.89407894042803,94.85953855453889,94.51568693344987,98.08658143815086,98.11142050100969,98.57450181605313,99.10317882893519,99.2895125669131,84.36142706081161,88.44628981919514,89.5056027550549,0.0,-2.549748257865648e-09,0.004000002696821365,0.0,-9.148734229807866e-11,0.004000000263296708,0.0,-1.915989396791868e-09,0.0040000023537722865,0.0,-6.576400375699561e-09,0.004000006934104806,0.0,-3.4771552752879322e-09,0.004000003649829381,0.00015893200249994998,-1.8605749226406743e-08,0.012000018674353003,0.0,-2.980811293539393e-09,0.0040000033129767186,0.0,-3.6534843722219187e-06,0.004003653072261222,0.0008555949587499,-2.566420289760078e-05,0.012025664189629888,0.0,-6.950094939319421e-11,0.004000000094524315,-0.6853231711941088,0.7407010973325956,0.7629590696588278,0.7675077491920165,0.7578629786766138,-0.8593077823461235,0.7361576512560126,5.049194507072452,0.7344903966302472,-0.8593076818921888,-0.8593077024243259,0.7039982113185143,5.789436661456863,0.7160651149477156,-0.8593077749109366,-0.8593077175244626
21,2013-11-01 21:00:00,0.015551820461656351,1.476758766362601e-10,0.00056975631874995,2.9355597084634237e-05,0.009486915000000002,7.302705445638576e-11,4.628229652305117e-12,0.004743457500000001,58.82155385777695,77.41042014222303,0.5158683452989299,68.11598699999999,77.41101613466964,81.20961216753963,83.77220921821929,89.86170741631224,96.46341551114467,95.52221144713208,94.65375075290474,94.48056009898363,97.8816942946649,97.86220170571481,98.43913862027584,99.09931980499876,99.28949437601828,81.86927556894412,85.70941443433149,86.66751248043566,0.0,2.7311583154688327e-09,0.004000000006982638,0.0,1.685428577997608e-10,0.004000000049828613,0.0,2.1047435153835177e-09,0.004000000152507466,0.0,7.019761490195094e-09,0.003999999984210086,0.0,3.5287722325309467e-09,0.0040000000670509395,3.47468025e-05,1.8640458299609934e-08,0.012000000020135567,0.0,3.0480285455214335e-09,0.004000000130826231,0.0,3.6537369545559703e-06,0.003999999696443323,0.0005350095162499499,2.566428425163169e-05,0.011999999949160718,0.0,8.678671204271395e-11,0.004000000006580062,0.5185590420549167,0.6917418600787867,0.7139996340303524,0.7185484634468015,0.7089040734079345,-0.9082672296265383,0.6871984757463075,5.002926286662677,0.6855311839056848,-0.9082671246615559,-0.9082671462503036,0.6553216021333059,5.783879541398228,0.6671056729904139,-0.9082672215715174,-0.9082671611968512
22,2013-11-01 22:00:00,0.005240657083950819,1.1615233111294324e-10,0.00048723429249989997,-3.5010644224699644e-10,0.007848285,1.0983568375509502e-10,-2.4524315228576618e-11,0.0039241425,17.836426878676953,36.425293163123044,-0.07723640191623894,27.1308600209,36.42549386809066,37.785920819786725,36.735968785863584,41.1287679943221,47.08391147661641,46.093109113800224,45.07250465133355,44.782499214599554,46.80220165913303,46.78853289641689,45.80212156209814,45.31551144749854,45.10145579962741,39.925693153549936,45.85963399941715,47.489846476740674,0.0,-8.430370573741392e-11,0.004000000092743176,0.0,2.268875567124927e-11,0.004000000023015854,0.0,3.64219766089671e-11,0.004000000113278348,0.0,-6.566048841834699e-11,0.004000000057942817,0.0,4.3879220741186053e-11,0.004000000022794627,4.0513166249999996e-05,1.1598565849063782e-11,0.012000000010185197,0.0,4.789177251465823e-11,0.004000000061969868,0.0,-4.136336581029294e-10,0.004000000110352672,0.0004467211262499,-7.392638466165309e-11,0.012000000014342952,0.0,2.9522671065159754e-12,0.004000000005000475,0.7094525603002271,0.672683346531814,0.6949411243806329,0.6994899542973214,0.6898455605400502,-0.9273257397652581,0.6681399668684613,4.985343488697809,0.6664726751739978,-0.9273256336198179,-0.9273256556419212,0.6362630765903271,5.781093065874217,0.6480471626217832,-0.9273257317470975,-0.9273256704701419
23,2013-11-01 23:00:00,1.642394609951655e-10,0.08880487770747122,0.0005875416774999,0.10000000059368246,0.005696002499999999,1.828388844923783e-10,-4.428358845211918e-11,0.0028480012499999996,44.47773689957695,63.06660318402305,0.27070024272469495,53.7721700418,44.47433299019145,51.68335678117753,59.27119591301449,73.94690474933067,91.56523806073689,94.21234553945696,95.80575038300347,96.5012079238338,97.91117721596669,97.23502817496338,99.76030855122818,101.46921326733865,101.97872529715397,51.444258577590425,55.07695542656247,55.90532265010782,0.0,0.009999999949942327,0.01,0.0,0.009999999976058913,0.01,0.0,0.009999999953169372,0.01,0.0,0.010000000006584128,0.01,0.0,0.009999999997197037,0.01,0.00020605399249995,0.010000000001233428,0.03,0.0,0.00999999997682625,0.010000000000000002,0.0,0.009999999990202705,0.01,0.00038148768499995,0.010000000003633115,0.03,0.0,0.010000000057948736,0.01,-3.240085134710637,1.100538280080916,1.1227960590912527,1.1273448879899441,1.1177004966082584,-0.9442141321146198,1.095994902519185,5.42236253840445,1.0943276099187444,-0.9442140014265378,-0.9442140501826753,1.0641180119299825,6.225914412145525,1.0759021009743983,-0.9442141254220151,-0.9442140624490729
