,Timestep,P Feed In,P Feed Out,P Local Gen,P Local Dem,Q Feed In,Q Feed Out,Q Local Gen,Q Local Dem,FT,GT,Surplus,Spot,Rel Surplus,PI,Shadow Price 0,Shadow Price 1,Shadow Price 2,Shadow Price 3,Shadow Price 4,Shadow Price 5,Shadow Price 6,Shadow Price 7,Shadow Price 8,Shadow Price 9,Shadow Price 10,Shadow Price 11,Shadow Price 12,Shadow Price 13,Shadow Price 14,Shadow Price 15,B_min1,B1,B_max1,DER1,gP1,B_min2,B2,B_max2,DER2,gP2,B_min3,B3,B_max3,DER3,gP3,B_min4,B4,B_max4,DER4,gP4,B_min6,B6,B_max6,DER6,gP6,B_min7,B7,B_max7,DER7,gP7,B_min8,B8,B_max8,DER8,gP8,B_min11,B11,B_max11,DER11,gP11,B_min12,B12,B_max12,DER12,gP12,B_min13,B13,B_max13,DER13,gP13,gQ1,gQ2,gQ3,gQ4,gQ6,gQ7,gQ8,gQ11,gQ12,gQ13,Alpha0,Alpha1,Alpha2,Alpha3,Alpha4,Alpha5,Alpha6,Alpha7,Alpha8,Alpha9,Alpha10,Alpha11,Alpha12,Alpha13,Alpha14,Alpha15,Net Demand1,Net Demand2,Net Demand3,Net Demand4,Net Demand5,Net Demand6,Net Demand7,Net Demand8,Net Demand9,Net Demand10,Net Demand11,Net Demand12,Net Demand13,Net Demand14,Net Demand15,fP1,fP2,fP3,fP4,fP5,fP6,fP7,fP8,fP9,fP10,fP11,fP12,fP13,fP14,fP15,fQ1,fQ2,fQ3,fQ4,fQ5,fQ6,fQ7,fQ8,fQ9,fQ10,fQ11,fQ12,fQ13,fQ14,fQ15,Balance N0,Balance N1,Balance N2,Balance N3,Balance N4,Balance N5,Balance N6,Balance N7,Balance N8,Balance N9,Balance N10,Balance N11,Balance N12,Balance N13,Balance N14,Balance N15
0,2013-11-01 00:00:00,-1.8370286576753036e-14,0.04461465630769015,0.04200000000019812,0.004165080000000001,0.0020825399999882107,-9.07915324574624e-15,1.3390161924668575e-15,0.0020825400000000003,65.54750674635001,84.60726925364999,-1.005695526856698e-12,75.077388,-1.0396035161203132e-14,6.132440477064135,65.54750674635113,65.54750674635109,65.54750674635105,65.54750674634786,65.54750674634305,65.54750674634266,65.54750674634238,65.54750674634205,65.54750674634181,65.54750674634202,65.54750674634172,65.54750674634136,65.54750674634116,65.54750674635109,65.54750674635139,65.54750674635149,0.002,0.0019999999999813205,0.008,0.0,0.00300000000001926,0.002,0.00199999999998132,0.008,0.0,0.00300000000001926,0.002,0.0019999999999813045,0.008,0.0,0.0030000000000192885,0.002,0.0019999999999812815,0.008,0.0,0.0030000000000193305,0.002,0.0019999999999812785,0.008,0.0,0.003000000000019336,0.006,0.005999999999980732,0.024,0.0024485786550000003,0.00900000000002046,0.002,0.001999999999981276,0.008,0.0,0.0030000000000193414,0.002,0.001999999999981274,0.008,0.0,0.003000000000019345,0.006,0.00599999999998074,0.024,0.0043311576525,0.009000000000020455,0.002,0.0019999999999813205,0.008,0.0,0.00300000000001926,4.689520609360183e-17,6.346036398379569e-17,8.131263135982039e-17,1.0860875721338794e-16,1.1057714969721865e-16,1.1166982299306405e-16,1.1435807039941507e-16,1.15010753693357e-16,1.1525193191103073e-16,4.562840147959273e-17,0.9999999999999988,3.786721864532992e-16,3.796295604911083e-16,3.7962403704419677e-16,3.796158148725284e-16,-2.970018255450654e-16,3.79614788884007e-16,3.7960440244842644e-16,3.796138066831302e-16,-2.970018260802616e-16,-2.9700182445440705e-16,3.7961324305149495e-16,3.7960740572241776e-16,3.796296370426187e-16,-2.9700182731256725e-16,-2.970018261356271e-16,-0.000277672,-0.000277672,-0.000277672,-0.000277672,-0.000277672,-0.000277672,0.002170906655,-0.000277672,-0.000277672,-0.000277672,-0.000277672,0.0040534856525,-0.000277672,-0.000277672,-0.000277672,-0.044614656307707896,-0.0397253443076658,-0.03700301630764591,-0.03428068830762598,-0.01361556265504236,-0.013893234655041126,-0.011170906655021125,-0.002722328000020008,-0.017942797652563625,-0.01549814165254238,-0.015775813652541135,-0.013053485652521126,-0.0021669840000222112,0.0005553439999976766,0.0002776719999988387,0.002082539999997322,0.0015271959999976859,0.0013883599999978129,0.0012495239999979755,0.00041650799999933593,0.00027767199999955555,0.0001388359999997767,0.0001388359999997713,0.0006941799999988567,0.00041650799999931175,0.0002776719999995395,0.0001388359999997695,0.0004165079999997301,0.00027767199999982134,0.00013883599999991092,3.2080609917484666,-0.23038755219056375,-0.23038755219056387,-0.23038755219057067,-0.23038755219058102,-0.42703007243084384,-0.23038755219058246,0.3233957141951043,-0.23038755219058366,-0.4270300724308435,-0.42703007243084334,-0.23038755219058468,0.44679407373424534,-0.23038755219056375,-0.4270300724308486,-0.4270300724308487
1,2013-11-01 01:00:00,-1.758137276108012e-14,3.3695381995231465e-14,-0.0026710620536916484,0.0034434975000000017,0.0017217487499883671,-9.13488889741471e-15,1.2003438316771498e-15,0.0017217487500000008,44.57518278815001,63.63494529544999,3.427813588530171e-13,54.1050640418,7.0241935098275254e-15,6.132150052074266,47.47979529560441,47.479795295604426,47.47979529560443,47.47979529560524,47.47979529560639,47.479795295606436,47.47979529560647,47.47979529560651,47.4797952956066,47.47979529560655,47.47979529560655,47.47979529560657,47.47979529560655,47.47979529560443,47.47979529560472,47.47979529560481,0.002,0.00200000000007511,0.008,0.0,-9.431755472639159e-14,0.002,0.00200000000007511,0.008,0.0,-9.431741748481386e-14,0.002,0.0020000000000750906,0.008,0.0,-9.431618649442553e-14,0.002,0.0020000000000750602,0.008,0.0,-9.431400325726342e-14,0.002,0.0020000000000750568,0.008,0.0,-9.431367548314245e-14,0.006,0.007335531021210392,0.024,0.00207483727624995,-0.0013355310212300993,0.002,0.002000000000075053,0.008,0.0,-9.431320143803702e-14,0.002,0.002000000000075051,0.008,0.0,-9.431266171217644e-14,0.006,0.007335531031684684,0.024,0.0040397222774999995,-0.0013355310317043699,0.002,0.00200000000007511,0.008,0.0,-9.431762255053765e-14,9.107693141738672e-17,8.642100205074578e-17,8.196159891844014e-17,7.569723505575385e-17,7.520002509959427e-17,7.495127481684694e-17,7.439583481213951e-17,7.426736945168369e-17,7.421347847678637e-17,8.98240821484333e-17,0.9999999999999988,3.9046812450355623e-16,3.9156950925213206e-16,3.915637319729835e-16,3.9155503023374984e-16,-2.8541189726179516e-16,3.9155409806169684e-16,3.937729931703732e-16,3.915529115363158e-16,-2.8541189759936057e-16,-2.854118964411677e-16,3.9155241469194837e-16,3.93772244924873e-16,3.915695813083501e-16,-2.8541189842448423e-16,-2.8541189759969273e-16,-0.0002295665,-0.0002295665,-0.0002295665,-0.0002295665,-0.0002295665,-0.0002295665,0.00184527077624995,-0.0002295665,-0.0002295665,-0.0002295665,-0.0002295665,0.0038101557774999992,-0.0002295665,-0.0002295665,-0.0002295665,-5.17109988518864e-14,-0.0009182660002431407,-0.0011478325003378925,-0.0013773990004326462,-5.060675492367735e-05,-0.0002801732549246529,-0.0005097397550194085,0.0002295665000947557,-0.0015563587456037243,-0.0020154917456994565,-0.0022450582457004325,-0.0024746247457951877,0.0006886995000966779,0.00045913300000192605,0.00022956650000096338,0.0017217487499975998,0.001262615749998317,0.0011478324999984895,0.0010330492499986536,0.000344349749999549,0.00022956649999969971,0.00011478324999985013,0.00011478324999985123,0.0005739162499992559,0.0003443497499995541,0.00022956649999970308,0.00011478324999985158,0.00034434974999946486,0.00022956649999964453,0.0001147832499998225,9.340211043820291,-0.6500973260933858,-0.6500973260933859,-0.6500973260933928,-0.6500973260934033,-0.8467398463292176,-0.6500973260934048,-0.06121195005413599,-0.650097326093406,-0.8467398463292173,-0.8467398463292172,-0.650097326093407,0.15547874662644884,-0.6500973260933858,-0.8467398463292217,-0.8467398463292217
2,2013-11-01 02:00:00,0.0659484618175208,-1.835916352845894e-14,-0.06799999999879529,0.003127927500000001,0.0015639637499886647,-9.220419293658683e-15,9.683131834122446e-16,0.0015639637500000005,26.69681874635001,45.75658125364999,-1.0204614930842126e-12,36.2267,-6.309975328702699e-15,6.1322709693170045,45.756581253652044,45.75658125365212,45.7565812536522,45.75658125365834,45.756581253667406,45.75658125366798,45.7565812536684,45.75658125366884,45.75658125366959,45.75658125366913,45.7565812536695,45.756581253670014,45.75658125367017,45.75658125365213,45.756581253652435,45.75658125365253,0.002,0.007999999999943348,0.008,0.0,-0.005999999999868013,0.002,0.007999999999943348,0.008,0.0,-0.005999999999868014,0.002,0.007999999999943361,0.008,0.0,-0.00599999999986807,0.002,0.007999999999943382,0.008,0.0,-0.005999999999868155,0.002,0.007999999999943384,0.008,0.0,-0.005999999999868165,0.006,0.017335531021136632,0.024,0.0017848978787499,-0.009999999999925992,0.002,0.007999999999943386,0.008,0.0,-0.005999999999868176,0.002,0.007999999999943387,0.008,0.0,-0.00599999999986818,0.006,0.017335531031610948,0.024,0.0033945678024999,-0.009999999999926007,0.002,0.007999999999943348,0.008,0.0,-0.005999999999868013,1.445413582807596e-16,1.1248940786448812e-16,7.924358156303351e-17,2.972788967785463e-17,2.608026405435484e-17,2.413691118121716e-17,1.9277489653794828e-17,1.816702002003694e-17,1.773296754556412e-17,1.4325536014076965e-16,0.9999999999999987,3.6722677990878075e-16,3.6911407314064336e-16,3.691103372475531e-16,3.691048336681598e-16,-3.0340191775116775e-16,3.691042210973445e-16,3.737655457618054e-16,3.691034673110119e-16,-3.034019180721654e-16,-3.034019172270238e-16,3.691032370268509e-16,3.7376165178662774e-16,3.691141168372402e-16,-3.0340191876757287e-16,-3.034019180926765e-16,-0.0002085285,-0.0002085285,-0.0002085285,-0.0002085285,-0.0002085285,-0.0002085285,0.0015763693787499001,-0.0002085285,-0.0002085285,-0.0002085285,-0.0002085285,0.0031860393024999,-0.0002085285,-0.0002085285,-0.0002085285,0.06594846181753959,0.05311434781780598,0.0469058193179384,0.04069729081807074,0.014840687621042866,0.01463215912104352,0.008423630621175725,0.006208528499867811,0.019648074697160095,0.013231017697292922,0.013022489197293562,0.006813960697425744,0.006625585499866039,0.0004170569999984584,0.00020852849999922958,0.0015639637499980635,0.0011469067499992082,0.0010426424999994332,0.0009383782499995918,0.0003127927499998446,0.0002085284999998996,0.00010426424999995172,0.00010426424999996144,0.0005213212499998065,0.0003127927499998879,0.0002085284999999282,0.00010426424999996453,0.0003127927499991443,0.0002085284999994308,0.00010426424999971566,18.49005816484489,-1.342996429484343,-1.3429964294843435,-1.342996429484391,-1.3429964294844619,-1.265099462204296,-1.34299642948447,-0.8554665536440043,-1.342996429484479,-1.2650994622042961,-1.2650994622042961,-1.342996429484483,-0.5651228643057753,-1.342996429484343,-1.2650994622042941,-1.2650994622042941
3,2013-11-01 03:00:00,0.011235259298131461,-1.8413432210426044e-14,-0.012496557690657535,0.0029431799999999997,0.0014715899999883902,-9.152421337082815e-15,1.165996285610389e-15,0.0014715899999999998,28.42003278815001,47.47979529544999,-4.2321701698710967e-13,37.9499140418,-7.809372723141528e-15,6.132065396964893,47.47979529543634,47.479795295436375,47.47979529543637,47.47979529543841,47.4797952954414,47.47979529544155,47.47979529544164,47.479795295441754,47.47979529544207,47.479795295441924,47.479795295442,47.47979529544212,47.47979529544214,47.47979529543639,47.47979529543667,47.47979529543676,0.002,0.007999930816289944,0.008,0.0,6.918367133638523e-08,0.002,0.007999930816290106,0.008,0.0,6.91836711754053e-08,0.002,0.00799993081626377,0.008,0.0,6.91836975146434e-08,0.002,0.007999930816229696,0.008,0.0,6.918373159566205e-08,0.002,0.007999930816225314,0.008,0.0,6.91837359790574e-08,0.006,0.023584086576910634,0.024,0.0018079366862499,-0.006248555555773789,0.002,0.0079999308162178,0.008,0.0,6.918374349367178e-08,0.002,0.007999930816217799,0.008,0.0,6.918374349599831e-08,0.006,0.023584086636164923,0.024,0.0023965417062499503,-0.0062485556045537485,0.002,0.007999930816287847,0.008,0.0,6.918367343455217e-08,1.1055014563736583e-16,9.72643708481305e-17,8.372474657697037e-17,6.376279412242193e-17,6.225966065639898e-17,6.145524629170704e-17,5.958994155631869e-17,5.911666528773288e-17,5.893980991502173e-17,1.0932243019229606e-16,0.9999999999999987,3.605511229631457e-16,3.6209576220876235e-16,3.620942903697799e-16,3.620921122848198e-16,-3.5862046747155773e-16,3.6209180684883753e-16,3.1938167491144146e-16,3.6209158194310763e-16,-3.586204677152613e-16,-3.5862046684665387e-16,3.6209144314174744e-16,3.19381436334059e-16,3.620957781946462e-16,-3.5862046833355714e-16,-3.5862046772705987e-16,-0.000196212,-0.000196212,-0.000196212,-0.000196212,-0.000196212,-0.000196212,0.0016117246862499,-0.000196212,-0.000196212,-0.000196212,-0.000196212,0.0022003297062499504,-0.000196212,-0.000196212,-0.000196212,0.011235259298150379,0.010450549665497983,0.010254406849169664,0.010058264032867671,0.00502918568578609,0.004832973685786955,0.004636830869523412,0.0001961428162560299,0.004832935530813657,0.00444058071455849,0.004244368714559351,0.004048225898303323,0.0005885668163242354,0.00039242399999817377,0.00019621199999908724,0.0014715899999976681,0.0010791659999985414,0.000981059999998736,0.0008829539999989036,0.00029431799999962694,0.00019621199999975258,9.810599999987709e-05,9.810599999988083e-05,0.0004905299999994041,0.00029431799999964407,0.0001962119999997639,9.810599999988212e-05,0.00029431799999934775,0.00019621199999956637,9.810599999978344e-05,25.15557137337708,-1.7611136100499556,-1.7611136100499638,-1.761113610048761,-1.7611136100472142,-1.6832199275964483,-1.7611136100470144,-1.4844266939462412,-1.7611136100466667,-1.6832199275964488,-1.6832199275964488,-1.7611136100466704,-1.1661361610646046,-1.761113610049856,-1.6832199275964446,-1.6832199275964446
4,2013-11-01 04:00:00,-2.1211793063946426e-14,2.7212902159519628e-14,-0.0008323802586293435,0.0029299500000000006,0.0014649749999881966,-9.108386247050839e-15,1.295666212472378e-15,0.0014649750000000003,43.95835272545001,63.01811523274999,3.4253155867247642e-12,53.4882339791,7.208209723552628e-14,6.132128378080513,47.47979529732889,47.4797952973289,47.47979529732895,47.47979529732983,47.47979529733107,47.479795297331165,47.479795297331236,47.47979529733133,47.47979529733133,47.47979529733129,47.479795297331364,47.479795297331435,47.47979529733149,47.47979529732889,47.47979529732917,47.47979529732926,0.002,0.008000000000076073,0.008,0.0,-6.918394179360092e-08,0.002,0.008000000000076073,0.008,0.0,-6.918394163121907e-08,0.002,0.008000000000076073,0.008,0.0,-6.918396797049178e-08,0.002,0.008000000000076073,0.008,0.0,-6.918400205108922e-08,0.002,0.008000000000076075,0.008,0.0,-6.918400643473159e-08,0.006,0.0239999999999226,0.024,0.0017726700324999,-0.00041591342301449796,0.002,0.008000000000076075,0.008,0.0,-6.918401394832193e-08,0.002,0.008000000000076075,0.008,0.0,-6.918401395037404e-08,0.006,0.023999999999922587,0.024,0.00198966022624995,-0.00041591336376018757,0.002,0.008000000000076073,0.008,0.0,-6.918394389061635e-08,9.751272386402641e-17,9.283571847423428e-17,8.834105176440921e-17,8.200346908180524e-17,8.152048801565577e-17,8.128071630710934e-17,8.066583124969015e-17,8.052690542574873e-17,8.047088822600763e-17,9.629834066875832e-17,0.9999999999999987,2.971925301883788e-16,2.990213811457489e-16,2.9902123536752896e-16,2.9902100044206197e-16,-3.4033515508634034e-16,2.9902101577895576e-16,3.371002464943217e-16,2.9902097697522635e-16,-3.4033515532867042e-16,-3.4033515461469875e-16,2.9902098920307575e-16,3.371032324521622e-16,2.990213609931122e-16,-3.4033515594066e-16,-3.4033515533896836e-16,-0.00019533,-0.00019533,-0.00019533,-0.00019533,-0.00019533,-0.00019533,0.0015773400324999,-0.00019533,-0.00019533,-0.00019533,-0.00019533,0.00179433022624995,-0.00019533,-0.00019533,-0.00019533,-5.2924935533624806e-14,-0.0007814583679657995,-0.000976857551911931,-0.0011722567358844048,-0.0007706974254608435,-0.0009660274254699513,-0.001161426609480894,0.000195399184018457,-0.0005969584944301201,-0.0009876876784576862,-0.001183017678466795,-0.0013784168624852542,0.0005860591839665807,0.0003906600000181898,0.00019533000000909512,0.0014649749999974086,0.0010743149999981778,0.0009766499999983636,0.0008789849999985403,0.00029299499999951097,0.0001953299999996744,9.766499999983745e-05,9.766499999983866e-05,0.0004883249999991933,0.0002929949999995165,0.000195329999999678,9.766499999983906e-05,0.00029299499999942586,0.00019532999999961846,9.766499999980946e-05,31.287699751455285,-2.179199681843476,-2.1791996818434765,-2.1791996818435244,-2.1791996818435964,-2.1013027145507976,-2.1791996818436044,-1.8380909548136994,-2.1791996818436137,-2.101302714550798,-2.101302714550798,-2.1791996818436177,-1.5094977691378997,-2.179199681843476,-2.1013027145507928,-2.101302714550793
5,2013-11-01 05:00:00,-2.1978384875738342e-14,0.0009394381076215818,1.939363393555757e-13,0.0035043899999999987,0.001752194999988383,-9.137153678249686e-15,1.1923200709587981e-15,0.0017521949999999994,49.16716472545001,68.22692723274999,2.4843460622037128e-12,58.6970459791,5.027675866776937e-14,6.132694037305268,49.16716472563442,49.16716472563443,49.16716472563444,49.167164725635146,49.167164725636134,49.16716472563616,49.16716472563617,49.16716472563619,49.167164725636326,49.16716472563628,49.16716472563628,49.167164725636304,49.16716472563628,49.167164725634436,49.167164725634734,49.16716472563483,0.002,0.008000000000021087,0.008,0.0,5.1746370320326176e-14,0.002,0.008000000000021087,0.008,0.0,5.174735022797819e-14,0.002,0.008000000000021093,0.008,0.0,5.174127200610384e-14,0.002,0.0080000000000211,0.008,0.0,5.17311275197824e-14,0.002,0.0080000000000211,0.008,0.0,5.173041739300892e-14,0.006,0.024000000000021258,0.024,0.00202044190624995,-1.0189041018201322e-13,0.002,0.008000000000021101,0.008,0.0,5.172879039786545e-14,0.002,0.008000000000021101,0.008,0.0,5.172806141208574e-14,0.006,0.024000000000021258,0.024,0.00242338620124995,-1.0190236221429503e-13,0.002,0.008000000000021087,0.008,0.0,5.174698647513745e-14,8.971630434595799e-17,8.539013044494201e-17,8.127866667269845e-17,7.55380148468735e-17,7.50948433058509e-17,7.487937744561832e-17,7.432246756980366e-17,7.419797863110712e-17,7.414693011614495e-17,8.845942366945734e-17,0.9999999999999987,3.8329500276372502e-16,3.8484416928042425e-16,3.8484288688097398e-16,3.8484091946324547e-16,-2.909022111989099e-16,3.848406473873976e-16,3.8478080894964197e-16,3.848404476151451e-16,-2.90902211587214e-16,-2.909022105450663e-16,3.848402410873925e-16,3.847808221696359e-16,3.848441847488688e-16,-2.909022124392916e-16,-2.9090221158726017e-16,-0.000233626,-0.000233626,-0.000233626,-0.000233626,-0.000233626,-0.000233626,0.00178681590624995,-0.000233626,-0.000233626,-0.000233626,-0.000233626,0.00218976020124995,-0.000233626,-0.000233626,-0.000233626,-0.0009394381076466982,-0.00187394210756222,-0.0021075681075136106,-0.00234119410746501,-0.0013195639061871192,-0.0015531899061935006,-0.0017868159061449152,0.0002336259999514167,-0.0012552562012293044,-0.0017225082011871034,-0.0019561342011934855,-0.002189760201144903,0.0007008779999641303,0.0004672520000127394,0.00023362600000636962,0.0017521949999976154,0.0012849429999983219,0.0011681299999984928,0.0010513169999986551,0.0003504389999995496,0.0002336259999997001,0.00011681299999985025,0.00011681299999985136,0.0005840649999992568,0.0003504389999995545,0.00023362599999970332,0.00011681299999985172,0.00035043899999947305,0.00023362599999964995,0.00011681299999982523,37.3742042805725,-2.599532679020805,-2.5995326790208053,-2.5995326790208537,-2.5995326790209266,-2.5216357117308346,-2.5995326790209345,-2.159084551975413,-2.599532679020944,-2.521635711730835,-2.521635711730835,-2.599532679020948,-1.8106797377720931,-2.599532679020805,-2.521635711730829,-2.5216357117308292
6,2013-11-01 06:00:00,-1.8421851123554254e-14,0.01109184722919039,0.011837920524199382,0.005518304999999999,0.0027591524999886754,-9.168504131794396e-15,1.0462835743851581e-15,0.0027591524999999997,66.83012578815001,85.88988829544999,-6.492029136495603e-13,76.3600070418,-9.483950083599701e-15,6.132269070706674,66.83012578816391,66.8301257881639,66.8301257881639,66.8301257881635,66.83012578816282,66.83012578816272,66.8301257881626,66.83012578816249,66.8301257881626,66.83012578816262,66.83012578816252,66.83012578816239,66.83012578816229,66.83012578816391,66.83012578816425,66.83012578816435,0.002,0.007999999999999629,0.008,8.8992e-07,2.1958989118128163e-14,0.002,0.007999999999999629,0.008,8.8992e-07,2.1959587297041614e-14,0.002,0.007999999999999643,0.008,8.8992e-07,2.1951192659652722e-14,0.002,0.007999999999999662,0.008,8.8992e-07,2.1940966260876997e-14,0.002,0.007999999999999665,0.008,8.8992e-07,2.1939960164872412e-14,0.006,0.018081039737876437,0.024,0.0019273339624999502,0.005918960262145421,0.002,0.007999999999999669,0.008,8.8992e-07,2.1938206937929758e-14,0.002,0.007999999999999669,0.008,8.8992e-07,2.1939497020780368e-14,0.006,0.018081039738145985,0.024,0.0028377783825,0.005918960261875869,0.002,0.007999999999999629,0.008,8.8992e-07,2.195948990237088e-14,6.418274503669851e-17,6.609742155857766e-17,6.859433240637002e-17,7.287490153596339e-17,7.3166280240609e-17,7.336624218791358e-17,7.373422531373246e-17,7.385665388708698e-17,7.389333561232948e-17,6.278500433785417e-17,0.9999999999999987,3.622070389172907e-16,3.6265507553076693e-16,3.626486984644718e-16,3.6263889621489817e-16,-3.1171604703589014e-16,3.6263788150002966e-16,3.76005581437398e-16,3.626364937168165e-16,-3.11716047944119e-16,-3.117160446197405e-16,3.6263606043892214e-16,3.760055486560551e-16,3.626551530008163e-16,-3.1171605026996096e-16,-3.1171604820257366e-16,-0.00036699708,-0.00036699708,-0.00036699708,-0.00036699708,-0.000367887,-0.00036699708,0.0015594469624999503,-0.00036699708,-0.000367887,-0.000367887,-0.00036699708,0.0024698913825,-0.00036699708,-0.000367887,-0.000367887,-0.011091847229208224,-0.012561615389160962,-0.012928612469138413,-0.01329560954911587,-0.006743523144669601,-0.007111410144668504,-0.007478407224645967,0.0003669970799774664,-0.006919083484423735,-0.0076539675644001015,-0.008021854564399002,-0.008388851644376466,0.0011027710799752857,0.0007357739999978341,0.00036788699999891754,0.0027591524999979076,0.0020233784999984083,0.0018394349999985406,0.001655491499998678,0.000551830499999561,0.000367886999999707,0.00018394349999985329,0.00018394349999985255,0.0009197174999992626,0.0005518304999995573,0.00036788699999970456,0.00018394349999985226,0.0005518304999996276,0.00036788699999975314,0.0001839434999998769,42.76520380572804,-3.0328770780867353,-3.032877078086736,-3.0328770780867846,-3.032877078086858,-2.9550395842637442,-3.032877078086866,-2.0681195945043687,-3.0328770780868757,-2.9550395842637447,-2.9550395842637447,-3.0328770780868792,-1.658869665207331,-3.0328770780867353,-2.9550395842637394,-2.95503958426374
7,2013-11-01 07:00:00,-1.8359601297061196e-14,0.06460027203374501,0.06800000000000017,0.008142427499998496,0.004071213749987938,-9.130228033581739e-15,1.0904313378534338e-15,0.004071213749999248,73.10616070455,92.16592321184999,-1.3917755836700962e-12,82.6360419582,-1.1819538403567975e-14,6.13220510591009,73.10616070454837,73.10616070454832,73.10616070454826,73.10616070454422,73.10616070453815,73.1061607045377,73.10616070453733,73.10616070453695,73.10616070453658,73.1061607045369,73.10616070453656,73.10616070453611,73.10616070453592,73.10616070454832,73.1061607045487,73.10616070454881,0.002,0.002000000000000733,0.008,1.3232805e-05,0.005999999999999639,0.002,0.0020000000000007325,0.008,1.3232805e-05,0.005999999999999639,0.002,0.002000000000000713,0.008,1.3232805e-05,0.005999999999999688,0.002,0.002000000000000684,0.008,1.3232805e-05,0.005999999999999762,0.002,0.0020000000000006805,0.008,1.3232805e-05,0.005999999999999771,0.006,0.008081039737877372,0.024,0.00227046559999995,0.009999999999999603,0.002,0.0020000000000006766,0.008,1.3232805e-05,0.005999999999999781,0.002,0.002000000000000675,0.008,1.3232805e-05,0.005999999999999785,0.006,0.008081039738146917,0.024,0.00236637149374995,0.009999999999999608,0.002,0.002000000000000733,0.008,1.3232805e-05,0.005999999999999639,2.0143488961629927e-17,4.0715413887985946e-17,6.287439857661369e-17,9.670978938867563e-17,9.913106564767609e-17,1.004726056695039e-16,1.0381727454322892e-16,1.045687345098397e-16,1.0485942327386543e-16,1.859632854642285e-17,0.9999999999999987,3.8590319167679257e-16,3.8603191672484243e-16,3.86018168138488e-16,3.8599768998884426e-16,-2.913300117945242e-16,3.859953555907607e-16,3.858427454902662e-16,3.8599264995067933e-16,-2.9133001403174033e-16,-2.913300074925717e-16,3.859914595570371e-16,3.8583952108012286e-16,3.8603207861835756e-16,-2.913300190777041e-16,-2.913300143168716e-16,-0.0005295956949999,-0.0005295956949999,-0.0005295956949999,-0.0005295956949999,-0.0005428284999999,-0.0005295956949999,0.00172763710000005,-0.0005295956949999,-0.0005428284999999,-0.0005428284999999,-0.0005295956949999,0.0018235429937500502,-0.0005295956949999,-0.0005428284999999,-0.0005428284999999,-0.06460027203376266,-0.0547451204237589,-0.049274716118758444,-0.04380431181375793,-0.016655212905002555,-0.017198041405001037,-0.011727637100000412,-0.00547040430500064,-0.021678694603754756,-0.016751118798752594,-0.01729394729875107,-0.011823542993750422,-0.004384747305003308,0.0010856569999971428,0.0005428284999985718,0.0040712137499970685,0.002985556749997416,0.0027141424999975474,0.002442728249997723,0.0008142427499992543,0.0005428284999995009,0.000271414249999749,0.00027141424999974236,0.0013570712499987123,0.0008142427499992247,0.0005428284999994811,0.0002714142499997403,0.0008142427499997432,0.0005428284999998304,0.00027141424999991556,44.17473104278028,-3.041770495573908,-3.041770495573909,-3.0417704955739766,-3.0417704955740774,-3.4035373655470327,-3.0417704955740894,-1.6195707457146413,-3.0417704955741027,-3.4035373655470327,-3.4035373655470322,-3.0417704955741085,-1.2033095047366156,-3.041770495573908,-3.403537365547037,-3.4035373655470376
8,2013-11-01 08:00:00,-7.570384155616133e-15,-1.0492458430837403e-14,0.0041620794749819634,0.0079171275,0.003958563749989077,-9.23166562700227e-15,8.072905480370903e-16,0.00395856375,56.70623570455001,75.76599821184999,-1.0085265955694922e-12,66.2361169582,-1.5114537225968672e-14,6.1320150800046225,66.83012578806364,66.83012578806365,66.83012578806368,66.83012578806479,66.83012578806638,66.83012578806643,66.83012578806644,66.83012578806645,66.83012578806671,66.83012578806664,66.83012578806665,66.83012578806668,66.83012578806667,66.83012578806367,66.83012578806405,66.83012578806417,0.002,0.0020000000001059335,0.008,0.0001095102,-1.043421526455344e-13,0.002,0.0020000000001059335,0.008,0.0001095102,-1.0434230861721519e-13,0.002,0.002000000000105932,0.008,0.0001095102,-1.0436432131718559e-13,0.002,0.0020000000001059288,0.008,0.0001095102,-1.0439683842999612e-13,0.002,0.0020000000001059283,0.008,0.0001095102,-1.0439992669937385e-13,0.006,0.006000000000106598,0.024,0.0016085304112500001,0.0020810397377715767,0.002,0.0020000000001059283,0.008,0.0001095102,-1.0440483015217346e-13,0.002,0.002000000000105928,0.008,0.0001095102,-1.0440603732559504e-13,0.006,0.006000000000106597,0.024,0.00127043601375,0.0020810397380411237,0.002,0.0020000000001059335,0.008,0.0001095102,-1.043421561301008e-13,6.902077056450965e-17,6.265664508511675e-17,5.651552931404327e-17,4.785684801442849e-17,4.718431743150467e-17,4.6865433051686614e-17,4.597627878376242e-17,4.5767124941097854e-17,4.568478281241576e-17,6.743325716337073e-17,0.9999999999999987,2.885162792501147e-16,2.8966043087013096e-16,2.8965931652625804e-16,2.896575030558883e-16,-3.8797188300993056e-16,2.8965734632543324e-16,2.896109919813773e-16,2.8965717156494687e-16,-3.879718848766931e-16,-3.8797187867328326e-16,2.8965708731762555e-16,2.896106580809258e-16,2.8966043486334427e-16,-3.879718896386317e-16,-3.8797188511267244e-16,-0.0004182983,-0.0004182983,-0.0004182983,-0.0004182983,-0.0005278085,-0.0004182983,0.0010807219112500001,-0.0004182983,-0.0005278085,-0.0005278085,-0.0004182983,0.00074262751375,-0.0004182983,-0.0005278085,-0.0005278085,3.873397027177812e-15,-0.0018922136001992941,-0.002310511900302685,-0.0027288102004061027,-0.002215654848920849,-0.002743463348919059,-0.003161761649022518,0.00041829830010346497,-0.0009314536515887094,-0.001877560451690386,-0.0024053689516885975,-0.002823667251792064,0.0014739153000997767,0.0010556169999963857,0.0005278084999981934,0.0039585637499983855,0.0029029467499989236,0.0026390424999990485,0.0023751382499991617,0.0007917127499997171,0.0005278084999998119,0.0002639042499999063,0.00026390424999990806,0.0013195212499995403,0.000791712749999725,0.0005278084999998172,0.00026390424999990866,0.0007917127499996004,0.0005278084999997352,0.00026390424999986795,50.30674612278509,-3.4785264289204543,-3.478526428920455,-3.478526428920525,-3.4785264289206284,-3.847611879327631,-3.478526428920641,-1.817070822332285,-3.4785264289206546,-3.847611879327631,-3.8476118793276304,-3.4785264289206603,-1.4234044724494102,-3.4785264289204543,-3.847611879327633,-3.847611879327634
9,2013-11-01 09:00:00,0.002959674265078157,-1.8961385997083845e-14,1.1335866474633793e-12,0.008143184999999997,0.004071592499989151,-9.246706334988071e-15,7.593671176874388e-16,0.004071592499999999,46.45505674635001,65.51481925364999,-1.2739809207573671e-12,55.984938,-1.9445599644396516e-14,6.132302236627916,65.51481925359258,65.5148192535926,65.51481925359263,65.51481925359421,65.5148192535965,65.5148192535966,65.51481925359667,65.51481925359674,65.51481925359698,65.51481925359688,65.51481925359694,65.51481925359703,65.51481925359704,65.5148192535926,65.514819253593,65.51481925359313,0.002,0.001999999999994403,0.008,0.0003303435,1.1266302910208929e-13,0.002,0.001999999999994403,0.008,0.0003303435,1.1266307145745598e-13,0.002,0.0019999999999944034,0.008,0.0003303435,1.1265449616105078e-13,0.002,0.001999999999994404,0.008,0.0003303435,1.126423113338096e-13,0.002,0.001999999999994404,0.008,0.0003303435,1.1264131595741776e-13,0.006,0.00599999999999433,0.024,0.00125275627249995,1.1338424930999851e-13,0.002,0.001999999999994404,0.008,0.0003303435,1.1263972864808734e-13,0.002,0.001999999999994404,0.008,0.0003303435,1.1263919092522331e-13,0.006,0.00599999999999433,0.024,0.0012880064612499,1.1338208589301323e-13,0.002,0.001999999999994403,0.008,0.0003303435,1.1266304531728917e-13,7.251911939143209e-17,6.34961881650661e-17,5.4566677139152193e-17,4.170712036847623e-17,4.071327391803562e-17,4.021463132256577e-17,3.895944855982741e-17,3.864368506112319e-17,3.852388120818334e-17,7.091214301621937e-17,0.9999999999999988,3.926815714159841e-16,3.939415045966076e-16,3.939418915017625e-16,3.939422965876343e-16,-2.833708080231911e-16,3.9394238618142044e-16,3.9383987587421115e-16,3.9394250305863623e-16,-2.833708102024627e-16,-2.8337080427239095e-16,3.9394256252062657e-16,3.938400384868977e-16,3.9394149119964304e-16,-2.833708183670395e-16,-2.833708136057152e-16,-0.00021253550000000003,-0.00021253550000000003,-0.00021253550000000003,-0.00021253550000000003,-0.000542879,-0.00021253550000000003,0.0007098772724999499,-0.00021253550000000003,-0.000542879,-0.000542879,-0.00021253550000000003,0.0007451274612499,-0.00021253550000000003,-0.000542879,-0.000542879,0.0029596742650983433,0.0014488452653308296,0.0012363097654447177,0.0010237742655585915,4.5537227269278485e-05,-0.0004973417727283941,-0.0007098772726145434,0.0002125354998861522,0.0007657015384031652,1.0287038519338237e-05,-0.0005325919614783371,-0.0007451274613644901,0.0012982934998814013,0.0010857579999952898,0.0005428789999976455,0.004071592499998482,0.002985834499999047,0.002714394999999174,0.002442955499999283,0.000814318499999756,0.0005428789999998381,0.00027143949999991956,0.0002714394999999221,0.0013571974999996104,0.0008143184999997674,0.0005428789999998457,0.000271439499999923,0.0008143184999995796,0.0005428789999997214,0.000271439499999861,56.632950883940346,-3.9012708028890706,-3.9012708028890715,-3.901270802889142,-3.901270802889247,-4.29199864799766,-3.9012708028892593,-2.1793834902333113,-3.9012708028892735,-4.29199864799766,-4.29199864799766,-3.9012708028892793,-1.7834077306058287,-3.9012708028890706,-4.2919986479976595,-4.29199864799766
10,2013-11-01 10:00:00,0.0008810671586512185,-1.9100461670346536e-14,5.930401453956434e-14,0.008226165000000002,0.004113082499989187,-9.251687031758413e-15,7.404231470908731e-16,0.004113082500000001,38.35789974635001,57.417662253649986,-1.1688428003253648e-12,47.887781,-2.04265857700614e-14,6.132417066787995,57.4176622534532,57.41766225345322,57.41766225345324,57.41766225345468,57.41766225345675,57.41766225345683,57.41766225345688,57.41766225345695,57.41766225345716,57.41766225345708,57.41766225345712,57.41766225345718,57.417662253457195,57.41766225345322,57.417662253453614,57.41766225345374,0.002,0.001999999999989099,0.008,0.000549496,6.49803657900515e-15,0.002,0.0019999999999890986,0.008,0.000549496,6.4981831516068e-15,0.002,0.001999999999989077,0.008,0.000549496,6.513932027569793e-15,0.002,0.001999999999989045,0.008,0.000549496,6.537790993667311e-15,0.002,0.0019999999999890414,0.008,0.000549496,6.540747171282209e-15,0.006,0.005999999999994904,0.024,0.0011801358525,6.035663534807006e-16,0.002,0.0019999999999890375,0.008,0.000549496,6.54374496287708e-15,0.002,0.0019999999999890353,0.008,0.000549496,6.545360799130754e-15,0.006,0.005999999999994903,0.024,0.00176899398874995,6.043972763587627e-16,0.002,0.001999999999989099,0.008,0.000549496,6.497976982713296e-15,7.049120327123316e-17,6.17703718499527e-17,5.316030824798333e-17,4.078319081450635e-17,3.9818244225213305e-17,3.93339853315657e-17,3.8145672744471265e-17,3.784317984602224e-17,3.7728101557300915e-17,6.887873456923479e-17,0.9999999999999987,3.714504377250367e-16,3.7109323173468994e-16,3.710784266750881e-16,3.710561188340448e-16,-3.0363199638848685e-16,3.7105360350667085e-16,3.7907730922545236e-16,3.7105068105230323e-16,-3.036319992047039e-16,-3.036319924243023e-16,3.710494398516676e-16,3.7907599887406827e-16,3.710934050624385e-16,-3.0363200430804504e-16,-3.0363199945092357e-16,1.0850000000000616e-06,1.0850000000000616e-06,1.0850000000000616e-06,1.0850000000000616e-06,-0.000548411,1.0850000000000616e-06,0.0006317248525,1.0850000000000616e-06,-0.000548411,-0.000548411,1.0850000000000616e-06,0.00122058298874995,1.0850000000000616e-06,-0.000548411,-0.000548411,0.0008810671586716054,-0.0002135848413078719,-0.00021249984130008737,-0.00021141484129229312,-8.439885251213597e-05,-0.0006328098525096856,-0.0006317248525018741,-1.0850000078134092e-06,-0.00012593098877234773,-0.0006732569887620862,-0.0012216679887596387,-0.001220582988751824,0.0010957369999872618,0.001096821999995046,0.0005484109999975236,0.004113082499998519,0.0030162604999990684,0.0027420549999991922,0.0024678494999992983,0.0008226164999997614,0.0005484109999998418,0.00027420549999992137,0.00027420549999992376,0.0013710274999996185,0.0008226164999997721,0.0005484109999998488,0.0002742054999999245,0.0008226164999995917,0.0005484109999997296,0.0002742054999998651,62.81595676726747,-4.310036309177684,-4.3100363091776845,-4.310036309177754,-4.310036309177858,-4.732314930024208,-4.310036309177869,-2.5519391304678476,-4.3100363091778835,-4.732314930024208,-4.732314930024208,-4.31003630917789,-2.122152513257965,-4.310036309177684,-4.732314930024205,-4.732314930024206
11,2013-11-01 11:00:00,0.06920919580715948,-1.8358470536628138e-14,-0.06799999999968402,0.008205142499999998,0.004102571249989595,-9.359060442763993e-15,4.4104191355222095e-16,0.004102571249999999,28.253587746350007,47.313350253649986,-1.2213563493901347e-12,37.783469,-6.4181516004624406e-15,6.132209262349704,47.313350253651954,47.31335025365205,47.31335025365213,47.313350253659245,47.31335025366974,47.31335025367039,47.31335025367086,47.31335025367138,47.31335025367225,47.31335025367173,47.31335025367216,47.31335025367275,47.31335025367294,47.313350253652054,47.31335025365246,47.313350253652594,0.002,0.007999999999959975,0.008,0.000495516,-0.0059999999999706425,0.002,0.007999999999959975,0.008,0.000495516,-0.005999999999970643,0.002,0.007999999999959989,0.008,0.000495516,-0.005999999999970705,0.002,0.007999999999960008,0.008,0.000495516,-0.005999999999970798,0.002,0.007999999999960011,0.008,0.000495516,-0.005999999999970808,0.006,0.015999999999954842,0.024,0.0010175997962499,-0.009999999999959833,0.002,0.007999999999960013,0.008,0.000495516,-0.0059999999999708195,0.002,0.007999999999960013,0.008,0.000495516,-0.005999999999970825,0.006,0.015999999999954842,0.024,0.00201421889624985,-0.009999999999959836,0.002,0.007999999999959975,0.008,0.000495516,-0.0059999999999706425,1.2386387359237393e-16,8.600142841006705e-17,4.6777993119737506e-17,-1.160964304257338e-17,-1.5934521953054973e-17,-1.8229198361537267e-17,-2.3977330571680664e-17,-2.5326346588990394e-17,-2.5846180953007583e-17,1.2219395598768476e-16,0.9999999999999987,2.8795130283269325e-16,2.893114494455677e-16,2.893021891395513e-16,2.8928855248024715e-16,-3.879693764567392e-16,2.8928716058846907e-16,2.89394022990478e-16,2.892851655796664e-16,-3.8796937866176436e-16,-3.8796937189992133e-16,2.8928460109473033e-16,2.893917647801047e-16,2.893115429518996e-16,-3.8796938442655776e-16,-3.879693789977973e-16,-5.149349999999996e-05,-5.149349999999996e-05,-5.149349999999996e-05,-5.149349999999996e-05,-0.0005470095,-5.149349999999996e-05,0.00047059029624990016,-5.149349999999996e-05,-0.0005470095,-0.0005470095,-5.149349999999996e-05,0.00146720939624985,-5.149349999999996e-05,-0.0005470095,-0.0005470095,0.06920919580717828,0.0560121898072395,0.0499606963072693,0.04390920280729901,0.01612791270367934,0.01558090320368,0.009529409703709564,0.006051493499970453,0.021729796603649248,0.015131293603679439,0.014584284103680081,0.008532790603709622,0.0071455124999686,0.0010940189999984037,0.0005470094999992024,0.004102571249999118,0.0030085522500000934,0.0027350475000002656,0.002461542750000359,0.0008205142500000968,0.0005470095000000684,0.00027350475000003646,0.00027350475000004795,0.001367523750000239,0.0008205142500001482,0.0005470095000001023,0.0002735047500000517,0.000820514249999272,0.0005470094999995164,0.0002735047499997585,72.22268495161575,-5.005166691522805,-5.005166691522807,-5.005166691522922,-5.005166691523094,-5.167009732913097,-5.0051666915231126,-3.4116213803135222,-5.005166691523136,-5.1670097329130975,-5.1670097329130975,-5.005166691523145,-2.934681374555857,-5.005166691522805,-5.16700973291308,-5.167009732913081
12,2013-11-01 12:00:00,0.018094549890592657,-1.8393283912744556e-14,-0.016000000000618672,0.00862005,0.004310024999989425,-9.305573478023757e-15,5.790454720645683e-16,0.004310025,30.848204704550014,49.90796721184999,-5.438427486126329e-13,40.3780859582,-7.724289957655728e-15,6.13235919493473,49.90796721184227,49.90796721184232,49.907967211842355,49.90796721184585,49.907967211851,49.90796721185133,49.90796721185156,49.907967211851854,49.90796721185216,49.90796721185194,49.90796721185216,49.90796721185245,49.90796721185257,49.90796721184232,49.90796721184272,49.907967211842845,0.002,0.00800000000002127,0.008,0.0004735215,-6.088190243742065e-14,0.002,0.00800000000002127,0.008,0.0004735215,-6.088245582529023e-14,0.002,0.008000000000021277,0.008,0.0004735215,-6.089159849336687e-14,0.002,0.008000000000021289,0.008,0.0004735215,-6.090659732820148e-14,0.002,0.00800000000002129,0.008,0.0004735215,-6.09085494280656e-14,0.006,0.02400000000002165,0.024,0.0011221164662499,-0.008000000000066721,0.002,0.008000000000021292,0.008,0.0004735215,-6.090862854805676e-14,0.002,0.008000000000021292,0.008,0.0004735215,-6.091059824545665e-14,0.006,0.024000000000021653,0.024,0.00161521164375,-0.008000000000066732,0.002,0.00800000000002127,0.008,0.0004735215,-6.088193531185993e-14,8.899899814971082e-17,6.865427223687279e-17,4.7840772182192563e-17,1.7091113434507367e-17,1.475568205969771e-17,1.3516267882601134e-17,1.0615610367378331e-17,9.858698291616748e-18,9.57960810853205e-18,8.734075961596166e-17,0.9999999999999988,3.97034053374127e-16,3.964042855095626e-16,3.9639843130162856e-16,3.963896527875654e-16,-2.8030375530004843e-16,3.96388424244617e-16,3.962729419301689e-16,3.9638755956508694e-16,-2.8030375773385525e-16,-2.8030374781645846e-16,3.963868292843886e-16,3.962715931072743e-16,3.9640433050170094e-16,-2.8030376394655263e-16,-2.8030375798183457e-16,-0.00010114850000000002,-0.00010114850000000002,-0.00010114850000000002,-0.00010114850000000002,-0.00057467,-0.00010114850000000002,0.0005474464662499001,-0.00010114850000000002,-0.00057467,-0.00057467,-0.00010114850000000002,0.00104054164375,-0.00010114850000000002,-0.00057467,-0.00057467,0.018094549890611558,0.016742912890492644,0.01664176439043227,0.01654061589037187,0.008128372033875952,0.007553702033876797,0.007452553533816355,0.00010114850006044386,0.008311095356435483,0.007635276856375878,0.007060606856376716,0.006959458356316269,0.0012504885000585388,0.0011493399999981636,0.0005746699999990823,0.004310024999998842,0.003160684999999539,0.0028733499999996762,0.002586014999999772,0.0008620049999999121,0.0005746699999999435,0.000287334999999973,0.0002873349999999788,0.0014366749999998939,0.000862004999999939,0.0005746699999999612,0.00028733499999998086,0.0008620049999994811,0.0005746699999996559,0.00028733499999982826,79.25810634920413,-5.41903875387635,-5.419038753876352,-5.4190387538764675,-5.419038753876642,-5.604514290759696,-5.41903875387666,-4.192387124052803,-5.419038753876683,-5.604514290759698,-5.604514290759698,-5.419038753876693,-3.6908377403441452,-5.41903875387635,-5.604514290759672,-5.604514290759673
13,2013-11-01 13:00:00,0.0033497268936013686,-1.860408697427568e-14,1.1473441663455844e-13,0.008245319999999997,0.0041226599999891565,-9.24710216703253e-15,7.564961730345667e-16,0.0041226599999999985,57.920316767250014,76.98007927455,-1.2008172234345693e-12,67.4501980209,-1.5492706943731616e-14,6.132139471667822,76.98007927449947,76.98007927449949,76.98007927449952,76.98007927450115,76.9800792745035,76.98007927450361,76.98007927450367,76.98007927450375,76.98007927450399,76.9800792745039,76.98007927450396,76.98007927450404,76.98007927450405,76.9800792744995,76.98007927449989,76.98007927450001,0.002,0.00800000000001118,0.008,0.0003108665,1.0975121444019048e-14,0.002,0.00800000000001118,0.008,0.0003108665,1.0975182795017432e-14,0.002,0.00800000000001118,0.008,0.0003108665,1.097685543416755e-14,0.002,0.008000000000011179,0.008,0.0003108665,1.0981215487244987e-14,0.002,0.008000000000011179,0.008,0.0003108665,1.0981704393995577e-14,0.006,0.02400000000001126,0.024,0.0011488052799999001,1.1261855063499555e-14,0.002,0.008000000000011179,0.008,0.0003108665,1.098233117325495e-14,0.002,0.008000000000011179,0.008,0.0003108665,1.0982999312167017e-14,0.006,0.02400000000001126,0.024,0.0012598558262499,1.1263452775278376e-14,0.002,0.00800000000001118,0.008,0.0003108665,1.0974872806683677e-14,7.272979601034751e-17,6.354597981153073e-17,5.444994780110302e-17,4.134173202897603e-17,4.0328360812588115e-17,3.9819276588443595e-17,3.854181581592003e-17,3.8220117834099356e-17,3.80980395413569e-17,7.111522782871811e-17,0.9999999999999987,2.8445597504797046e-16,2.855155163365722e-16,2.8551598970605064e-16,2.855167407679127e-16,-3.9184525834624044e-16,2.8551680679111853e-16,2.8541298250020234e-16,2.855169420644426e-16,-3.9184526121656853e-16,-3.9184525436793123e-16,2.8551696149713687e-16,2.854130669998522e-16,2.855154218123796e-16,-3.918452663304362e-16,-3.9184526141483274e-16,-0.00023882150000000002,-0.00023882150000000002,-0.00023882150000000002,-0.00023882150000000002,-0.000549688,-0.00023882150000000002,0.0005991172799999001,-0.00023882150000000002,-0.000549688,-0.000549688,-0.00023882150000000002,0.0007101678262498999,-0.00023882150000000002,-0.000549688,-0.000549688,0.003349726893620951,0.0017727078936485808,0.0015338863936605342,0.0012950648936724833,0.00018939221997409927,-0.00036029578002406775,-0.0005991172800121239,0.00023882149998805683,0.0008668511737103282,7.834167372410206e-05,-0.00047134632627406775,-0.0007101678262621241,0.0013381974999843236,0.001099375999996277,0.0005496879999981391,0.0041226599999984875,0.0030232839999990544,0.0027484399999991816,0.0024735959999992903,0.0008245319999997584,0.0005496879999998398,0.00027484399999992037,0.0002748439999999229,0.0013742199999996147,0.0008245319999997699,0.0005496879999998475,0.00027484399999992383,0.0008245319999995784,0.0005496879999997206,0.0002748439999998606,85.64810806269072,-5.846232549989146,-5.846232549989148,-5.8462325499892644,-5.8462325499894385,-6.055638614687063,-5.846232549989457,-4.555076326454005,-5.84623254998948,-6.055638614687065,-6.055638614687065,-5.84623254998949,-4.044978262891545,-5.846232549989146,-6.055638614687036,-6.055638614687037
14,2013-11-01 14:00:00,0.004956936957423955,-1.8502812548528513e-14,4.2156534168895006e-14,0.009049620000000001,0.004524809999989212,-9.252231206295491e-15,7.25262245861393e-16,0.004524810000000001,68.79811874635001,87.85788125364999,-1.3695711231775931e-12,78.328,-1.5536183450848284e-14,6.132191692142343,87.85788125361641,87.85788125361644,87.85788125361645,87.85788125361827,87.85788125362089,87.857881253621,87.85788125362107,87.85788125362116,87.85788125362146,87.85788125362133,87.8578812536214,87.8578812536215,87.85788125362151,87.85788125361644,87.85788125361685,87.85788125361698,0.002,0.008000000000008283,0.008,0.00017755700000000003,3.787475029245637e-15,0.002,0.008000000000008283,0.008,0.00017755700000000003,3.787517148076595e-15,0.002,0.008000000000008283,0.008,0.00017755700000000003,3.781230240231182e-15,0.002,0.008000000000008282,0.008,0.00017755700000000003,3.7711297816874155e-15,0.002,0.008000000000008282,0.008,0.00017755700000000003,3.770959781576947e-15,0.006,0.02400000000000836,0.024,0.0012640828899998999,3.7705323215307204e-15,0.002,0.008000000000008282,0.008,0.00017755700000000003,3.769405077883448e-15,0.002,0.008000000000008282,0.008,0.00017755700000000003,3.768719605238422e-15,0.006,0.02400000000000836,0.024,0.00140814415249995,3.769599468682309e-15,0.002,0.008000000000008283,0.008,0.00017755700000000003,3.787971204870282e-15,7.260081925370302e-17,6.26283913274852e-17,5.272433328716527e-17,3.842878575641182e-17,3.732440549612872e-17,3.6770016166214117e-17,3.537125330267765e-17,3.5020821999567084e-17,3.48875877873557e-17,7.092477326576373e-17,0.9999999999999987,3.8063378760902234e-16,3.817251726139668e-16,3.817258691115656e-16,3.8172686742329517e-16,-2.955934198283439e-16,3.817269885055301e-16,3.816126761055353e-16,3.817271374044683e-16,-2.955934224892447e-16,-2.9559341513039364e-16,3.8172717386045656e-16,3.816127770146252e-16,3.817251234323269e-16,-2.95593429379711e-16,-2.955934233589789e-16,-0.00042575099999999993,-0.00042575099999999993,-0.00042575099999999993,-0.00042575099999999993,-0.000603308,-0.00042575099999999993,0.0006607748899998999,-0.00042575099999999993,-0.000603308,-0.000603308,-0.00042575099999999993,0.00080483615249995,-0.00042575099999999993,-0.000603308,-0.000603308,0.004956936957443439,0.0028988189574567155,0.0024730679574614853,0.0020473169574662417,0.00036828410998879306,-0.00023502389000936973,-0.0006607748900046345,0.00042575099999526766,0.0012532818474821849,0.00022422284748875186,-0.0003790851525094139,-0.0008048361525046825,0.001632366999991493,0.001206615999996263,0.0006033079999981321,0.0045248099999985495,0.003318193999999115,0.0030165399999992405,0.0027148859999993457,0.0009049619999997764,0.0006033079999998518,0.0003016539999999265,0.0003016539999999293,0.0015082699999996463,0.0009049619999997891,0.0006033079999998602,0.0003016539999999302,0.0009049619999995798,0.0006033079999997216,0.00030165399999986116,92.2158057334217,-6.2924509102665755,-6.292450910266577,-6.2924509102666955,-6.292450910266871,-6.517456756786504,-6.29245091026689,-4.905834824108842,-6.292450910266914,-6.5174567567865065,-6.5174567567865065,-6.292450910266924,-4.383079843252406,-6.2924509102665755,-6.517456756786473,-6.5174567567864745
15,2013-11-01 15:00:00,0.006675362562511309,-1.8464575769339628e-14,-4.584706886880747e-14,0.010439010000000004,0.005219504999989296,-9.259185161697703e-15,6.803691526609966e-16,0.005219505000000002,77.99186676725002,97.05162927455,-1.5938361741518747e-12,87.5217480209,-1.6324398430245246e-14,6.132588255180842,97.0516292745255,97.05162927452552,97.05162927452555,97.05162927452757,97.05162927453051,97.05162927453065,97.05162927453073,97.05162927453082,97.05162927453115,97.05162927453101,97.0516292745311,97.05162927453121,97.05162927453122,97.05162927452554,97.05162927452596,97.0516292745261,0.002,0.00800000000001425,0.008,2.842776e-05,-5.024561198555579e-15,0.002,0.00800000000001425,0.008,2.842776e-05,-5.024469219505934e-15,0.002,0.008000000000014253,0.008,2.842776e-05,-5.036816326131422e-15,0.002,0.008000000000014258,0.008,2.842776e-05,-5.0546665202103154e-15,0.002,0.008000000000014258,0.008,2.842776e-05,-5.055318414941967e-15,0.006,0.024000000000014357,0.024,0.0016953602962498499,-5.072685632559459e-15,0.002,0.00800000000001426,0.008,2.842776e-05,-5.057474567278571e-15,0.002,0.00800000000001426,0.008,2.842776e-05,-5.058941889464842e-15,0.006,0.024000000000014357,0.024,0.0018408650612499002,-5.075573985132178e-15,0.002,0.00800000000001425,0.008,2.842776e-05,-5.024503148257213e-15,7.208302519999102e-17,6.110605057763813e-17,5.018197324032487e-17,3.4399070921436644e-17,3.31797270164708e-17,3.257009815815698e-17,3.101380106059815e-17,3.0626590821002613e-17,3.047890448869222e-17,7.030157117747147e-17,0.9999999999999988,3.983519142538046e-16,3.989044744643841e-16,3.9890180581211135e-16,3.9889747757686073e-16,-2.771914090257847e-16,3.9889683905254503e-16,3.987708309190546e-16,3.9889642255091687e-16,-2.771914125365198e-16,-2.7719140205752256e-16,3.988959541782005e-16,3.9877021288931625e-16,3.9890447584656457e-16,-2.7719142389454063e-16,-2.7719141542283104e-16,-0.00066750624,-0.00066750624,-0.00066750624,-0.00066750624,-0.000695934,-0.00066750624,0.0009994262962498498,-0.00066750624,-0.000695934,-0.000695934,-0.00066750624,0.0011449310612499002,-0.00066750624,-0.000695934,-0.000695934,0.0066753625625308064,0.003948482082526759,0.0032809758425227675,0.002613469602518755,0.00036401394375631843,-0.0003319200562417473,-0.0009994262962457897,0.0006675062400040463,0.0015819494187583956,0.00021850917875628086,-0.00047742482124178806,-0.001144931061245836,0.0020593742400000542,0.001391867999996062,0.0006959339999980318,0.00521950499999864,0.0038276369999992,0.003479669999999323,0.0031317029999994228,0.0010439009999998014,0.0006959339999998686,0.00034796699999993486,0.000347966999999938,0.00173983499999969,0.0010439009999998153,0.0006959339999998779,0.00034796699999993915,0.001043900999999584,0.0006959339999997246,0.00034796699999986266,98.99624880129423,-6.76607269542203,-6.766072695422031,-6.766072695422152,-6.766072695422332,-6.993837502366014,-6.76607269542235,-5.21767809073053,-6.766072695422375,-6.993837502366016,-6.993837502366016,-6.766072695422385,-4.680801635363632,-6.76607269542203,-6.993837502365977,-6.993837502365979
16,2013-11-01 16:00:00,-8.530524710749294e-15,-9.64665779364526e-15,0.007837941414964016,0.0122540474999985,0.006127023749988493,-9.234232954281401e-15,7.259282838998771e-16,0.00612702374999925,100.19785574635002,119.25761825365,-3.648692459279346e-12,109.727737,-3.35195196252136e-14,6.1318043940523905,109.47641121176486,109.47641121176487,109.4764112117649,109.4764112117662,109.47641121176805,109.47641121176811,109.47641121176811,109.47641121176811,109.47641121176845,109.47641121176835,109.47641121176835,109.47641121176837,109.47641121176832,109.47641121176488,109.47641121176535,109.47641121176551,0.002,0.007999999999979635,0.008,4.02895e-07,3.662717780785741e-14,0.002,0.007999999999979635,0.008,4.02895e-07,3.6627439095829256e-14,0.002,0.00799999999997965,0.008,4.02895e-07,3.660948944099108e-14,0.002,0.007999999999979676,0.008,4.02895e-07,3.658388871535905e-14,0.002,0.00799999999997968,0.008,4.02895e-07,3.6582675980351966e-14,0.006,0.020081029292664993,0.024,0.0020197366637499,0.003918970707351386,0.002,0.007999999999979681,0.008,4.02895e-07,3.657819161273852e-14,0.002,0.007999999999979683,0.008,4.02895e-07,3.6578465009269954e-14,0.006,0.02008102929270658,0.024,0.00239314626124995,0.003918970707309803,0.002,0.007999999999979635,0.008,4.02895e-07,3.6627007234566515e-14,6.317000706786154e-17,5.691075320464413e-17,5.0989337654986e-17,4.2799473274993294e-17,4.213606475994154e-17,4.184187373775144e-17,4.098239402946654e-17,4.077957655616532e-17,4.069777303411366e-17,6.126049214602658e-17,0.9999999999999988,3.7574887059000036e-16,3.735405064159581e-16,3.7352411974635297e-16,3.7349822533606173e-16,-3.0128722799363584e-16,3.7349544309491835e-16,3.901588195437716e-16,3.7349178351819505e-16,-3.012872329247968e-16,-3.0128721863312027e-16,3.734904206448849e-16,3.901588654968938e-16,3.7354062822447904e-16,-3.0128724483807833e-16,-3.012872332796255e-16,-0.0008165336049998999,-0.0008165336049998999,-0.0008165336049998999,-0.0008165336049998999,-0.0008169364999999,-0.0008165336049998999,0.00120280016375,-0.0008165336049998999,-0.0008169364999999,-0.0008169364999999,-0.0008165336049998999,0.0015762097612500503,-0.0008165336049998999,-0.0008169364999999,-0.0008169364999999,3.217357150373007e-15,-0.003266940209910715,-0.004083473814871886,-0.00490000741983308,-0.003488300766146443,-0.004305237266142252,-0.005121770871103478,0.0008165336049612313,-0.002228240258647862,-0.0038617103636049044,-0.004678646863600714,-0.005495180468561944,0.0024504066049527602,0.0016338729999915886,0.0008169364999957949,0.006127023749997799,0.0044931507499984865,0.00408468249999865,0.003676214249998802,0.0012254047499995974,0.0008169364999997321,0.00040846824999986634,0.0004084682499998681,0.0020423412499993403,0.0012254047499996048,0.0008169364999997371,0.0004084682499998687,0.0012254047499994885,0.0008169364999996611,0.00040846824999983094,105.12805319534674,-7.264250823730704,-7.2642508237307055,-7.26425082373083,-7.264250823731014,-7.492059738177181,-7.264250823731032,-5.065751956316869,-7.264250823731058,-7.4920597381771845,-7.492059738177184,-7.264250823731068,-4.487995958308186,-7.264250823730704,-7.492059738177142,-7.492059738177144
17,2013-11-01 17:00:00,-1.8357423800696003e-14,0.05951548000714786,0.06799999999964848,0.012793762499999996,0.006396881249988987,-9.160929762494721e-15,9.225718006817e-16,0.006396881249999998,113.21988868365001,132.27965119094998,-2.4236168627567167e-12,122.7497699373,-1.795753216266016e-14,6.131653785513641,113.21988868364905,113.219888683649,113.21988868364897,113.21988868364582,113.21988868364103,113.21988868364063,113.2198886836403,113.21988868364001,113.21988868363977,113.21988868364001,113.21988868363971,113.21988868363931,113.21988868363916,113.219888683649,113.21988868364947,113.21988868364966,0.002,0.00200000000002037,0.008,0.0,0.005999999999960395,0.002,0.0020000000000203696,0.008,0.0,0.0059999999999603955,0.002,0.0020000000000203523,0.008,0.0,0.005999999999960441,0.002,0.002000000000020325,0.008,0.0,0.005999999999960513,0.002,0.002000000000020322,0.008,0.0,0.00599999999996052,0.006,0.010081029292687112,0.024,0.0020157293612498997,0.00999999999997979,0.002,0.002000000000020318,0.008,0.0,0.005999999999960531,0.002,0.0020000000000203167,0.008,0.0,0.005999999999960535,0.006,0.010081029292728692,0.024,0.0022935131462499,0.009999999999979794,0.002,0.00200000000002037,0.008,0.0,0.005999999999960395,1.9923746288400694e-17,3.6071815798788615e-17,5.370040227369209e-17,8.08589933798156e-17,8.276148586448826e-17,8.383897731122191e-17,8.652579272465064e-17,8.710461655639234e-17,8.733127270810901e-17,1.8024478202725386e-17,0.9999999999999987,3.818489797890378e-16,3.821748566251536e-16,3.8215561633533255e-16,3.821263690929752e-16,-2.9666398532961926e-16,3.821229198328019e-16,3.819723820188684e-16,3.8211893900755715e-16,-2.966639905426147e-16,-2.9666397192181667e-16,3.821173243686343e-16,3.819677981848697e-16,3.8217503193029317e-16,-2.9666400364827485e-16,-2.9666399117565414e-16,-0.0008529175,-0.0008529175,-0.0008529175,-0.0008529175,-0.0008529175,-0.0008529175,0.0011628118612498997,-0.0008529175,-0.0008529175,-0.0008529175,-0.0008529175,0.0014405956462498998,-0.0008529175,-0.0008529175,-0.0008529175,-0.05951548000716512,-0.050927150007237916,-0.045780067507276416,-0.04063298500731487,-0.015456976861194663,-0.016309894361192488,-0.011162811861230828,-0.00514708249996167,-0.02002892564615855,-0.015734760646194695,-0.01658767814619251,-0.011440595646230838,-0.0034412474999657057,0.00170583499999579,0.0008529174999978955,0.006396881249998154,0.004691046249998297,0.004264587499998369,0.003838128749998476,0.0012793762499995027,0.0008529174999996668,0.00042645874999983237,0.00042645874999982695,0.0021322937499991352,0.001279376249999479,0.0008529174999996511,0.0004264587499998253,0.001279376249999898,0.0008529174999999339,0.0004264587499999674,104.52137095949507,-7.090275635073871,-7.090275635073873,-7.090275635074008,-7.090275635074208,-7.997403881617637,-7.09027563507423,-4.210676559026267,-7.090275635074257,-7.99740388161764,-7.997403881617638,-7.090275635074269,-3.6014699118017743,-7.090275635073871,-7.997403881617609,-7.997403881617611
18,2013-11-01 18:00:00,0.0020754438654038893,-1.941575939906245e-14,0.008162058585793197,0.012662017499999996,0.006331008749989331,-9.251281334061382e-15,6.713606174079506e-16,0.006331008749999998,90.41664870455001,109.47641121184999,-3.6564085093004906e-12,99.9465299582,-3.355172042973642e-14,6.1326838719263055,109.47641121176734,109.47641121176737,109.4764112117674,109.47641121176899,109.47641121177125,109.47641121177132,109.47641121177134,109.47641121177136,109.47641121177173,109.47641121177162,109.47641121177163,109.47641121177168,109.47641121177165,109.47641121176737,109.47641121176785,109.47641121176802,0.002,0.0019999999999815755,0.008,0.0,4.081006309411876e-14,0.002,0.0019999999999815755,0.008,0.0,4.08095011314047e-14,0.002,0.0019999999999815716,0.008,0.0,4.079030169631504e-14,0.002,0.0019999999999815664,0.008,0.0,4.0760384503427574e-14,0.002,0.001999999999981565,0.008,0.0,4.0758461528263104e-14,0.006,0.005999999999981468,0.024,0.00114777915874995,0.004081029292707673,0.002,0.0019999999999815647,0.008,0.0,4.0753565783035204e-14,0.002,0.0019999999999815643,0.008,0.0,4.0752974605181324e-14,0.006,0.005999999999981467,0.024,0.0012767358900000001,0.004081029292749254,0.002,0.0019999999999815755,0.008,0.0,4.0809543264238375e-14,6.49273988947636e-17,5.651971240278557e-17,4.835139566702813e-17,3.6792453248861206e-17,3.58794317118516e-17,3.545065276557294e-17,3.426333281334933e-17,3.3976870264234454e-17,3.386453714815087e-17,6.298427285835103e-17,0.9999999999999987,3.811957317984969e-16,3.8122863726875867e-16,3.812246954470952e-16,3.8121867414930507e-16,-2.9452076234482294e-16,3.812177051346746e-16,3.810902225512241e-16,3.812171629766585e-16,-2.9452076817703737e-16,-2.9452074974398946e-16,3.8121660299048973e-16,3.8108912442389572e-16,3.8122862228755506e-16,-2.9452078083528065e-16,-2.945207685892003e-16,-0.0008441345,-0.0008441345,-0.0008441345,-0.0008441345,-0.0008441345,-0.0008441345,0.00030364465874995004,-0.0008441345,-0.0008441345,-0.0008441345,-0.0008441345,0.0004326013900000001,-0.0008441345,-0.0008441345,-0.0008441345,0.0020754438654254116,-0.0013010941344805272,-0.002145228634437612,-0.0029893631343947224,-0.0026964049515066572,-0.003540539451502566,-0.004384673951459714,0.0008441344999571559,-0.001137092682845213,-0.002825361682798279,-0.003669496182794189,-0.004513630682751345,0.0025324034999488544,0.0016882689999917697,0.0008441344999958855,0.006331008749998658,0.00464273974999916,0.004220672499999272,0.003798605249999369,0.0012662017499997852,0.0008441344999998576,0.00042206724999992916,0.00042206724999993155,0.0021103362499996577,0.0012662017499997956,0.0008441344999998644,0.00042206724999993236,0.0012662017499996284,0.0008441344999997543,0.0004220672499998776,110.88126697747938,-7.591534042171194,-7.591534042171196,-7.591534042171334,-7.59153404217154,-8.498662288719217,-7.591534042171562,-4.139503781948702,-7.59153404217159,-8.49866228871922,-8.498662288719217,-7.591534042171602,-3.5161794145807987,-7.591534042171194,-8.498662288719185,-8.498662288719187
19,2013-11-01 19:00:00,0.010151191885007203,-1.843327971109937e-14,-4.057505971997841e-14,0.011588145000000001,0.0057940724999893875,-9.272406881678488e-15,6.247876456295271e-16,0.0057940725000000005,72.90054970455002,91.96031221185,-1.4117040869621178e-12,82.4304309582,-1.498974555591559e-14,6.1321957741975535,91.9603122118345,91.96031221183453,91.96031221183456,91.96031221183706,91.9603122118407,91.96031221184089,91.960312211841,91.96031221184113,91.9603122118415,91.96031221184134,91.96031221184144,91.96031221184158,91.96031221184161,91.96031221183453,91.96031221183502,91.96031221183516,0.002,0.001999999999986888,0.008,0.0,-4.451933638720893e-15,0.002,0.001999999999986888,0.008,0.0,-4.4519376282020645e-15,0.002,0.001999999999986888,0.008,0.0,-4.4652730456282476e-15,0.002,0.001999999999986888,0.008,0.0,-4.484785007840193e-15,0.002,0.001999999999986888,0.008,0.0,-4.486596157873477e-15,0.006,0.0059999999999868145,0.024,0.00045474257625,-4.5108747482165975e-15,0.002,0.001999999999986888,0.008,0.0,-4.4891101153707726e-15,0.002,0.001999999999986888,0.008,0.0,-4.489852861605061e-15,0.006,0.0059999999999868145,0.024,0.0009822105387499499,-4.513677097631508e-15,0.002,0.001999999999986888,0.008,0.0,-4.451723364278515e-15,7.465288604577291e-17,6.11670358331324e-17,4.7635907120621845e-17,2.7962874712696004e-17,2.6444711353271803e-17,2.567484774734725e-17,2.3760034342870413e-17,2.3276840032443703e-17,2.3093773895442567e-17,7.278248072545318e-17,0.9999999999999987,3.766495885199101e-16,3.774898609163145e-16,3.7748982655455575e-16,3.774898186990055e-16,-2.997963500656904e-16,3.7748978933115046e-16,3.7734415870616184e-16,3.774898203503597e-16,-2.9979635449580116e-16,-2.997963415810846e-16,3.774898233113808e-16,3.7734418482772024e-16,3.7748979799228686e-16,-2.997963653000627e-16,-2.997963554239249e-16,-0.000772543,-0.000772543,-0.000772543,-0.000772543,-0.000772543,-0.000772543,-0.00031780042375,-0.000772543,-0.000772543,-0.000772543,-0.000772543,0.0002096675387499499,-0.000772543,-0.000772543,-0.000772543,0.010151191885026587,0.007061019885023206,0.006288476885019705,0.0055159338850161825,0.0018628864237553795,0.0010903434237571432,0.00031780042375358395,0.0007725430000035635,0.0028805044612572467,0.0013354184612554435,0.0005628754612572031,-0.00020966753874636148,0.002317628999999883,0.0015450859999963835,0.0007725429999981924,0.005794072499998751,0.004248986499999331,0.0038627149999994528,0.0034764434999995483,0.0011588144999998419,0.0007725429999998958,0.00038627149999994866,0.00038627149999995245,0.0019313574999997622,0.0011588144999998592,0.0007725429999999073,0.0003862714999999538,0.0011588144999995693,0.0007725429999997147,0.0003862714999998578,117.94696952674613,-8.071390389261838,-8.07139038926184,-8.071390389261982,-8.071390389262193,-8.978518635809385,-8.071390389262215,-4.57754185975139,-8.071390389262243,-8.978518635809388,-8.978518635809385,-8.071390389262255,-3.905711373870248,-8.071390389261838,-8.978518635809346,-8.978518635809348
20,2013-11-01 20:00:00,0.009762118039415903,-1.8428955754755153e-14,-6.987104637952908e-13,0.010776644999998503,0.005388322499988631,-9.275948144829263e-15,6.257962484981065e-16,0.005388322499999251,60.642213788150016,79.70197629545,-1.065758592488919e-12,70.1720950418,-1.3027556464151324e-14,6.1320278508286945,79.70197629543381,79.70197629543385,79.70197629543388,79.7019762954363,79.70197629543979,79.70197629543996,79.70197629544008,79.70197629544022,79.70197629544055,79.7019762954404,79.7019762954405,79.70197629544064,79.70197629544066,79.70197629543387,79.7019762954343,79.70197629543445,0.002,0.002000000000057838,0.008,0.0,-7.02128520127229e-14,0.002,0.002000000000057838,0.008,0.0,-7.021328163289506e-14,0.002,0.002000000000057839,0.008,0.0,-7.022430212377131e-14,0.002,0.0020000000000578414,0.008,0.0,-7.024041919334772e-14,0.002,0.0020000000000578414,0.008,0.0,-7.024174432463406e-14,0.006,0.006000000000057767,0.024,0.00015893200249994998,-7.024145762468442e-14,0.002,0.0020000000000578414,0.008,0.0,-7.024378801956687e-14,0.002,0.0020000000000578414,0.008,0.0,-7.024423740769041e-14,0.006,0.006000000000057767,0.024,0.0008555949587499,-7.024314767903794e-14,0.002,0.002000000000057838,0.008,0.0,-7.021305540146189e-14,7.504731926575323e-17,6.144233538728095e-17,4.7765679898297814e-17,2.785080406453101e-17,2.631793713027754e-17,2.5536609423959242e-17,2.3605856620840735e-17,2.3121058436889832e-17,2.2936969417931117e-17,7.323664818613667e-17,0.9999999999999988,3.966108389375278e-16,3.9806310342458017e-16,3.980642782589912e-16,3.980661729784422e-16,-2.795492341889395e-16,3.980663313698594e-16,3.9792832097564196e-16,3.980665876983249e-16,-2.7954923791283735e-16,-2.7954922683674007e-16,3.980666023145932e-16,3.979285264943644e-16,3.980629840791735e-16,-2.7954924738465336e-16,-2.79549239007884e-16,-0.0007184429999999,-0.0007184429999999,-0.0007184429999999,-0.0007184429999999,-0.0007184429999999,-0.0007184429999999,-0.00055951099749995,-0.0007184429999999,-0.0007184429999999,-0.0007184429999999,-0.0007184429999999,0.00013715195875000003,-0.0007184429999999,-0.0007184429999999,-0.0007184429999999,0.009762118039435162,0.006888346039299923,0.006169903039230639,0.005451460039161336,0.0019963969976371063,0.0012779539976387245,0.0005595109975693874,0.0007184430000693409,0.0027366200414548946,0.0012997340413871685,0.0005812910413887825,-0.00013715195868055924,0.002155329000065956,0.0014368859999966729,0.000718442999998337,0.005388322499997999,0.003951436499998782,0.003592214999998955,0.0032329934999991007,0.0010776644999996926,0.0007184429999997963,0.00035922149999989897,0.00035922149999990276,0.001796107499999514,0.00107766449999971,0.0007184429999998079,0.0003592214999999041,0.0010776644999994163,0.0007184429999996128,0.0003592214999998068,124.85705747814704,-8.537453572944957,-8.537453572944958,-8.537453572945104,-8.537453572945319,-9.44458181948686,-8.53745357294534,-5.030937848738678,-8.537453572945369,-9.444581819486864,-9.44458181948686,-8.537453572945381,-4.3035819484325915,-8.537453572944957,-9.444581819486814,-9.444581819486816
21,2013-11-01 21:00:00,0.00891715868039287,-1.8507677572068956e-14,8.246527796773665e-13,0.009486915000000002,0.004743457499989227,-9.253190214986057e-15,7.154134877530268e-16,0.004743457500000001,58.58610574635,77.64586825364998,-1.1187717419147702e-12,68.11598699999999,-1.4018300409368578e-14,6.13241993566706,77.64586825363213,77.64586825363216,77.64586825363217,77.64586825363442,77.64586825363764,77.64586825363783,77.64586825363793,77.64586825363807,77.64586825363837,77.64586825363823,77.64586825363831,77.64586825363845,77.64586825363848,77.64586825363217,77.64586825363259,77.64586825363271,0.002,0.0019999999999763367,0.008,0.0,8.230073249517938e-14,0.002,0.0019999999999763362,0.008,0.0,8.230110231977208e-14,0.002,0.0019999999999763154,0.008,0.0,8.231539752873933e-14,0.002,0.0019999999999762825,0.008,0.0,8.233813862617028e-14,0.002,0.0019999999999762786,0.008,0.0,8.234096315496468e-14,0.006,0.0059999999999774695,0.024,3.47468025e-05,8.107548666612812e-14,0.002,0.0019999999999762747,0.008,0.0,8.234413250909751e-14,0.002,0.0019999999999762725,0.008,0.0,8.234566946370263e-14,0.006,0.005999999999977471,0.024,0.0005350095162499499,8.107267858911164e-14,0.002,0.0019999999999763362,0.008,0.0,8.230090258624988e-14,7.554595717644361e-17,6.413764457795124e-17,5.273570077480462e-17,3.619490536965762e-17,3.491753013407843e-17,3.4268437092330413e-17,3.2670203258263644e-17,3.2264483531732676e-17,3.211110058874816e-17,7.383583664842731e-17,0.9999999999999987,3.4439406055446644e-16,3.4108430676540393e-16,3.4106723951409634e-16,3.410409141078541e-16,-3.296552854746271e-16,3.4103800629037073e-16,3.686336013468927e-16,3.4103438659749884e-16,-3.2965528900129773e-16,-3.296552802803302e-16,3.410328805425398e-16,3.686351181069736e-16,3.4108450991348995e-16,-3.2965529587089645e-16,-3.296552892910343e-16,-0.000632461,-0.000632461,-0.000632461,-0.000632461,-0.000632461,-0.000632461,-0.0005977141974999999,-0.000632461,-0.000632461,-0.000632461,-0.000632461,-9.745148375005003e-05,-0.000632461,-0.000632461,-0.000632461,0.008917158680412268,0.006387314680582012,0.005754853680665202,0.005122392680748398,0.0018626361973332018,0.0012301751973348473,0.0005977141974180566,0.0006324609999167892,0.002627295483498403,0.0013623734835832566,0.0007299124835848988,9.745148366811093e-05,0.0018973829999134459,0.0012649219999966354,0.0006324609999983184,0.004743457499998569,0.003478535499999158,0.0031623049999992864,0.0028460744999993914,0.0009486914999997908,0.0006324609999998616,0.00031623049999993146,0.0003162304999999346,0.0015811524999996733,0.0009486914999998052,0.0006324609999998713,0.0003162304999999358,0.0009486914999995622,0.00063246099999971,0.0003162304999998554,131.68185794191004,-8.995389552131261,-8.995389552131265,-8.99538955213141,-8.995389552131625,-9.902517798679503,-8.995389552131646,-5.486175882275932,-8.995389552131675,-9.902517798679508,-9.902517798679504,-8.995389552131687,-4.71997664920581,-8.995389552131261,-9.902517798679453,-9.902517798679455
22,2013-11-01 22:00:00,0.07536105070770943,-1.8353603917371702e-14,-0.06800000000023232,0.007848285,0.003924142499989596,-9.365160272976253e-15,4.3259372047816544e-16,0.0039241425,17.600978767250012,36.660741274549984,-1.2467804566540508e-12,27.1308600209,-4.6318201010753235e-15,6.132243157940065,36.66074127455305,36.66074127455315,36.660741274553246,36.660741274560905,36.66074127457224,36.66074127457294,36.66074127457345,36.660741274574015,36.66074127457495,36.66074127457439,36.660741274574875,36.66074127457552,36.660741274575734,36.66074127455316,36.66074127455356,36.660741274553686,0.002,0.008000000000004394,0.008,0.0,-0.006000000000027938,0.002,0.008000000000004396,0.008,0.0,-0.006000000000027939,0.002,0.008000000000004425,0.008,0.0,-0.0060000000000280185,0.002,0.00800000000000447,0.008,0.0,-0.006000000000028141,0.002,0.008000000000004476,0.008,0.0,-0.006000000000028154,0.006,0.015999999999982226,0.024,4.0513166249999996e-05,-0.010000000000004417,0.002,0.008000000000004481,0.008,0.0,-0.006000000000028171,0.002,0.008000000000004483,0.008,0.0,-0.006000000000028177,0.006,0.015999999999982233,0.024,0.0004467211262499,-0.010000000000004425,0.002,0.008000000000004394,0.008,0.0,-0.006000000000027938,1.3074522526427405e-16,8.993587912419392e-17,4.7607656737605324e-17,-1.5474191922593743e-17,-2.013295779465291e-17,-2.2609576852144322e-17,-2.884613513235085e-17,-3.0308187216267883e-17,-3.087030226651221e-17,1.290961604584097e-16,0.9999999999999987,3.894404908536188e-16,3.9174990783944376e-16,3.917302266097702e-16,3.917006088784278e-16,-2.8556191388246e-16,3.91697681758675e-16,3.916413052377637e-16,3.9169357126794157e-16,-2.855619157764539e-16,-2.8556190714282676e-16,3.916920299839328e-16,3.9163664371002837e-16,3.917502295433095e-16,-2.855619205671563e-16,-2.855619161059773e-16,-0.000523219,-0.000523219,-0.000523219,-0.000523219,-0.000523219,-0.000523219,-0.00048270583375,-0.000523219,-0.000523219,-0.000523219,-0.000523219,-7.649787375010002e-05,-0.000523219,-0.000523219,-0.000523219,0.07536105070772812,0.0612681747076741,0.0547449557076465,0.04822173670761879,0.017529143833781624,0.01700592483378206,0.010482705833754161,0.006523219000027918,0.024169373873809286,0.01712293587378179,0.0165997168737822,0.010076497873754276,0.007569657000026429,0.001046437999998832,0.0005232189999994164,0.003924142499999135,0.002877704500000166,0.0026160950000003458,0.002354485500000441,0.0007848285000001223,0.0005232190000000855,0.00026160950000004527,0.0002616095000000577,0.0013080475000002878,0.0007848285000001779,0.0005232190000001224,0.00026160950000006175,0.0007848284999992306,0.0005232189999994888,0.00026160949999974473,140.57689308202458,-9.64335180669787,-9.643351806697874,-9.643351806698073,-9.643351806698366,-10.330515605597776,-9.643351806698396,-6.279295859234005,-9.643351806698435,-10.330515605597784,-10.33051560559778,-9.643351806698451,-5.4982047412386725,-9.64335180669787,-10.330515605597714,-10.330515605597716
23,2013-11-01 23:00:00,-1.8389870318674508e-14,0.020891539177719784,0.02600000000023179,0.005696002499999999,0.002848001249988714,-9.17502301438161e-15,1.023015683578598e-15,0.0028480012499999996,44.24228878815001,63.30205129544999,-2.961519918187605e-13,53.7721700418,-6.4866731777635245e-15,6.132227147565901,44.24228878815619,44.24228878815619,44.24228878815618,44.242288788155946,44.242288788155534,44.242288788155484,44.24228878815543,44.24228878815541,44.24228878815535,44.2422887881554,44.24228878815535,44.24228878815529,44.24228878815527,44.24228878815619,44.24228878815653,44.242288788156635,0.002,0.004999999999977315,0.008,0.0,0.0030000000000274265,0.002,0.004999999999977315,0.008,0.0,0.0030000000000274273,0.002,0.004999999999977315,0.008,0.0,0.0030000000000274577,0.002,0.004999999999977313,0.008,0.0,0.0030000000000275063,0.002,0.004999999999977313,0.008,0.0,0.0030000000000275115,0.006,0.014999999999977342,0.024,0.00020605399249995,0.0010000000000052072,0.002,0.0049999999999773125,0.008,0.0,0.0030000000000275184,0.002,0.0049999999999773125,0.008,0.0,0.0030000000000275206,0.006,0.014999999999977342,0.024,0.00038148768499995,0.001000000000005218,0.002,0.004999999999977316,0.008,0.0,0.003000000000027426,6.481400648642746e-17,6.58868819972405e-17,6.749913219545218e-17,7.036272314499202e-17,7.05161257199045e-17,7.06136877472274e-17,7.09807981492632e-17,7.101217225532185e-17,7.103195621750159e-17,6.341338711876172e-17,0.9999999999999987,3.2874023910379992e-16,3.3031114894007586e-16,3.3031065058086606e-16,3.303098038200661e-16,-3.4691154585937385e-16,3.3030960479136977e-16,3.3017057552820755e-16,3.3030942126004155e-16,-3.4691154682357896e-16,-3.4691154392856924e-16,3.3030937030841745e-16,3.3017033549912826e-16,3.303110863815761e-16,-3.4691154928605363e-16,-3.469115502445621e-16,-0.0003797335,-0.0003797335,-0.0003797335,-0.0003797335,-0.0003797335,-0.0003797335,-0.00017367950750005,-0.0003797335,-0.0003797335,-0.0003797335,-0.0003797335,1.754184999950008e-06,-0.0003797335,-0.0003797335,-0.0003797335,-0.02089153917773777,-0.016410473177680688,-0.01379020667765286,-0.011169940177624998,-0.0030668534925342057,-0.003446586992533483,-0.0008263204925055647,-0.002620266500027926,-0.0054828201850628784,-0.0032422871850342288,-0.003622020685033505,-0.0010017541850055763,-0.0018607995000292526,0.0007594669999985769,0.0003797334999992888,0.002848001249997954,0.00208853424999846,0.0018986674999985917,0.0017088007499987267,0.0005696002499995769,0.0003797334999997178,0.00018986674999985878,0.00018986674999985808,0.0009493337499992904,0.0005696002499995742,0.00037973349999971594,0.00018986674999985794,0.0005696002499996239,0.0003797334999997507,0.00018986674999987564,145.78483072005992,-9.936240362672784,-9.936240362672788,-9.936240362672985,-9.936240362673278,-10.756131027938363,-9.936240362673308,-6.6515526925440795,-9.936240362673347,-10.756131027938368,-10.756131027938364,-9.936240362673363,-5.862699986461989,-9.936240362672784,-10.7561310279383,-10.756131027938302
