,Timestep,Status,Obj,P Feed In,P Feed Out,P Local Gen,P Local Dem,Q Feed In,Q Feed Out,Q Local Gen,Q Local Dem,FT,GT,Alpha,Surplus,Spot,Shadow Price 0,Shadow Price 1,Shadow Price 2,Shadow Price 3,Shadow Price 4,Shadow Price 5,Shadow Price 6,Shadow Price 7,Shadow Price 8,Shadow Price 9,Shadow Price 10,Shadow Price 11,Shadow Price 12,Shadow Price 13,Shadow Price 14,Shadow Price 15,B_min1,Bat_SOC[1],B_max1,u_bat1,u_load1,GenP[1],B_min2,Bat_SOC[2],B_max2,u_bat2,u_load2,GenP[2],B_min3,Bat_SOC[3],B_max3,u_bat3,u_load3,GenP[3],B_min4,Bat_SOC[4],B_max4,u_bat4,u_load4,GenP[4],B_min6,Bat_SOC[6],B_max6,u_bat6,u_load6,GenP[6],GenP[7],B_min8,Bat_SOC[8],B_max8,u_bat8,u_load8,GenP[8],B_min11,Bat_SOC[11],B_max11,u_bat11,u_load11,GenP[11],GenP[12],B_min13,Bat_SOC[13],B_max13,u_bat13,u_load13,GenP[13],GenQ[1],GenQ[2],GenQ[3],GenQ[4],GenQ[6],GenQ[7],GenQ[8],GenQ[11],GenQ[12],GenQ[13],Alpha[0],Alpha[1],Alpha[2],Alpha[3],Alpha[4],Alpha[5],Alpha[6],Alpha[7],Alpha[8],Alpha[9],Alpha[10],Alpha[11],Alpha[12],Alpha[13],Alpha[14],Alpha[15],FloP[1],FloP[2],FloP[3],FloP[4],FloP[5],FloP[6],FloP[7],FloP[8],FloP[9],FloP[10],FloP[11],FloP[12],FloP[13],FloP[14],FloP[15],FloQ[1],FloQ[2],FloQ[3],FloQ[4],FloQ[5],FloQ[6],FloQ[7],FloQ[8],FloQ[9],FloQ[10],FloQ[11],FloQ[12],FloQ[13],FloQ[14],FloQ[15],Balance N0,Balance N1,Balance N2,Balance N3,Balance N4,Balance N5,Balance N6,Balance N7,Balance N8,Balance N9,Balance N10,Balance N11,Balance N12,Balance N13,Balance N14,Balance N15
0,2013-11-01 00:00:00,optimal,-6.240438791981981,-1.8756751363419467e-12,0.11600131408521255,0.1201663940445208,0.004165080000000001,1.0768541921920225,1.0747716521925066,1.4073570329372872e-13,0.0020825400000000003,64.14682420276118,84.06027979723883,0.0191615105310927,7.554918669827604e-10,74.10355200000001,64.14682420300483,64.14682420298665,64.14682420296852,64.14682420155603,64.14682419945241,64.14682419933284,64.14682419924742,64.14682419916804,64.14682419890141,64.14682419902293,64.1468241989237,64.14682419879104,64.14682419876723,64.14682420298591,64.1468242030371,64.14682420305324,0.0,0.012867967872612678,0.05225,-3.1518589571195396e-12,6.2903298278545524e-12,0.012982032124222252,0.004319999999999999,0.02184287015032826,0.06336,-3.259016645469519e-12,6.511411108976735e-12,0.011997129846406114,0.01098,0.014938307902104783,0.04941,-3.2553454884521367e-12,6.496893458316918e-12,0.014951692094613606,0.004410000000000001,0.010719010611422516,0.05481,-3.6311969750720326e-12,7.206668569581272e-12,0.018890989384890606,0.0,0.009517959360396113,0.045,-3.642603395194005e-12,7.264967203429225e-12,0.012982040635941402,0.0016323845048276653,0.0006900000000000001,0.019843125592841203,0.06693,-3.512130608587855e-12,7.016979358417135e-12,0.013966874403639277,0.00077,0.015544179651688611,0.0693,-3.515661836687533e-12,7.020574327293052e-12,0.019875820344784925,0.0028874370043370013,0.007809999999999999,0.024790006303807302,0.06176999999999999,-3.272475729481445e-12,6.5371610700760105e-12,0.009999993692911976,2.2193022663938095e-15,4.745602286901851e-15,7.704587057929146e-15,1.2812522114569047e-14,1.2818275985529559e-14,1.294303096591884e-14,1.379705915451973e-14,1.3788989618069731e-14,1.3795728566000747e-14,2.0629615478527924e-15,0.0009926308710255121,0.05078808392013119,0.008112795749245096,0.13654734511722513,0.30812989116882006,5.826224163538143e-09,0.05076402472713663,3.5832094566000083e-06,0.09363296368501596,5.853324136061966e-09,5.71958197315353e-09,0.35100676646732093,4.051140067809977e-06,1.7834904558940266e-05,5.610214450707331e-09,6.030650178654057e-09,-0.11600131408760994,-0.09412997625759953,-0.08241051840520354,-0.06773649830460911,-0.013781409147096085,-0.0140590811465138,-0.0013547125038144063,-0.01368920241015063,-0.03534177176592383,-0.021930241355177973,-0.022207913354627573,-0.0026097650033271116,-0.009166977700019447,0.0005553439989081066,0.0002776719993812945,0.0020825399995160992,0.0015271959995461213,0.0013883599995634325,0.0012495239995908302,0.00041650799986729756,0.00027767199991119893,0.00013883599995534294,0.00013883599995328475,0.0006941799997669849,0.00041650799985982047,0.0002776719999061481,0.00013883599995303045,0.0004165079999781717,0.0002776719999857534,0.000138835999992939,-7.441096881755108,0.8146400982731374,0.7506440220314045,0.9426308071333446,1.1986119987047659,-0.01908921079140798,0.8146401833249294,0.08562313951709212,0.8786355755000185,-0.01908921079021754,-0.019089210795723847,1.2626073628444183,0.16613078053491664,0.6223789686079284,-0.019089210800698288,-0.01908921078330793
1,2013-11-01 01:00:00,optimal,-3.8577345559525975,-9.12315679654533e-13,0.11634046073665691,0.11978395821407675,0.0034434975000000017,0.9649024861762218,0.9631807374263924,6.948672245426425e-14,0.0017217487500000008,43.44653426996118,63.359989864438816,0.00979013126013836,-5.5263451800846575e-11,53.4032620672,43.44653427002946,43.446534270024245,43.44653427001902,43.4465342696139,43.44653426901056,43.44653426897642,43.44653426895207,43.4465342689294,43.44653426885281,43.44653426888766,43.44653426885939,43.44653426882152,43.44653426881484,43.44653427002406,43.44653427003796,43.44653427004222,0.0,0.01287855250891791,0.05225,-1.2422591295872388e-12,2.4813514311567943e-12,0.012971447489837752,0.004319999999999999,0.02186323468424593,0.06336,-1.3421210204616176e-12,2.6801188485679874e-12,0.011976765314410337,0.01098,0.014929201978877479,0.04941,-1.4327044708875495e-12,2.8571098455447063e-12,0.014960798019682255,0.004410000000000001,0.010670526051862618,0.05481,-1.429127018692116e-12,2.8480703768915934e-12,0.01893947394669811,0.0,0.009528558105800689,0.045,-1.4605108562156257e-12,2.9113529331719263e-12,0.012971441892730447,0.001383224309451353,0.0006900000000000001,0.019843879963353014,0.06693,-1.4345024393048558e-12,2.86559025854378e-12,0.01396612003520975,0.00077,0.015485868748330196,0.0693,-1.435235190750794e-12,2.8657757279223995e-12,0.019934131250231035,0.0026931475110854508,0.007809999999999999,0.024802591557476227,0.06176999999999999,-1.358230940136625e-12,2.7111111329100665e-12,0.009987408441162807,1.0694898013516126e-15,2.2863461315336818e-15,3.643741474407434e-15,6.136703837791039e-15,6.512813277518757e-15,6.650521603459424e-15,6.7903783604420635e-15,6.866766368388345e-15,6.897611221173684e-15,1.006228818277928e-15,0.00025782168490599085,0.09761867682592427,0.07943747413876014,0.13402833521569252,0.20693357886224104,2.7725857923926608e-09,0.09763781291561872,1.854625869860147e-06,0.11583280393213036,2.7956021235556368e-09,2.668114559216197e-09,0.2251998167664448,2.3078124605216817e-06,0.043049503466119715,2.555345621357625e-09,2.9621836770318907e-09,-0.11634046073751668,-0.0942998707995734,-0.08255267198243034,-0.0678214404598368,-0.013665966706099089,-0.01389553320526369,-0.0011536578095651146,-0.013736553538132482,-0.03544556630413505,-0.021938579265157927,-0.022168145764354094,-0.0024635810112000147,-0.009298708945571572,0.00045913299835494484,0.00022956649911502728,0.0017217487498292253,0.0012626157498396386,0.0011478324998456157,0.0010330492498550588,0.000344349749952731,0.0002295664999682405,0.000114783249983994,0.00011478324998348209,0.0005739162499174946,0.0003443497499502172,0.00022956649996661192,0.00011478324998327676,0.00034434974999240984,0.00022956649999503437,0.0001147832499975253,-5.054587290317682,0.5538935934396533,0.5105001038650198,0.6406804347607417,0.8142538666776366,-0.010626544168325914,0.5538935376282508,0.04946977629390347,0.5972869869814674,-0.010626544167728057,-0.010626544170759407,0.8576471081699952,0.10638140400156221,0.4237131992883236,-0.010626544173365192,-0.010626544163957611
2,2013-11-01 02:00:00,optimal,-1.8034299065035206,-2.5489007244795003e-13,0.11605939114804986,0.11918731864113019,0.003127927500000001,0.8159799042463589,0.8144159404963861,8.361865862953855e-15,0.0015639637500000005,25.80007220276118,45.71352779723882,0.00420533391221317,-7.751059603183785e-11,35.7568,25.800072202768902,25.800072202768312,25.800072202767712,25.800072202721847,25.80007220265355,25.800072202649677,25.800072202646906,25.800072202644344,25.800072202635686,25.800072202639658,25.80007220263647,25.800072202632197,25.80007220263149,25.8000722027683,25.800072202769886,25.800072202770348,0.0,0.01287708911191667,0.05225,-2.4334153532333554e-13,4.854384021066364e-13,0.012972910887839641,0.004319999999999999,0.021863007041714906,0.06336,-2.5305739936412495e-13,5.049846660805684e-13,0.011976992958031505,0.01098,0.01492525162726155,0.04941,-2.688235225450788e-13,5.35308944610904e-13,0.014964748372466514,0.004410000000000001,0.010661581361106199,0.05481,-2.63739791188956e-13,5.262267345976663e-13,0.018948418638629196,0.0,0.009527091136425215,0.045,-2.6905829834276545e-13,5.370252961215042e-13,0.012972908863305032,0.0011899318807549184,0.0006900000000000001,0.019841172514982748,0.06693,-2.6641957219015924e-13,5.323523088574773e-13,0.013968827484750508,0.00077,0.015475665048538766,0.0693,-2.685674272338761e-13,5.367735819751585e-13,0.019944334951192234,0.0022630451699846062,0.007809999999999999,0.024804800566239148,0.06176999999999999,-2.5639845715228155e-13,5.121612616937474e-13,0.009985199433503887,1.5973288371812364e-16,3.4479364160547094e-16,5.459690589927187e-16,7.35397859695961e-16,7.795731795159156e-16,7.926003037866769e-16,7.614791850663947e-16,7.748667656229643e-16,7.812343914854872e-16,1.36275526355414e-16,0.00010271894564142464,0.10195921278428693,0.08659493443157791,0.13268165323239706,0.19414423578741188,4.4785487190263177e-10,0.10196683281739478,1.4538688186967932e-07,0.11732850796557327,4.4274805483929066e-10,4.334826245818888e-10,0.2095146012040933,1.200638917698408e-07,0.055707035142630965,4.2572827593320036e-10,4.884047887339878e-10,-0.11605939114817461,-0.0939353948247777,-0.08216693036611106,-0.06741071049297881,-0.013537255245385118,-0.013745783744989663,-0.0009814033810167215,-0.013760298985413809,-0.03513356510830743,-0.02158179462249802,-0.021790323122106516,-0.00205451667024654,-0.009359613934941712,0.00041705699920447726,0.00020852849959212468,0.001563963749972972,0.0011469067499747761,0.001042642499975808,0.0009383782499774259,0.0003127927499925755,0.00020852849999501187,0.00010426424999748883,0.0001042642499974539,0.0005213212499872437,0.00031279274999230594,0.00020852849999484507,0.00010426424999741687,0.00031279274999868625,0.00020852849999913368,0.00010426424999956856,-2.9943402394681953,0.3294704041835756,0.30371103776620456,0.38098915322509963,0.484026604406637,-0.005660405945149018,0.32947038399655115,0.02503992310077124,0.35522975731125495,-0.005660405945169609,-0.00566040594531524,0.5097859546978806,0.052726323338156376,0.2521927270902128,-0.00566040594540549,-0.005660405944620064
3,2013-11-01 03:00:00,optimal,-1.9947861493680885,-1.6457689325335005e-13,0.11560984096019766,0.11855302095603407,0.0029431799999999997,0.8359828180923708,0.8345112280923952,8.288780301665647e-15,0.0014715899999999998,27.500934269961185,47.414389864438824,0.004382101904393319,-3.3314220306002174e-11,37.457662067200005,27.50093426996785,27.500934269967342,27.500934269966834,27.500934269927384,27.500934269868655,27.50093426986533,27.50093426986296,27.50093426986076,27.50093426985333,27.500934269856728,27.50093426985402,27.500934269850386,27.5009342698498,27.50093426996732,27.50093426996864,27.500934269969044,0.0,0.012875425623487367,0.05225,-1.8198706958198402e-13,3.6339922287029937e-13,0.012974574376330325,0.004319999999999999,0.02186154613770427,0.06336,-1.8819166134080743e-13,3.7596524987689736e-13,0.011978453862107115,0.01098,0.014923185505624737,0.04941,-1.997185141809903e-13,3.9846392645659543e-13,0.014966814494174056,0.004410000000000001,0.010658703825153083,0.05481,-1.9781957504824617e-13,3.947520686551719e-13,0.018951296174648306,0.0,0.009525425873270425,0.045,-2.0156947075755936e-13,4.02492705569342e-13,0.01297457412652744,0.0012052910780034987,0.0006900000000000001,0.019839306151046145,0.06693,-1.9977050413744325e-13,3.9926982300531315e-13,0.01397069384875384,0.00077,0.015472583617643955,0.0693,-2.0136831665674183e-13,4.024392452178573e-13,0.019947416382154318,0.001597694420394945,0.007809999999999999,0.02480378780736833,0.06176999999999999,-1.9015437465628253e-13,3.800173480504768e-13,0.009986212192441167,1.433973840948447e-16,2.9725009167041147e-16,4.708623661686469e-16,7.494290235965373e-16,7.43080223979473e-16,7.460844758485278e-16,8.006689210553412e-16,7.938235385329405e-16,7.917070552776289e-16,1.385785329151322e-16,0.00011481459963730684,0.10170520295013714,0.08618684671580998,0.13274555792533707,0.19482048857623316,4.077162632029994e-10,0.10170620218942758,1.852550532408292e-07,0.11722772649295757,4.052488187509487e-10,3.970253553097306e-10,0.2103400717102903,2.0236161942250206e-07,0.05515269918351824,3.8837996737791354e-10,4.4160827436005426e-10,-0.11560984096031,-0.09343390239027859,-0.08165166052774327,-0.06688105803311825,-0.01359122920529762,-0.01378744120509214,-0.001009079078109314,-0.01377448184920606,-0.03453474465272473,-0.020956474803313446,-0.02115268680311061,-0.0014014824205008844,-0.009397576193285417,0.00039242399958802263,0.00019621199978698815,0.0014715899999756528,0.0010791659999772893,0.0009810599999781802,0.0008829539999795746,0.00029431799999338074,0.00019621199999557488,9.810599999777686e-05,9.810599999766707e-05,0.0004905299999883682,0.0002943179999930103,0.00019621199999532513,9.81059999976615e-05,0.00029431799999879384,0.00019621199999920422,9.810599999960378e-05,-3.179378134083083,0.3515704462358592,0.3241081984311782,0.40649493276628684,0.5163439202326185,-0.005688153437409221,0.35157044374589,0.027458478082220943,0.3790326836529779,-0.005688153437429952,-0.005688153437532586,0.5438061649792466,0.0382499366836065,0.2691836964269129,-0.005688153437638302,-0.00568815343701875
4,2013-11-01 04:00:00,optimal,-3.7587805432830783,-4.4674486334635546e-13,0.11532946306990133,0.11825941305721839,0.0029299500000000006,0.9572029116745256,0.9557379366746072,2.931680305562248e-14,0.0014649750000000003,42.83770516916118,62.75116076363882,0.008178579016562904,-1.1981319061882267e-10,52.7944329664,42.83770516919109,42.83770516918885,42.8377051691866,42.837705169013134,42.837705168754894,42.83770516874023,42.83770516872978,42.837705168720106,42.837705168687556,42.837705168702534,42.837705168690704,42.83770516867479,42.83770516867228,42.83770516918878,42.83770516919458,42.837705169196354,0.0,0.012874342659680156,0.05225,-5.825913839930275e-13,1.163489320533929e-12,0.012975657339736197,0.004319999999999999,0.021859843803737615,0.06336,-6.210747747253747e-13,1.2404867797154948e-12,0.011980156195640558,0.01098,0.014923348183047722,0.04941,-6.750999871470086e-13,1.3453895915841998e-12,0.014966651816273133,0.004410000000000001,0.010661364421819534,0.05481,-6.599721499091069e-13,1.3170341080116217e-12,0.0189486355775174,0.0,0.009524346766811366,0.045,-6.757205951078241e-13,1.3480069949600894e-12,0.01297565323250972,0.0011817797937484977,0.0006900000000000001,0.01983884812316596,0.06693,-6.662968059389778e-13,1.3312006943517751e-12,0.01397115187616658,0.00077,0.015475871714142397,0.0693,-6.664938521135023e-13,1.33109511291032e-12,0.019944128285189624,0.0013264399175581618,0.007809999999999999,0.024800840978253202,0.06176999999999999,-6.290739136668446e-13,1.2560646775815403e-12,0.009989159021116575,5.013679721209098e-16,1.051198641150741e-15,1.6221212740589652e-15,2.5619109177083797e-15,2.7399396571181564e-15,2.8009162471717645e-15,2.804651902278659e-15,2.830383576590088e-15,2.8414859233801833e-15,4.758221202783506e-16,0.000250996566553537,0.09781291815391079,0.07973575620443824,0.13399863069020582,0.20639091765136394,1.4350715242437044e-09,0.09782942170498268,9.179891437945574e-07,0.11591663085333984,1.4460715855522368e-09,1.3814500237438917e-09,0.2245019787674555,9.395231594742629e-07,0.04356088477665088,1.321752952454546e-09,1.5344491268842897e-09,-0.11532946307022787,-0.09314596670552791,-0.08136114050852662,-0.06658981869078706,-0.013571443028573323,-0.013766773027973375,-0.0009864497939932985,-0.013775821877620314,-0.0342650700832571,-0.020684578205032982,-0.020879908204446674,-0.0011311099178033589,-0.00940316902368003,0.00039065999881284245,0.00019532999937879464,0.001464974999918473,0.0010743149999237706,0.000976649999926735,0.0008789849999313498,0.00029299499997752665,0.00019532999998489507,9.766499999238747e-05,9.766499999219477e-05,0.0004883249999610278,0.0002929949999764909,0.00019532999998423802,9.766499999210622e-05,0.0002929949999961203,0.00019532999999745298,9.766499999873005e-05,-4.94044748353343,0.5477346266740709,0.5049417966736088,0.6333202087704889,0.8044913211610643,-0.008912727524841858,0.5477345857134147,0.04171201433555006,0.5905273907752059,-0.00891272752460101,-0.008912727525883991,0.8472840670154208,0.04790892224516478,0.41935618767493915,-0.008912727527045469,-0.008912727522939569
5,2013-11-01 05:00:00,optimal,-4.339575865937612,-4.638637780238481e-13,0.1151605944978266,0.11866498448799002,0.0035043899999999987,0.9792938447038978,0.9775416497040046,3.946658554244285e-14,0.0017521949999999994,47.97895316916118,67.89240876363883,0.011311982442212824,1.1169091172769097e-10,57.9356809664,47.978953169204544,47.97895316920134,47.97895316919816,47.97895316894939,47.97895316857902,47.97895316855797,47.978953168542965,47.97895316852905,47.97895316848229,47.97895316850376,47.97895316848666,47.97895316846369,47.978953168459974,47.97895316920121,47.978953169209916,47.97895316921263,0.0,0.012878391624409527,0.05225,-6.910035374094906e-13,1.380116426180871e-12,0.012971608374897836,0.004319999999999999,0.021862514790409175,0.06336,-7.568139275614557e-13,1.5093894688382959e-12,0.01197748520883004,0.01098,0.014930122222194794,0.04941,-8.323572383942422e-13,1.6479121543282377e-12,0.014959877776955666,0.004410000000000001,0.010673651100641796,0.05481,-8.193344225313795e-13,1.6346697226436542e-12,0.01893634889853492,0.0,0.00952840413877223,0.045,-8.353643683697444e-13,1.666617460129952e-12,0.012971595860388398,0.0013469609813022074,0.0006900000000000001,0.019844274731718035,0.06693,-8.209489277383637e-13,1.639643966846774e-12,0.01396572526745884,0.00077,0.015489561559763766,0.0693,-8.15032466889268e-13,1.6272912598574063e-12,0.019930438439418514,0.0016155905003173519,0.007809999999999999,0.024800646821242375,0.06176999999999999,-7.638274439517965e-13,1.5227160904794401e-12,0.009989353177989116,6.269006191774108e-16,1.3382686142153248e-15,2.127561484865184e-15,3.493197761262935e-15,3.672490143628651e-15,3.7406169015143394e-15,3.849984935904411e-15,3.890770010231955e-15,3.905347903061879e-15,5.76051602500722e-16,0.0003186787109753328,0.09538195176037854,0.07563866910660497,0.13479101349926007,0.2138365170007534,1.639794567441835e-09,0.095423994390164,9.744625188794916e-07,0.11514631033432975,1.6540538273503525e-09,1.5773166348989465e-09,0.23369276379694673,1.0113838887981322e-06,0.03576810745662967,1.4878818223726192e-09,1.7385024149097069e-09,-0.11516059449839353,-0.09313413694246934,-0.08139027773223295,-0.06666402595373133,-0.013617678843242123,-0.013851304843056723,-0.0011133349811019223,-0.013732099268998516,-0.03434362421042004,-0.02084515094123144,-0.02107877694106353,-0.001381964500117606,-0.009288475179749282,0.000467251999659516,0.00023362599979344609,0.0017521949998931478,0.0012849429998995552,0.0011681299999033387,0.0010513169999093227,0.00035043899997047194,0.00023362599998017907,0.0001168129999900169,0.00011681299998966172,0.0005840649999483686,0.0003504389999688611,0.00023362599997912538,0.00011681299998954674,0.00035043899999537113,0.00023362599999699366,0.0001168129999985121,-5.525281165483249,0.611479886702396,0.563559562212679,0.7073207658587938,0.8990018489268483,-0.011963263038853235,0.6114797618685696,0.052662525789824534,0.6594001486249174,-0.011963263038488207,-0.011963263040428256,0.9469218379696712,0.06555108932017199,0.4677200535180605,-0.011963263042770988,-0.011963263036451944
6,2013-11-01 06:00:00,optimal,-6.218162907172492,-5.286218478338987e-12,0.11319383720640351,0.11870858267820909,0.005518304999999999,1.0673331926784841,1.0645740401785695,2.4314187368789352e-14,0.0027591524999999997,65.41280626996118,85.32626186443883,0.025979774567065662,-2.5087415256308532e-08,75.36953406720001,65.41280626998758,65.41280626998574,65.4128062699839,65.4128062698431,65.41280626963352,65.41280626962156,65.41280626961297,65.41280626960516,65.41280626957833,65.41280626959062,65.41280626958073,65.41280626956748,65.41280626956534,65.41280626998567,65.41280626999146,65.4128062699933,0.0,0.012864669368857353,0.05225,3.8102746062041284e-11,4.448837924863871e-07,0.012985330669243528,0.004319999999999999,0.02184000311114834,0.06336,3.536699674082896e-11,4.4488926502035943e-07,0.01199999692421771,0.01098,0.01495224168127136,0.04941,3.29996965363877e-11,4.4489399879053247e-07,0.014937758351723732,0.004410000000000001,0.01076715884311595,0.05481,3.071559363564359e-11,4.4489856152578e-07,0.018842841187592545,0.0,0.009514684359335756,0.045,3.0195754878946934e-11,4.448996054233121e-07,0.012985315670857216,0.0012848891990959095,0.0006900000000000001,0.019848517600245114,0.06693,3.167100506275695e-11,4.4489665694918524e-07,0.013961482431424822,0.00077,0.015600883487013288,0.0693,3.150751434100977e-11,4.448969833604386e-07,0.01981911654449263,0.0018918521384690722,0.007809999999999999,0.024790000509707547,0.06176999999999999,3.445324771370726e-11,4.448910925595756e-07,0.00999999952474456,3.8630395199265107e-16,8.030110668585841e-16,1.3016394271120065e-15,2.1831590798472173e-15,2.2229859524825273e-15,2.2526587907636474e-15,2.3760840693334474e-15,2.388081704536839e-15,2.3935164577140587e-15,3.7300619462277077e-16,0.0012055612580844331,0.03129632952903712,6.592768034843576e-06,0.13278953877906907,0.3352906593016763,4.8683030730274e-10,0.0313283278533554,2.638445349475016e-07,0.08217537676337096,4.898770520910198e-10,4.772965371238613e-10,0.38590602329643486,2.794212778955767e-07,1.0447534658124041e-06,4.69335998724392e-10,5.08312152304529e-10,-0.11319383719501641,-0.09167916511156335,-0.08004661028140726,-0.06547629401901045,-0.013166988860207679,-0.01353487581958622,-0.0009170022324477292,-0.013594040344757854,-0.033833906055973,-0.020607752670591555,-0.020975639629973595,-0.0015239651718214366,-0.008896783513743707,0.0007357739187667571,0.0003678869593741334,0.0027591524999146843,0.0020233784999202113,0.0018394349999232666,0.0016554914999280762,0.0005518304999766464,0.0003678869999843569,0.00018394349999212924,0.0001839434999917946,0.0009197174999590369,0.0005518304999753307,0.00036788699998347433,0.0001839434999917268,0.0005518304999959422,0.0003678869999973336,0.00018394349999867408,-7.404295224275059,0.824452586070842,0.7591862407468469,0.9548031311851073,1.2155064919552645,-0.025796505543192304,0.8244524373279247,0.05825170908209713,0.8896272391993496,-0.025796505543000513,-0.02579650554370675,1.2806823783853143,0.09795485865305631,0.6283606542980075,-0.025796505544244293,-0.025796505542021946
7,2013-11-01 07:00:00,optimal,-6.716637235985162,-2.8665230720608038e-11,0.11100172852710405,0.11909122572497952,0.008142427499998496,1.0754432867585795,1.071372073009564,6.502779918558824e-14,0.004071213749999248,71.60743413556118,91.52088973003883,0.04200672770662256,-1.6175201792562044e-07,81.5641619328,71.60743413571693,71.60743413570714,71.60743413569728,71.60743413496107,71.60743413386547,71.60743413379875,71.60743413374979,71.60743413370811,71.60743413356602,71.60743413363362,71.60743413357723,71.60743413350357,71.60743413349233,71.60743413570668,71.60743413574981,71.60743413576326,0.0,0.01285000014287065,0.05225,2.236781137173249e-10,6.6159551179237e-06,0.0130000000807832,0.004319999999999999,0.021840000128932203,0.06336,2.0983643725485212e-10,6.61598281424034e-06,0.012000000080889764,0.01098,0.014890000076988995,0.04941,1.5764858592144435e-10,6.6160873218019565e-06,0.01500000008048877,0.004410000000000001,0.01061000010760318,0.05481,1.8830582642330963e-10,6.6160258305717936e-06,0.01900000008064046,0.0,0.009500000112083027,0.045,1.93490362857217e-10,6.616015488189642e-06,0.013000000081374521,0.0015136437962713037,0.0006900000000000001,0.019810000114108318,0.06693,1.957056008160589e-10,6.6160110796127e-06,0.014000000081582855,0.00077,0.015420000114059675,0.0693,1.946964965986885e-10,6.616013088550148e-06,0.020000000080615445,0.0015775810608249867,0.007809999999999999,0.02479000012954202,0.06176999999999999,2.1066186735082182e-10,6.61598117556759e-06,0.01000000008110222,3.8500783826222597e-16,1.1539627793769934e-15,2.007696761475249e-15,9.694418834959802e-15,-9.603002022947755e-16,-3.4163338226279483e-15,1.094589221232362e-14,6.598208723076298e-15,5.018953586368116e-15,1.4311623732823802e-15,0.9999998604362618,8.313411763343245e-09,8.143381266107229e-09,8.690588280132382e-09,8.586181390756359e-09,1.995356476694474e-09,7.535743704812141e-09,3.388900906428389e-08,7.1970905972956105e-09,1.994067290714249e-09,1.96519818584889e-09,8.563204626218541e-09,3.093181345761249e-08,7.859250835288908e-09,2.001758524726096e-09,1.8976206524139245e-09,-0.11100172845758192,-0.09015980968214256,-0.07869602202025071,-0.0642322342542383,-0.01289177492834544,-0.013434603187810295,-0.0009708154927226676,-0.013463787690890858,-0.03287667162119925,-0.019955712189764167,-0.0204985404492182,-0.00103475275728457,-0.00837813114135058,0.0010856565191148828,0.0005428282595578097,0.00407121374901544,0.0029855567490817527,0.0027141424991168964,0.0024427282491718254,0.0008142427497477187,0.0005428284998359746,0.0002714142499186923,0.0002714142499011829,0.0013570712495155493,0.0008142427497149101,0.0005428284998113051,0.0002714142499063247,0.0008142427499504191,0.0005428284999671658,0.00027141424998361306,-7.906542244663972,0.889699396894061,0.8180919647420946,1.0329142746270357,1.3193440067731506,-0.041671001333702884,0.8896994012266964,0.0667171452954926,0.9613068350474191,-0.04167100133355615,-0.04167100133480558,1.3909514399936875,0.07129552863161626,0.6748770963565975,-0.041671001334721416,-0.041671001339111356
8,2013-11-01 08:00:00,optimal,-4.911781264099376,-2.5913562748304014e-13,0.10976806128334161,0.11724714798066056,0.0079171275,1.029356544300946,1.0253979805510094,2.049231471046565e-14,0.00395856375,55.42023413556118,75.33368973003883,0.030558231220254188,-7.657405959315966e-11,65.3769619328,55.420234135585744,55.420234135584245,55.42023413558277,55.42023413546673,55.420234135293875,55.420234135283934,55.420234135276736,55.42023413527035,55.42023413524802,55.42023413525837,55.420234135250205,55.42023413523925,55.42023413523769,55.420234135584195,55.42023413559044,55.42023413559243,0.0,0.01290945088463969,0.05225,-8.742618928558287e-14,5.4755100173524213e-05,0.012940549115271904,0.004319999999999999,0.02188305919289571,0.06336,-9.310993212549023e-14,5.4755100185023465e-05,0.011956940807009918,0.01098,0.014982221474741705,0.04941,-1.0260981969467757e-13,5.4755100201670176e-05,0.01490777852515189,0.004410000000000001,0.01076773798293798,0.05481,-1.013527388026851e-13,5.475510020027038e-05,0.018842262016958333,0.0,0.009559449738994072,0.045,-1.0319991811527716e-13,5.4755100204636594e-05,0.01294055026090104,0.001072353472956607,0.0006900000000000001,0.019885837190704303,0.06693,-1.0009049383376862e-13,5.475510019930525e-05,0.013924162809194743,0.00077,0.015594111605011767,0.0693,-1.0003152575344904e-13,5.475510019904055e-05,0.019825888394887282,0.0008469572111025366,0.007809999999999999,0.024800294633829087,0.06176999999999999,-9.836457510163662e-14,5.475510019502488e-05,0.009989705366070592,3.436960154132048e-16,7.247086785053281e-16,1.1364641755737253e-15,1.8149154807038256e-15,1.895690920090463e-15,1.9282772795174127e-15,1.9742851030838475e-15,1.994808677318106e-15,2.003143550885226e-15,3.200142410959794e-16,0.00047117136670902495,0.08840545480179526,0.06403046089015414,0.1371364185083034,0.23456165780859153,3.517065346657887e-10,0.08840375121812667,2.0059420390568008e-07,0.1127724400690476,3.5482525408924174e-10,3.4222205663935595e-10,0.2589097815576839,1.959071319741151e-07,0.015308465539236827,3.2412868390302035e-10,3.6613296756407283e-10,-0.10976806128354183,-0.08883953060101972,-0.07735564319376585,-0.06292091806835269,-0.012484233334599786,-0.013012041834244443,-0.0005445449730780725,-0.013451109409454895,-0.03206747611653372,-0.019144175206720866,-0.01967198370637157,-0.00031914871122434504,-0.008461034967017748,0.0010556169993068043,0.0005278084996388861,0.003958563749936578,0.002902946749940632,0.002639042499942935,0.002375138249946536,0.0007917127499825702,0.0005278084999883073,0.000263904249994113,0.0002639042499939143,0.0013195212499696,0.000791712749981671,0.0005278084999877148,0.0002639042499938477,0.0007917127499970447,0.0005278084999980687,0.00026390424999904016,-6.08335725878291,0.6916158305486793,0.6363591711077856,0.8021292771007272,1.0231564164083864,-0.03128848603971664,0.6916158419829347,0.028141600613731825,0.7468725437362171,-0.03128848603949174,-0.03128848604036237,1.0784132561703828,0.015650086865264815,0.5258456643722146,-0.03128848604165476,-0.031288486038762234
9,2013-11-01 09:00:00,optimal,-3.822254556259592,-1.508552346789527e-13,0.1101805439998756,0.11700235499527877,0.008143184999999997,0.9608012673260768,0.9567296748261436,4.844401309880614e-14,0.004071592499999999,45.30202420276118,65.21547979723883,0.02443471882187543,-9.272874829102662e-11,55.258752,45.30202420277051,45.302024202769964,45.30202420276941,45.30202420272908,45.30202420266907,45.302024202665464,45.302024202662764,45.30202420266048,45.30202420265266,45.30202420265647,45.302024202653456,45.30202420264939,45.3020242026489,45.30202420276993,45.3020242027726,45.302024202773254,0.0,0.012916974011149893,0.05225,-1.6319335914587822e-13,0.00016517175032787729,0.012933025988686482,0.004319999999999999,0.021893995358588485,0.06336,-1.702402174274917e-13,0.00016517175033397785,0.011946004641240546,0.01098,0.014982926061958737,0.04941,-1.698963941415573e-13,0.00016517175033868166,0.014907073937869752,0.004410000000000001,0.010754825445829577,0.05481,-1.7287696065355726e-13,0.0001651717503417052,0.01885517455399519,0.0,0.009566972082286112,0.045,-1.7459327424382322e-13,0.00016517175034272177,0.012933027917537839,0.0008351707833448204,0.0006900000000000001,0.01988994877262444,0.06693,-1.7102032546652232e-13,0.0001651717503402983,0.01392005122720395,0.00077,0.015577799001067087,0.0693,-1.7150792247529872e-13,0.000165171750340531,0.01984220099876051,0.0008586709090300151,0.007809999999999999,0.024818045962744145,0.06176999999999999,-1.7101176295206229e-13,0.00016517175033498605,0.009971954037083853,5.63108809267261e-16,1.1712959243787526e-15,2.002369281503377e-15,4.2471167490824476e-15,4.686274549350012e-15,4.82971121095048e-15,4.929892464876219e-15,5.029375520624994e-15,5.0703225182044566e-15,5.873991804890706e-16,0.0002809014254667514,0.0968278722016275,0.07806394752076339,0.13434812520115896,0.2093818105307685,1.4584091885757713e-10,0.09682508356500377,9.425238831623604e-08,0.11558617137901328,1.469607085303337e-10,1.4120228846229394e-10,0.22813836578402694,9.446182819441115e-08,0.04054753295425035,1.3617649370525277e-10,1.5352365402672774e-10,-0.11018054399993797,-0.08911673647276289,-0.07754843908109986,-0.06301907239280265,-0.012304733451777256,-0.012847612451493219,-0.0002922917835233896,-0.013542343977633584,-0.03223687163659928,-0.019237406658680185,-0.01978028565839914,-0.00031579190920874285,-0.008508488788072217,0.001085757999435125,0.000542878999711682,0.004071592499933358,0.0029858344999368178,0.002714394999938649,0.002442955499941694,0.0008143184999809749,0.0005428789999871311,0.00027143949999348347,0.0002714394999933163,0.001357197499966595,0.0008143184999797508,0.0005428789999863661,0.00027143949999316027,0.0008143184999974138,0.000542878999998281,0.0002714394999991176,-4.991394807216271,0.5695183339649023,0.5243457777709599,0.6598634987688908,0.8405538754389136,-0.026222498843622242,0.5695183532068938,0.01161243049159692,0.6146909289755046,-0.02622249884353397,-0.02622249884387902,0.8857264824820739,0.01267703375927336,0.4340005864828676,-0.02622249884412797,-0.02622249884317122
10,2013-11-01 10:00:00,optimal,-2.9785414458968424,-2.1805041967540112e-13,0.11123931183850179,0.11726749283244883,0.008226165000000002,0.9077777509643089,0.9036646684643685,3.404141846485338e-14,0.004113082500000001,37.30989620276118,57.22335179723882,0.019100692123184004,-8.399693787741747e-11,47.266624,37.309896202772705,37.309896202772016,37.309896202771284,37.30989620271738,37.30989620263701,37.309896202632416,37.309896202629034,37.30989620262607,37.30989620261563,37.30989620262051,37.3098962026167,37.30989620261152,37.309896202610844,37.30989620277201,37.309896202775235,37.309896202776166,0.0,0.012919739905169649,0.05225,-2.501337462642533e-13,0.00027474800049684633,0.01293026009457964,0.004319999999999999,0.021898015669760334,0.06336,-2.4997322447760065e-13,0.0002747480004978712,0.011941984329989296,0.01098,0.014983188329808661,0.04941,-2.538351677785684e-13,0.00027474800050490835,0.01490681166993524,0.004410000000000001,0.010750081095165754,0.05481,-2.5371538741859427e-13,0.00027474800050561644,0.018859918904577666,0.0,0.009569741157638865,0.045,-2.549778696600091e-13,0.00027474800050634736,0.012930258842104025,0.0007867571304562725,0.0006900000000000001,0.01989146549351545,0.06693,-2.5289673399013124e-13,0.000274748000504562,0.01391853450623114,0.00077,0.015571804502219894,0.0693,-2.5311830240687835e-13,0.0002747480005045661,0.01984819549752637,0.0011793292157993632,0.007809999999999999,0.024824557359189044,0.06176999999999999,-2.507385263320435e-13,0.00027474800049893575,0.00996544264055987,3.7248272040855327e-16,8.811501636374254e-16,1.561000483485948e-15,3.0294675125230063e-15,3.3014608860871683e-15,3.3910396842948124e-15,3.4570777387364655e-15,3.5227099905706967e-15,3.5458586842124804e-15,3.2878931938533165e-16,0.0001942141639621438,0.09980960030422835,0.08303023651188245,0.13336826183475534,0.2004797401352234,1.8366045750975803e-10,0.09981139281612238,1.4998395788588257e-07,0.11659090039488305,1.8581599460820565e-10,1.7673175224568256e-10,0.21725791843241304,1.5784546854990858e-07,0.04945742665850075,1.7292875577960062e-10,1.9946579326695254e-10,-0.11123931183862262,-0.08998775710162595,-0.07831943577104157,-0.06368628710050381,-0.012346530973695997,-0.012894941973361431,-0.000238346130652813,-0.013644871506834041,-0.03275350022162634,-0.01965703971445632,-0.02020545071412539,-0.0006309182159960914,-0.008594957641822956,0.0010968219993330677,0.0005484109996588449,0.004113082499940453,0.0030162604999434263,0.0027420549999452345,0.002467849499948256,0.0008226164999831266,0.0005484109999886178,0.00027420549999424937,0.0002742054999940905,0.0013710274999704324,0.000822616499982107,0.0005484109999879767,0.00027420549999397284,0.0008226164999978386,0.0005484109999985685,0.00027420549999927405,-4.15032346874555,0.4728493768690884,0.43565641321072457,0.5472353046472942,0.6960072009352085,-0.021734536952676155,0.4728493643779255,0.00761929277757452,0.5100423270344083,-0.02173453695258842,-0.021734536952952056,0.7332001728557578,0.022266116683991557,0.36127058403297985,-0.02173453695313208,-0.02173453695205128
11,2013-11-01 11:00:00,optimal,-1.8647854373938215,-2.2844235189200653e-14,0.11110126933833042,0.11732434783788465,0.008205142499999998,0.8295478152535779,0.8254452440035825,1.48340698779227e-15,0.004102571249999999,27.336648202761182,47.25010379723882,0.012102145136142741,-3.896768324684885e-12,37.293376,27.336648202762166,27.336648202762106,27.336648202762042,27.336648202757207,27.336648202750002,27.336648202749593,27.336648202749295,27.336648202749032,27.336648202748083,27.336648202748513,27.33664820274817,27.336648202747707,27.33664820274764,27.336648202762102,27.336648202762373,27.336648202762454,0.0,0.01292094438518496,0.05225,-2.018991700895986e-14,0.0002477580000402337,0.012929055614794774,0.004319999999999999,0.02190016859283945,0.06336,-2.026814836495648e-14,0.00024775800004044887,0.011939831407140191,0.01098,0.014982496130919048,0.04941,-2.0651924808737044e-14,0.00024775800004110633,0.014907503869059978,0.004410000000000001,0.010745597744596193,0.05481,-2.0562797439170217e-14,0.0002477580000409153,0.018864402255383057,0.0,0.009570944559889284,0.045,-2.059084398989358e-14,0.0002477580000410336,0.012929055440089997,0.0006783998557453004,0.0006900000000000001,0.01989172059184077,0.06693,-2.04748198239499e-14,0.00024775800004088873,0.013918279408138704,0.00077,0.015566373053615625,0.0693,-2.051924339914905e-14,0.00024775800004097606,0.01985362694636377,0.0013428125881536157,0.007809999999999999,0.024828619547027548,0.06176999999999999,-2.0276285418759386e-14,0.0002477580000404951,0.009961380452952103,2.5500943635267886e-17,5.3725131943584037e-17,8.530588181355545e-17,1.3333052089410626e-16,1.3465149719552368e-16,1.3584668338244366e-16,1.4255378684924088e-16,1.4242165846339308e-16,1.4245262307075e-16,2.3864377295031028e-17,0.00011358568334756014,0.10179355430752189,0.08633206007155918,0.132716773851121,0.19456051861455056,1.9408308326632818e-11,0.10179380498035223,1.21121331948743e-08,0.11725564301103006,1.9365516340313655e-11,1.8892102466700973e-11,0.21002131935676568,1.3441253945896266e-08,0.05541271447302344,1.8533710891404307e-11,2.1141600252166724e-11,-0.11110126933834714,-0.08990335527045722,-0.07826277536327048,-0.06365452299416323,-0.012214184795920163,-0.012761194295895067,-0.00013139035575779153,-0.013619027908185848,-0.032875187442812856,-0.019803169034601907,-0.02035017853457714,-0.0007958030881661336,-0.008568109953048809,0.001094018999949903,0.0005470094999740919,0.004102571249995268,0.003008552249995574,0.002735047499995747,0.0024615427499960194,0.0008205142499987063,0.0005470094999991338,0.0002735047499995644,0.00027350474999954634,0.0013675237499977354,0.0008205142499986375,0.0005470094999990879,0.0002735047499995436,0.0008205142499997762,0.0005470094999998533,0.00027350474999992717,-3.037134940152465,0.34568162264945324,0.3184524312438844,0.40014000385468734,0.5090567849905631,-0.01576021594023186,0.345681620907311,0.0027849624030849922,0.37291080992351383,-0.015760215940232837,-0.015760215940247947,0.5362859812158938,0.020947779546452282,0.26399402311487874,-0.015760215940260138,-0.015760215940181538
12,2013-11-01 12:00:00,optimal,-2.129660007858812,-4.2291035336709817e-13,0.1103668324629757,0.11709279645685351,0.00862005,0.8595680046791078,0.8552579796791531,1.5431619250831378e-14,0.004310025,29.89761013556118,49.81106573003882,0.014588977398834203,9.773085118958136e-13,39.8543379328,29.897610135585662,29.897610135584156,29.897610135582635,29.897610135464763,29.89761013528909,29.89761013527906,29.897610135271805,29.897610135265413,29.89761013524234,29.89761013525287,29.897610135244502,29.897610135233283,29.897610135231666,29.897610135584102,29.897610135590757,29.897610135592885,0.0,0.012924251401811224,0.05225,-4.0739076853257926e-13,0.00023676075081350108,0.012925748597780692,0.004319999999999999,0.021902745576455145,0.06336,-4.109745578321672e-13,0.0002367607508210555,0.011937254423132607,0.01098,0.014987263788478655,0.04941,-4.14310223298385e-13,0.0002367607508263525,0.014902736211104209,0.004410000000000001,0.010753288225840114,0.05481,-4.1223443241334556e-13,0.00023676075082261296,0.018856711773746013,0.0,0.009574251181650211,0.045,-4.1386876000321325e-13,0.00023676075082623905,0.012925748817934615,0.0007480774265405265,0.0006900000000000001,0.01989575745673308,0.06693,-4.121955022848852e-13,0.00023676075082381415,0.013914242542854194,0.00077,0.015574794147254233,0.0693,-4.131013402066899e-13,0.0002367607508256674,0.019845205852331894,0.0010768075322650586,0.007809999999999999,0.024829736721776796,0.06176999999999999,-4.0937418224936074e-13,0.00023676075081851514,0.009960263277813353,2.5553161311242693e-16,5.321770302000255e-16,8.443458997508584e-16,1.3591542912443003e-15,1.4244866092009938e-15,1.4510910259507757e-15,1.489423138499558e-15,1.5119812620993124e-15,1.5202077318965683e-15,2.408830852316874e-16,0.00013250946207781528,0.10141057711427037,0.08569622900088544,0.1328402785153897,0.1956992224209806,4.5120252116373146e-10,0.1014102764363412,2.977737059355746e-07,0.1171252387764133,4.5198525321159267e-10,4.397598673221184e-10,0.2114137017332263,3.1500476092646554e-07,0.05427135149962425,4.307491947295551e-10,4.886272014918733e-10,-0.11036683246340084,-0.08930597908563799,-0.07770663391168654,-0.06314180694975774,-0.012186576995565574,-0.01276124699529848,-0.00017340742653861214,-0.013576333293677136,-0.03243642742962461,-0.019434764135679163,-0.020009434135420116,-0.0005021375322633899,-0.008473014029170887,0.0011493399994587645,0.0005746699997082412,0.00431002499995469,0.003160684999957512,0.0028733499999591323,0.0025860149999616887,0.0008620049999875252,0.0005746699999916284,0.00028733499999578397,0.00028733499999563815,0.0014366749999781918,0.0008620049999868422,0.0005746699999911773,0.0002873349999955805,0.0008620049999979478,0.0005746699999986592,0.0002873349999993349,-3.2997025957126436,0.376853191417921,0.3470703216937573,0.43641892352772677,0.5555503910970658,-0.01815385809524326,0.3768531936137945,0.004211873484282124,0.4066360588532433,-0.01815385809520147,-0.01815385809565924,0.5853332598635737,0.014040118276447513,0.2875045543617943,-0.018153858095995196,-0.018153858093886758
13,2013-11-01 13:00:00,optimal,-5.054410560015113,-1.6032030083342762e-12,0.10990391919685233,0.1169057731713326,0.008245319999999997,1.0379936582457927,1.0338709982460952,9.541399416352051e-14,0.0041226599999999985,56.61856723636118,76.53202283083883,0.03266382453857874,1.612096567349397e-11,66.5752950336,56.618567236531305,56.61856723652103,56.618567236510756,56.61856723571219,56.61856723452248,56.618567234454375,56.61856723440513,56.61856723436174,56.61856723420601,56.618567234277435,56.61856723422098,56.61856723414524,56.61856723413457,56.618567236520626,56.61856723656476,56.61856723657884,0.0,0.01291063876166484,0.05225,-1.6821170128998281e-12,0.00015543325335705952,0.012939361236647974,0.004319999999999999,0.021882738176433512,0.06336,-1.698833007090237e-12,0.00015543325339195647,0.01195726182186136,0.01098,0.014986450493594788,0.04941,-1.7309088719353295e-12,0.00015543325344480089,0.014903549504655961,0.004410000000000001,0.010778108832817377,0.05481,-1.7271152651388656e-12,0.0001554332534421334,0.018831891165444026,0.0,0.00956063642819786,0.045,-1.733340346194308e-12,0.0001554332534574859,0.012939363570060012,0.0007658692694200256,0.0006900000000000001,0.019888540075334988,0.06693,-1.7220473393278749e-12,0.00015543325343950085,0.013921459922938341,0.00077,0.015606028424533158,0.0693,-1.7220334704590534e-12,0.00015543325343903288,0.019813971573740406,0.0008399029603718386,0.007809999999999999,0.024796857859068763,0.06176999999999999,-1.7232291360706703e-12,0.0001554332534357029,0.009993142139195313,1.5556117878727677e-15,3.3118850455305712e-15,5.231032741654828e-15,8.460197120553481e-15,8.880623393903428e-15,9.04291403821926e-15,9.233082612457848e-15,9.339285910093895e-15,9.382144917690774e-15,1.429468129267557e-15,0.0005076311399004862,0.08658271765622533,0.06102346854740902,0.13771629620918638,0.24003324976507212,2.2934345367197346e-09,0.08657938592354705,1.3126019828123458e-06,0.11214300697328845,2.313185091402448e-09,2.2340920522802647e-09,0.26561963724077214,1.3219682993976948e-06,0.009791960623699024,2.1240357991809923e-09,2.3858694012998572e-09,-0.10990391919847362,-0.08885930131317386,-0.07729629423793852,-0.06278699947985247,-0.012211602094307987,-0.01276129009291,-0.00021618126940181674,-0.013527205176369288,-0.03213776096666825,-0.01916024378888447,-0.019709931787526454,-0.0002902149603553073,-0.008499511395312725,0.0010993759973003032,0.0005496879985561664,0.004122659999697517,0.003023283999716195,0.0027484399997270664,0.00247359599974416,0.0008245319999165944,0.0005496879999440361,0.00027484399997181985,0.00027484399997087085,0.0013742199998545029,0.0008245319999122663,0.0005496879999411897,0.00027484399997054743,0.0008245319999864644,0.0005496879999911914,0.000274843999995627,-6.222585857521574,0.7109364896888196,0.6544965651135134,0.8238162334490873,1.0495753729166035,-0.03330013513453596,0.7109365129818204,0.010062328309965353,0.7673764070015353,-0.03330013513303306,-0.03330013513884406,1.1060151078163192,0.014254010124828876,0.5416175058167011,-0.03330013514713894,-0.03330013512794639
14,2013-11-01 14:00:00,optimal,-6.150495136934202,-8.456517525174512e-13,0.10867479493174959,0.11701418692007372,0.009049620000000001,1.070999009498625,1.0664741994988307,7.55785477666688e-14,0.004524810000000001,67.35527220276117,87.26872779723882,0.044095960847647366,-2.9081239499850753e-10,77.312,67.35527220286663,67.35527220286063,67.35527220285461,67.35527220238615,67.3552722016886,67.35527220164798,67.35527220161836,67.35527220159274,67.3552722015013,67.35527220154388,67.35527220151016,67.35527220146511,67.35527220145883,67.35527220286042,67.35527220288843,67.35527220289713,0.0,0.01285001620138156,0.05225,-4.619867093931696e-13,8.877850091193098e-05,0.012999983798149874,0.004319999999999999,0.021840002928031597,0.06336,-4.824971088669719e-13,8.87785009605927e-05,0.011999997071483453,0.01098,0.014973192310312515,0.04941,-5.362252213861162e-13,8.877850107417871e-05,0.014916807689139675,0.004410000000000001,0.010910444792246435,0.05481,-5.258062413597494e-13,8.877850102980279e-05,0.018699555207212847,0.0,0.009500016174829122,0.045,-5.360403279907487e-13,8.877850106001022e-05,0.012999983824629474,0.0008427215387518151,0.0006900000000000001,0.019838863677864405,0.06693,-5.205684732121978e-13,8.877850103826919e-05,0.013971136321611849,0.00077,0.015774759776349685,0.0693,-5.311160364496119e-13,8.877850105627088e-05,0.019645240223114202,0.000938762378000687,0.007809999999999999,0.024790001135470086,0.06176999999999999,-5.373826494846467e-13,8.877850107285162e-05,0.009999998863987268,9.117511613915933e-16,1.6667325859990092e-15,3.3184347591015266e-15,6.448997882963206e-15,7.226041542533407e-15,7.46159385634654e-15,7.507262216575347e-15,7.793876785074119e-15,7.891056305535441e-15,1.083616483715502e-15,0.001789842348108709,2.1079311866907152e-05,3.8115765687922526e-06,0.108228397828606,0.3908613406242892,1.0931040165076608e-09,2.104487388365739e-05,5.063051017780632e-07,0.03754998175476182,1.0992944610326997e-09,1.067306725851529e-09,0.46152200080418226,5.094590153632954e-07,1.4796557328869933e-06,1.0512424189936182e-09,1.1469345182398589e-09,-0.10867479493241126,-0.08791048726557844,-0.07642501969295036,-0.06202274150255034,-0.01212155986618841,-0.012724867865010748,-0.0002394135391315433,-0.013456606822840358,-0.031716155927930006,-0.01886285710390439,-0.019466165102742548,-0.0003354543783816264,-0.00827885336758701,0.0012066159976571182,0.0006033079987891968,0.004524809999794328,0.0033181939998067796,0.003016539999813164,0.00271488599982393,0.0009049619999425939,0.000603307999961314,0.00030165399998046614,0.0003016539999799377,0.0015082699998994588,0.0009049619999390885,0.0006033079999590501,0.00030165399997946147,0.0009049619999906661,0.0006033079999937245,0.000301653999996853,-7.319741469457558,0.8380223716790935,0.7706672320711211,0.9719020723133407,1.2391530322446622,-0.043575705183351236,0.8380223719540322,0.013186055674513517,0.9050894872686623,-0.043575705182629376,-0.04357570518564516,1.3059657536154148,0.019654912683787888,0.6359567055792417,-0.04357570518750919,-0.04357570517798939
15,2013-11-01 15:00:00,optimal,-7.0204372141866305,-6.1985050701997804e-12,0.10803218464370995,0.11835748381465874,0.010439010000000004,1.0924454313519938,1.0872259263523214,2.951570569825993e-14,0.005219505000000002,76.42976723636117,96.34322283083883,0.05421853103775566,-3.927499880873597e-08,86.3864950336,76.42976723640709,76.42976723640447,76.42976723640182,76.42976723620438,76.42976723591073,76.42976723589271,76.42976723587935,76.42976723586835,76.42976723582942,76.42976723584795,76.42976723583249,76.42976723581232,76.42976723580944,76.42976723640437,76.42976723641848,76.4297672364229,0.0,0.012850000035783071,0.05225,5.5159012861446174e-11,1.4213769673921959e-05,0.013000000019368307,0.004319999999999999,0.0218400000265451,0.06336,4.591481249737061e-11,1.4213788168280862e-05,0.012000000019363865,0.01098,0.014890000018500753,0.04941,3.8029702549901625e-11,1.4213803918948241e-05,0.015000000019424205,0.004410000000000001,0.010610000021986562,0.05481,4.141470182419724e-11,1.421379715086696e-05,0.019000000019407895,0.0,0.009500000023838098,0.045,4.3239978660536494e-11,1.4213793509359924e-05,0.013000000019390416,0.0011302402144051818,0.0006900000000000001,0.019810000024100168,0.06693,4.351618204391516e-11,1.4213792965037055e-05,0.014000000019410458,0.00077,0.015420000024212208,0.0693,4.362164241448134e-11,1.4213792751025404e-05,0.020000000019401755,0.0012272433914585809,0.007809999999999999,0.02479000002901126,0.06176999999999999,4.8378019014206406e-11,1.4213783241838174e-05,0.010000000019360768,1.52608675590814e-15,3.2275085830583787e-15,3.725716309140281e-15,4.276242041955205e-15,-8.205564415672879e-16,-2.0599652126726326e-15,3.3145029744194705e-15,1.4245735465430158e-15,6.440803366700654e-16,1.5700711791086993e-15,0.9999999872440971,7.050061908991033e-10,7.104219704585087e-10,7.293112717411972e-10,6.881780297186012e-10,1.2429239766417444e-10,7.091153267614405e-10,3.436113132672052e-09,6.770835999949231e-10,1.2704906722986998e-10,1.711568231579851e-10,6.787483488441413e-10,2.9997103123473025e-09,7.193600562624081e-10,6.40733386545813e-11,2.1626618618005928e-10,-0.10803218462757422,-0.08778749288047367,-0.07646921305060715,-0.06215093320492507,-0.012056652149794428,-0.01275258609434477,-0.00043430625909856316,-0.013318279834723064,-0.0317760012162262,-0.019153655326053416,-0.019849589270655364,-0.0005313094361546245,-0.007926411935723994,0.00139186788921293,0.0006959339446977594,0.00521950499967225,0.003827636999697787,0.003479669999712007,0.0031317029997328925,0.0010439009999191858,0.0006959339999481823,0.0003479669999745405,0.00034796699996813933,0.00173983499984453,0.001043900999909325,0.0006959339999403969,0.00034796699997055006,0.001043900999981246,0.0006959339999877011,0.0003479669999938879,-8.202656196486904,0.9378686883318094,0.861438922508876,1.0907282254275528,1.3964472938524217,-0.056804641538824856,0.9378686901554589,0.029579354326763778,1.0142984573500584,-0.05680464153882602,-0.05680464154043906,1.4728770607515695,0.036993284546485934,0.7085793876597829,-0.056804641537547794,-0.05680464154323609
16,2013-11-01 16:00:00,optimal,-9.2410567412746,-4.404161241562318e-10,0.10668948804324845,0.11894194639502795,0.0122540474999985,1.1845066927740264,1.178379669024044,5.606641951877195e-15,0.00612702374999925,98.34772020276117,118.26117579723882,0.06348251656989262,-4.923330522071945e-06,108.304448,98.34772020281056,98.34772020280496,98.34772020279993,98.34772020255737,98.34772020219991,98.34772020217954,98.34772020216475,98.34772020215154,98.3477202021059,98.34772020212702,98.34772020211012,98.3477202020874,98.347720202084,98.34772020280462,98.3477202028058,98.34772020280647,0.0,0.012849997752760502,0.05225,-2.9196317273548055e-10,2.020314261045544e-07,0.013000001955276081,0.004319999999999999,0.021840020978866358,0.06336,2.2934217515666146e-08,1.555790648171265e-07,0.012000001955351,0.01098,0.014889997248951166,0.04941,-7.960458644514268e-10,2.0303959067835588e-07,0.015000001955001918,0.004410000000000001,0.01060999755338879,0.05481,-4.91754257419079e-10,2.0243100787430878e-07,0.019000001954856315,0.0,0.009499997245281956,0.045,-7.995889506745857e-10,2.0304667754692205e-07,0.013000001955128739,0.001346493064934159,0.0006900000000000001,0.019809997861764798,0.06693,-1.830707793873433e-10,2.0181364141598143e-07,0.014000001955164279,0.00077,0.015419997425996732,0.0693,-6.191437596982653e-10,2.0268578729106735e-07,0.02000000195485928,0.0015954327965776512,0.007809999999999999,0.024790014317819707,0.06176999999999999,1.6273248378836425e-08,1.6890100309600038e-07,0.010000001955428524,1.0129400692480694e-16,2.0871441634901123e-16,3.2331253796018567e-16,4.967695233760822e-16,5.087304735920611e-16,5.150754770153799e-16,5.339450190522644e-16,5.3752500641652e-16,5.390082621349838e-16,9.643104123986642e-17,0.9999999969631979,2.2513525554312577e-10,2.2511530367874494e-10,2.251753685296583e-10,2.2525499686352529e-10,1.5510715455007368e-10,2.2513548974634853e-10,2.2490357712353618e-10,2.251552697988843e-10,1.5522340805038686e-10,1.5427961776946126e-10,2.252748502030541e-10,2.2490854158220948e-10,2.2507552581180716e-10,1.5621982294265385e-10,1.531717638956613e-10,-0.10668948630712416,-0.08695684244773633,-0.07577361923678,-0.06159034856564671,-0.011895900427928987,-0.01271283159636325,-0.0005295609180160022,-0.0131832694453467,-0.0315111780753126,-0.01914483979840249,-0.019961770966847182,-0.0007785006496595914,-0.007549374196145113,0.001633862336827027,0.0008169311684139559,0.006127023749982431,0.004493150749983778,0.004084682499984454,0.0036762142499854743,0.0012254047499952662,0.0008169364999968285,0.0004084682499984048,0.0004084682499983482,0.0020423412499917483,0.001225404749995029,0.0008169364999966705,0.00040846824999833295,0.0012254047499990059,0.0008169364999993452,0.0004084682499996742,-10.429185445595314,1.1939644141811614,1.095612125501887,1.3906599537105093,1.7840507746547052,-0.08457591385526911,1.1939645140143353,0.04784851312266726,1.2923121129543502,-0.08457591385549816,-0.08457591385635682,1.8823985199147837,0.07233116819770449,0.8989179952861462,-0.08457591385302744,-0.08457591385330733
17,2013-11-01 17:00:00,optimal,-10.542377732602402,-5.1532909463179405e-14,0.1060790658425937,0.11887282834019461,0.012793762499999996,1.2085002732832082,1.2021033920333741,3.289868029116713e-14,0.006396881249999998,111.20084310196117,131.11429869643882,0.06930370297060609,-6.491002180197825e-12,121.1575708992,111.20084310197953,111.20084310197855,111.20084310197753,111.20084310190009,111.20084310178522,111.20084310177833,111.20084310177324,111.2008431017689,111.20084310175385,111.20084310176101,111.20084310175523,111.20084310174755,111.2008431017465,111.20084310197853,111.20084310198403,111.2008431019857,0.0,0.012849999999729515,0.05225,-1.4921547974652493e-13,2.934453178832296e-13,0.013000000000117662,0.004319999999999999,0.02183999999976442,0.06336,-1.4641696006649634e-13,2.9364612534066296e-13,0.012000000000087234,0.01098,0.014889999999695421,0.04941,-1.5607644178429385e-13,3.0024170250856063e-13,0.015000000000135407,0.004410000000000001,0.010609999999661971,0.05481,-1.6080584315737813e-13,3.067185267207109e-13,0.019000000000161155,0.0,0.009499999999682153,0.045,-1.5708482553303842e-13,3.0380736712238643e-13,0.013000000000153134,0.0013438195742255543,0.0006900000000000001,0.019809999999709137,0.06693,-1.5124193658628448e-13,3.0017712189681234e-13,0.014000000000137357,0.00077,0.015419999999683652,0.0693,-1.5209474496181485e-13,3.005043278797674e-13,0.020000000000161087,0.0015290087642619156,0.007809999999999999,0.024789999999747393,0.06176999999999999,-1.4809209112944262e-13,2.937120169104976e-13,0.01000000000010219,-1.1622925438655542e-17,1.2006835796450127e-16,9.17493197326051e-16,2.50272155277109e-15,3.421201235497643e-15,3.647800038028566e-15,3.606849277888461e-15,4.161026550463654e-15,4.341558196557992e-15,-2.07383799266493e-17,0.9999999997803688,1.3875754167931983e-11,1.4002048172065862e-11,1.3674578118181856e-11,1.2958380662796047e-11,1.183448295969312e-11,1.3329093168442451e-11,2.766221171102041e-11,1.2945668605938381e-11,1.1756309440756362e-11,1.1980028400958572e-11,1.2780893403247767e-11,2.4845740538854105e-11,1.4063086957695962e-11,1.1673402969273828e-11,1.2254933400229786e-11,-0.1060790658426462,-0.08649073584160212,-0.07534365334122219,-0.06119657084078544,-0.011785067074840058,-0.012637984574695983,-0.0004909020742346229,-0.01314708250044246,-0.03126442126547341,-0.018970256264885854,-0.019823173764738813,-0.0006760912642721375,-0.007441247500633938,0.001705834999760999,0.000852917499884012,0.00639688124983416,0.004691046249842977,0.004264587499848001,0.003838128749856563,0.0012793762499535598,0.0008529174999685626,0.00042645874998409176,0.00042645874998367434,0.0021322937499173283,0.0012793762499494392,0.0008529174999658445,0.00042645874998281365,0.0012793762499935198,0.000852917499995688,0.00042645874999784595,-11.726777854217165,1.3461455684112715,1.2349447253059394,1.5685472546179455,2.0133506270293973,-0.09946539194525046,1.3461455684163304,0.04996847767160219,1.4573464115161252,-0.09946539194524277,-0.09946539194504438,2.124551470130666,0.07056167173682308,1.0125430391036547,-0.09946539194640559,-0.09946539194713751
18,2013-11-01 18:00:00,optimal,-8.068243426931161,-7.747813435641971e-13,0.10495432590055871,0.1176163433763618,0.012662017499999996,1.158390333198994,1.1520593244487751,-1.0392024977183173e-12,0.006331008749999998,88.69338613556117,108.60684173003882,0.06668224010624664,-2.920080843793471e-11,98.6501139328,88.69338613571254,88.69338613570473,88.69338613569668,88.69338613512569,88.69338613427618,88.69338613421851,88.69338613417487,88.69338613414291,88.69338613402498,88.69338613408343,88.69338613403214,88.69338613396795,88.69338613395949,88.69338613570426,88.69338613575694,88.69338613577294,0.0,0.01284999999765994,0.05225,-1.5704551554842503e-12,3.1127533150096227e-12,0.013000000000743321,0.004319999999999999,0.021839999997693392,0.06336,-1.5590087402112379e-12,3.1139884182952747e-12,0.012000000000728732,0.01098,0.014889999998248698,0.04941,-1.1136425904096536e-12,2.655816865986441e-12,0.015000000000534572,0.004410000000000001,0.010609999997353556,0.05481,-1.6309554826461572e-12,3.1824435944365552e-12,0.019000000000911354,0.0,0.009499999997494664,0.045,-1.601093508034455e-12,3.163779083637164e-12,0.013000000000865597,0.0007651861042538473,0.0006900000000000001,0.01980999999756013,0.06693,-1.5768870846544008e-12,3.147376653166644e-12,0.014000000000844589,0.00077,0.015419999997532213,0.0693,-1.5867654423044923e-12,3.155543519435621e-12,0.020000000000855,0.0008511572586319521,0.007809999999999999,0.02478999999769391,0.06176999999999999,-1.5613035003495612e-12,3.1107417379852443e-12,0.010000000000726116,-1.7708663943490307e-14,-3.5495906691799086e-14,-5.902836372059695e-14,-8.361941474949753e-14,-1.0604035127391687e-13,-1.1121612839118663e-13,-9.376484931558884e-14,-1.0505042412735781e-13,-1.0888729859956974e-13,-1.4305549902496017e-14,0.9999999893749304,6.794444646488499e-10,6.85690349790579e-10,6.817285295979382e-10,6.364872507937762e-10,9.488831318761995e-11,6.574975538650647e-10,2.46507989533784e-09,6.342735965303268e-10,9.433925724913183e-11,1.2515914179330894e-10,6.240817331979622e-10,2.3151287000979072e-09,6.916444422997094e-10,6.647656828048758e-11,1.7314604472760175e-10,-0.10495432590134182,-0.08533086389085469,-0.07417499838701995,-0.06001913288382463,-0.011232782609895058,-0.012076917108363974,7.894839569182906e-05,-0.013155865504021735,-0.0306304847698117,-0.018318753764248123,-0.019162888262736027,-7.022758694427335e-06,-0.00746759650663921,0.0016882689971894965,0.0008441344986561335,0.006331008750218812,0.004642739750211129,0.0042206725002055185,0.00379860525019356,0.0012662017500860165,0.0008441345000660375,0.0004220672500351371,0.0004220672500147658,0.0021103362500973642,0.0012662017500741324,0.0008441345000548315,0.00042206725002923216,0.001266201750004023,0.000844134500002387,0.00042206725000108823,-9.242072314382645,1.073699390318852,0.9850060041823713,1.2510861625313874,1.6058597071513474,-0.0793146296951092,1.0736993903327592,-0.0114476830580813,1.162392776463605,-0.07931462969472737,-0.07931462969551777,1.6945530932788484,-0.003822610276290178,0.8076192319108234,-0.07931462969655526,-0.07931462970026984
19,2013-11-01 19:00:00,optimal,-6.295457054557025,-1.5779790029006085e-12,0.10536982354002435,0.11695796850034908,0.011588145000000001,1.088569221177962,1.0827751486790353,6.915267507323714e-14,0.0057940725000000005,71.40449013556119,91.31794573003884,0.05976217676609025,6.405095204220501e-11,81.36121793280002,71.40449013579838,71.40449013578632,71.40449013577397,71.40449013484744,71.4044901334671,71.4044901333845,71.4044901333235,71.40449013327394,71.40449013308442,71.4044901331721,71.40449013310013,71.40449013300571,71.40449013299347,71.40449013578589,71.40449013585862,71.40449013588176,0.0,0.012850000003286155,0.05225,-2.6279246512944397e-12,5.224370121440387e-12,0.01299999999405541,0.004319999999999999,0.021840000003092094,0.06336,-2.631299898830481e-12,5.245417119674464e-12,0.011999999994258506,0.01098,0.0148900000037743,0.04941,-2.5486906631975226e-12,5.1573427748009895e-12,0.014999999993523909,0.004410000000000001,0.010610000003719611,0.05481,-2.7110795657848416e-12,5.3476606818338365e-12,0.01899999999349151,0.0,0.00950000000248568,0.045,-2.6804070663066062e-12,5.320840230342355e-12,0.012999999994792871,0.0003031615819484036,0.0006900000000000001,0.019810000002281072,0.06693,-2.6614321372697796e-12,5.308394280609021e-12,0.013999999995039597,0.00077,0.015420000003903018,0.0693,-2.670916008791383e-12,5.316996346126814e-12,0.01999999999339934,0.0006548069576936911,0.007809999999999999,0.0247900000027345,0.06176999999999999,-2.619591353270348e-12,5.229217882705896e-12,0.009999999994623827,2.145918664125939e-15,4.423522876821595e-15,5.727865329660212e-15,9.704726088588535e-15,-1.2454389282277092e-15,-3.931401670980602e-15,9.476902847447126e-15,5.105429507777612e-15,3.5137542380095674e-15,2.7034347252736375e-15,0.9999997140055281,8.578772166450446e-09,8.352906203522645e-09,9.045209369782066e-09,9.236977802323299e-09,1.411198207837879e-09,7.89037561456444e-09,1.397602935459661e-07,7.613118473402097e-09,1.410650722089373e-09,1.3871592870374954e-09,9.283882084709424e-09,7.127982078625394e-08,7.99108628838245e-09,1.4206309673956382e-09,1.33238525997183e-09,-0.1053698235416684,-0.08545999553994549,-0.07423253854050721,-0.06000508154187611,-0.010985532583444185,-0.01175807558199013,0.0004693814180990178,-0.01322745700032741,-0.030792091959619912,-0.018337177957828153,-0.019109720956352865,0.00011773604234428826,-0.007682371002508973,0.0015450859972782332,0.0007725429986218944,0.005794072498926769,0.004248986499000613,0.0038627149990418668,0.003476443499105305,0.0011588144997245447,0.0007725429998206345,0.00038627149991108924,0.000386271499894148,0.0019313574994800633,0.0011588144996936465,0.0007725429997971977,0.00038627149989926656,0.0011588144999457792,0.0007725429999645068,0.00038627149998237315,-7.464116366012721,0.8691111880859187,0.7977066979526268,1.011920168342653,1.2975381289085834,-0.0591471839488899,0.8691111881043251,-0.037500077600552253,0.9405156782402825,-0.05914718394869597,-0.05914718394950174,1.368942619038414,-0.012391022929390871,0.6548977176843358,-0.059147183950289756,-0.05914718395304797
20,2013-11-01 20:00:00,optimal,-5.06934338223619,-6.023664803400392e-13,0.10498489959459004,0.11576154458181664,0.010776644999998503,1.0601367133042734,1.0547483908044093,4.370892821341294e-14,0.005388322499999251,59.30515826996119,79.21861386443884,0.04514952108241209,2.020975331529229e-10,69.26188606720001,59.30515827004004,59.30515827003602,59.30515827003196,59.305158269717815,59.30515826924947,59.3051582692228,59.30515826920339,59.30515826918694,59.305158269123,59.30515826915181,59.30515826912897,59.30515826909838,59.30515826909443,59.30515827003587,59.30515827005803,59.30515827006518,0.0,0.012923979011293014,0.05225,-9.769628922701757e-13,1.950330541902392e-12,0.012926020987726857,0.004319999999999999,0.0218874650422828,0.06336,-9.874620424402557e-13,1.9734536208306966e-12,0.011952534956728138,0.01098,0.015016873745516853,0.04941,-1.0793363416171885e-12,2.149929550777466e-12,0.014873126253394773,0.004410000000000001,0.010842786492093113,0.05481,-1.0950723028793816e-12,2.1840181227873516e-12,0.01876721350680585,0.0,0.009573977664959736,0.045,-1.0951510702000535e-12,2.18673554452081e-12,0.012926022333941654,0.00010595428782266723,0.0006900000000000001,0.01991042422928394,0.06693,-1.0771161789121145e-12,2.1522446048334202e-12,0.01389957576963693,0.00077,0.0156792707006183,0.0693,-1.0753267471715613e-12,2.148158966124015e-12,0.019740729298304015,0.0005703962577589477,0.007809999999999999,0.024790029071780764,0.06176999999999999,-1.0210402791235216e-12,2.0371580236339373e-12,0.009999970927192757,7.255816485800837e-16,1.5474600336512645e-15,2.4488638533996e-15,3.897936747072577e-15,4.036793076826838e-15,4.0978238546712155e-15,4.22678193138527e-15,4.263667555638696e-15,4.279025778280096e-15,6.56142681738629e-16,0.000611942410987065,0.08081897416254372,0.05185357321655427,0.13860425663911596,0.25430949754566756,7.036843996559441e-10,0.08081750348401351,4.159923372045351e-07,0.10970926762513064,7.102081206484169e-10,6.872060507767488e-10,0.283242386394078,4.174359056133241e-07,3.1761599894021356e-05,6.587632728079294e-10,7.339103044409506e-10,-0.10498489959534314,-0.08493267967634549,-0.07369858771779449,-0.0595439044623989,-0.010876647623723335,-0.011595090623511082,0.0006124887124706222,-0.013181132771642847,-0.030618486329832658,-0.018155796557970713,-0.01887423955777244,0.00014804674253353174,-0.007844641929471045,0.001436885999608283,0.000718442999769656,0.005388322499864075,0.003951436499872375,0.0035922149998772915,0.0032329934998850253,0.0010776644999625719,0.000718442999974908,0.000359221499987372,0.00035922149998690074,0.001796107499934593,0.0010776644999605852,0.000718442999973589,0.0003592214999867756,0.0010776644999940306,0.0007184429999961369,0.00035922149999808987,-6.226118457550362,0.7246113146773187,0.6655707975559664,0.842693678467449,1.0788571755640162,-0.04561734383337914,0.7246113281283889,-0.039333689304589796,0.7836525180287905,-0.04561734383271601,-0.04561734383500484,1.1378979897301083,-0.011789884705093082,0.5474339487796462,-0.04561734383796232,-0.04561734383047932
21,2013-11-01 21:00:00,optimal,-4.921304056935611,-9.24281530407435e-14,0.10608753251809919,0.11557444751653612,0.009486915000000002,1.0590549971610757,1.0543115396611054,9.916498276382162e-15,0.004743457500000001,57.27572020276117,77.18917579723882,0.038111667495956625,5.454988544206785e-11,67.23244799999999,57.27572020277341,57.27572020277275,57.2757202027721,57.275720202720926,57.275720202644656,57.27572020264032,57.27572020263719,57.275720202634496,57.275720202624186,57.27572020262884,57.275720202625195,57.2757202026203,57.27572020261967,57.275720202772725,57.27572020277599,57.27572020277704,0.0,0.012918945195328393,0.05225,-1.5113784021612715e-13,3.017492376872381e-13,0.012931054804519952,0.004319999999999999,0.021887765685606273,0.06336,-1.541910641569145e-13,3.0793016444376763e-13,0.011952234314239075,0.01098,0.015001253910924713,0.04941,-1.6846871296971684e-13,3.350454743986111e-13,0.01488874608890492,0.004410000000000001,0.010805907615519703,0.05481,-1.7019009764697717e-13,3.391946580197042e-13,0.018804092384308926,0.0,0.009568943810211492,0.045,-1.7027887785088055e-13,3.397735211172049e-13,0.012931056189617448,2.3164473651518117e-05,0.0006900000000000001,0.01990010091643396,0.06693,-1.6769810697416106e-13,3.350101770050411e-13,0.013909899083397952,0.00077,0.015637070532225187,0.0693,-1.66954874620509e-13,3.33468094456362e-13,0.019782929467607423,0.0003566729501071433,0.007809999999999999,0.024795402240052264,0.06176999999999999,-1.5831139270496492e-13,3.1573041190635275e-13,0.009994597759788513,1.7265974412757112e-16,3.627780183726535e-16,5.680592064868862e-16,8.835046559942891e-16,9.052759449375425e-16,9.167568265451848e-16,9.515990871625254e-16,9.578573196302112e-16,9.605056883512173e-16,1.5951135484684757e-16,0.0005303351911698244,0.08555933009232757,0.05927606774258784,0.1380634289945808,0.243116641141421,1.3618305973153527e-10,0.08555761122184113,7.578382424414476e-08,0.11181307138274248,1.374899208514508e-10,1.3258403794490787e-10,0.26937931196396186,7.546570094285108e-08,0.00670405034538601,1.2606495481548552e-10,1.4213403697348385e-10,-0.10608753251823357,-0.08569172395340384,-0.07437195063889876,-0.060115665549700444,-0.011056837663482954,-0.011689298663485415,0.0006092965264306857,-0.013277438083691919,-0.03088719650161054,-0.018242219417919876,-0.018874680417924977,0.00027578804997489175,-0.008097214760049962,0.001264922000012339,0.0006324609999997626,0.004743457499970144,0.0034785354999720464,0.00316230499997314,0.0028460744999748524,0.0009486914999918186,0.0006324609999945181,0.0003162304999972421,0.0003162304999971354,0.0015811524999856947,0.0009486914999913817,0.0006324609999942266,0.0003162304999971094,0.0009486914999986183,0.0006324609999990993,0.00031623049999955383,-6.076219617556101,0.705130848559122,0.6480665010740247,0.8192600455684081,1.0475180775718935,-0.03876543709846784,0.7051308623847362,-0.03743867230847327,0.762195433458714,-0.038765437098356254,-0.03876543709876676,1.1045825906566136,-0.018336734137871846,0.533937850276406,-0.03876543709933878,-0.03876543709799232
22,2013-11-01 22:00:00,optimal,-0.6578429974215478,-3.172887191597928e-13,0.10780993417319315,0.11565821916685623,0.007848285,0.7447001946540464,0.740776052154073,7.38627559210774e-15,0.0039241425,16.82221523636118,36.73567083083882,0.0045670657596881045,-3.6119111174182095e-11,26.7789430336,16.82221523636996,16.822215236369438,16.822215236368898,16.82221523632801,16.822215236267116,16.82221523626369,16.82221523626123,16.822215236259076,16.822215236250916,16.822215236254575,16.8222152362517,16.822215236247843,16.82221523624733,16.822215236369434,16.822215236371694,16.82221523637241,0.0,0.012918473884030866,0.05225,-2.7165848909354685e-13,5.427592614542826e-13,0.01293152611569699,0.004319999999999999,0.021898566631425635,0.06336,-2.770773387509835e-13,5.535958567391498e-13,0.011941433368296988,0.01098,0.014978282540819145,0.04941,-2.8446866965391897e-13,5.677375874339438e-13,0.01491171745889488,0.004410000000000001,0.010737895965549613,0.05481,-2.8388717548057694e-13,5.663963364915821e-13,0.018872104034165223,0.0,0.009568474809678465,0.045,-2.870164833644984e-13,5.733712569273087e-13,0.012931525190033934,2.7008612153560426e-05,0.0006900000000000001,0.019888379380936218,0.06693,-2.858813910999741e-13,5.713915312604541e-13,0.013921620618777646,0.00077,0.015557799924899017,0.0693,-2.8557931630100194e-13,5.705742271151292e-13,0.019862200074815,0.00029781403672239875,0.007809999999999999,0.02482873034295931,0.06176999999999999,-2.8088324096944506e-13,5.612592701754115e-13,0.009961269656759534,1.270872886298221e-16,2.732812953329522e-16,4.3899305632007067e-16,6.815280171584782e-16,6.841279572516436e-16,6.894337943682523e-16,7.057626899578588e-16,6.96037295911739e-16,6.943847685030932e-16,1.1099587604366589e-16,4.2988981876911505e-05,0.1027161131918086,0.08785446941197274,0.13243062770834768,0.1918538231392966,2.05377792706934e-10,0.10271750175856748,2.480224232628786e-07,0.11757512331894207,2.0396027054455942e-10,2.073766349641844e-10,0.20671052679264648,7.133620136790286e-08,0.058098505298542866,2.0082387752254852e-10,2.218350805044073e-10,-0.1078099341734176,-0.08701001439908031,-0.07559180003013687,-0.0612033015705811,-0.011388876803335519,-0.011912095803041747,0.0004962103876591764,-0.013398401619442732,-0.031465539732420375,-0.018590357112684502,-0.019113576112389133,0.00022540496309016235,-0.008391612658004687,0.0010464379994089622,0.0005232189996983074,0.003924142499973236,0.002877704499974976,0.0026160949999759677,0.002354485499977522,0.0007848284999926533,0.0005232189999950827,0.0002616094999975277,0.0002616094999974454,0.0013080474999872698,0.0007848284999923487,0.0005232189999948807,0.0002616094999974385,0.0007848284999987337,0.0005232189999991723,0.0002616094999995893,-1.8136017209521624,0.2088998532212468,0.1921764258162578,0.24234676634795266,0.30924063137754193,-0.009106173681673366,0.2088998439917343,-0.00865182786478658,0.2256232981332725,-0.009106173681692673,-0.009106173681640236,0.32596409162065754,-0.004096281532450626,0.1587297882128055,-0.009106173681742958,-0.009106173681439187
23,2013-11-01 23:00:00,optimal,-3.593865604401075,-5.232320421654381e-13,0.1102119972123587,0.11590799970025166,0.005696002499999999,0.9574889880114764,0.9546409867616307,7.38325774617719e-14,0.0028480012499999996,43.11795826996118,63.03141386443882,0.016035202795453903,3.2287506002148803e-12,53.0746860672,43.11795827000384,43.117958270001175,43.11795826999854,43.117958269794286,43.11795826949013,43.11795826947278,43.11795826946017,43.11795826944903,43.11795826940934,43.11795826942778,43.11795826941353,43.1179582693942,43.117958269391806,43.11795827000097,43.117958270011016,43.11795827001373,0.0,0.012897273175511939,0.05225,-7.236302395696061e-13,1.4388380866592303e-12,0.012952726823762674,0.004319999999999999,0.021878489406206538,0.06336,-7.751088653876236e-13,1.5379543279796998e-12,0.011961510593017087,0.01098,0.014954851747447699,0.04941,-8.307360208835602e-13,1.6478944834379324e-12,0.014935148251714764,0.004410000000000001,0.010709999445551812,0.05481,-8.111219000607938e-13,1.616985592273396e-12,0.018900000553630808,0.0,0.00954727235509739,0.045,-8.284593466430318e-13,1.6471001106336232e-12,0.01295272764406863,0.00013736908458691894,0.0006900000000000001,0.019866061429679522,0.06693,-8.179476664526567e-13,1.6310387968094216e-12,0.013943938569500599,0.00077,0.015528784240732056,0.0693,-8.197046478250035e-13,1.6317252100650848e-12,0.019891215758445713,0.0002543248881909692,0.007809999999999999,0.024810962467745414,0.06176999999999999,-7.834329662128253e-13,1.553598282249099e-12,0.009979037531469243,9.864814836411908e-16,2.1934841355354026e-15,3.3239220310736734e-15,6.186109885678772e-15,7.547367080768397e-15,7.91478128254682e-15,7.251512137506071e-15,7.35996486217438e-15,7.41810908985241e-15,9.50954483806367e-16,0.00025419674519554805,0.09770864596945666,0.07955352598063765,0.13404169113939401,0.20668825755074807,9.652776746441877e-10,0.09770695049688768,5.044122320261744e-07,0.11587303601945721,9.727375242731613e-10,9.295377192739799e-10,0.22484549806323448,4.869376357899908e-07,0.0433272018972373,8.913288719217234e-10,1.029001422222693e-09,-0.11021199721288734,-0.08879916685394378,-0.0772173897593941,-0.06266197500603558,-0.01195089623066712,-0.012330629730296503,0.00024236441541712812,-0.013564205071129834,-0.03219081172012299,-0.019006340148614378,-0.01938607364826328,0.0001254086118124474,-0.008839837033747433,0.0007594669992700291,0.000379733499596701,0.0028480012498456747,0.0020885342498546708,0.0018986674998598045,0.0017088007498677414,0.0005696002499555833,0.00037973349996976637,0.00018986674998465393,0.00018986674998502307,0.0009493337499255148,0.0005696002499548739,0.0003797334999696368,0.00018986674998477823,0.0005696002499933901,0.00037973349999563506,0.0001898667499977692,-4.752112220582464,0.5426195659583681,0.4995892248580066,0.6286801381188581,0.8008013766430695,-0.01744234669477128,0.5426195741500196,-0.011519264181259599,0.5856498623342286,-0.017442346694322416,-0.017442346696216575,0.8438317075153311,-0.00647636900223409,0.41352813766624325,-0.017442346697570284,-0.01744234669205901
