,Timestep,P Feed In,P Feed Out,P DER,P Local Gen,P Local Dem,Q Feed In,Q Feed Out,Q Local Dem,FT,GT,Surplus,Spot,Rel Surplus,Shadow Price 0,Shadow Price 1,Shadow Price 2,Shadow Price 3,Shadow Price 4,Shadow Price 5,Shadow Price 6,Shadow Price 7,Shadow Price 8,Shadow Price 9,Shadow Price 10,Shadow Price 11,Shadow Price 12,Shadow Price 13,Shadow Price 14,Shadow Price 15,DER1,gP1,B1,DER2,gP2,B2,DER3,gP3,B3,DER4,gP4,B4,DER6,gP6,B6,DER7,gP7,B7,DER8,gP8,B8,DER11,gP11,B11,DER12,gP12,B12,DER13,gP13,B13,Balance N0,Balance N1,Balance N2,Balance N3,Balance N4,Balance N5,Balance N6,Balance N7,Balance N8,Balance N9,Balance N10,Balance N11,Balance N12,Balance N13,Balance N14,Balance N15,Num ITS,BEST OF,Pen Factor,BEST P0,BEST Q0,BEST U0,BEST P1,BEST Q1,BEST U1,BEST P2,BEST Q2,BEST U2,BEST P3,BEST Q3,BEST U3,BEST P4,BEST Q4,BEST U4,BEST P5,BEST Q5,BEST U5,BEST P6,BEST Q6,BEST U6,BEST P7,BEST Q7,BEST U7,BEST P8,BEST Q8,BEST U8,BEST P9,BEST Q9,BEST U9,BEST P10,BEST Q10,BEST U10,BEST P11,BEST Q11,BEST U11,BEST P12,BEST Q12,BEST U12,BEST P13,BEST Q13,BEST U13,BEST P14,BEST Q14,BEST U14,BEST P15,BEST Q15,BEST U15,Global P0,Global P1,Global P2,Global P3,Global P4,Global P5,Global P6,Global P7,Global P8,Global P9,Global P10,Global P11,Global P12,Global P13,Global P14,Global P15,Lambda P0,Lambda P1,Lambda P2,Lambda P3,Lambda P4,Lambda P5,Lambda P6,Lambda P7,Lambda P8,Lambda P9,Lambda P10,Lambda P11,Lambda P12,Lambda P13,Lambda P14,Lambda P15,Global DA0,Global DA1,Global DA2,Global DA3,Global DA4,Global DA5,Global DA6,Global DA7,Global DA8,Global DA9,Global DA10,Global DA11,Global DA12,Global DA13,Global DA14,Global DA15
0,2013-11-01 00:00:00,-5.4927712777491904e-09,0.028292198123726974,0.0067797363075,0.025633465802607978,0.004165080000000001,0.0020779476447497394,2.3048836153233456e-06,0.0020825400000000003,65.54750674635001,84.60726925364999,-0.002888957856916022,75.077388,0.00273563,65.53673169285153,0.4820891644589554,-61.13167266757114,-195.8013280062642,-364.45275261184065,-384.39575462223564,-396.3445456865885,-401.41606287396917,-420.49995857671905,-414.1730212826125,-434.33491344511293,-448.64230980826636,-452.2967711025861,-1.5668924591812412,-5.0053296126149265,-5.914930300566944,0.0,0.006000607948060507,0.003999392219732497,0.0,0.00585627296770796,0.004143726267666592,0.0,0.006001362815315587,0.003998637579881519,0.0,0.005754976913223583,0.004245022742528136,0.0,0.002878034222145421,0.007121965869758279,0.0024485786550000003,-0.0037674740312891534,0.033767474219909,0.0,0.0011213324451031105,0.008878667793318275,0.0,-0.0001704344488629689,0.010170433403316166,0.0043311576525,-0.0040419813117899845,0.03404198272879085,0.0,0.006000387347500878,0.00399961264877325,-1.8541785574139698,0.37506251772341637,0.3656032748421585,0.3751119892561763,0.3589646624978714,-0.018164136071061904,0.17041924125697167,-0.10463380776942213,0.055290748230594246,-0.018193597312186036,-0.01819576358040022,-0.02936743210896889,0.0007539568904154422,0.37504806028372867,-0.018198004391258793,-0.018212110190980804,406,-130.65595375,22500.0,0.0,0.0,1.0,-0.10555873,0.00092183,0.98891589,-0.08544449,-0.03003526,0.98716723,-0.07431215,-0.03116886,1.00002585,-0.06614212,-0.03054459,1.02286553,-0.02047372,-0.00613116,1.02184269,-0.01241311,-0.00403111,1.02103396,-0.00447043,-0.00136589,1.02058272,-0.00309855,-0.00170908,1.02422563,-0.03385063,-0.02140487,1.02466887,-0.0194266,-0.01441288,1.02367262,-0.01181146,-0.00935209,1.02350678,-0.00464847,-0.0031922,1.02319209,-0.01176337,0.02818296,0.97258944,-0.00285341,0.01992102,0.96280905,-0.00057595,0.00724981,0.96031212,0.0,-0.02832615,-0.01811979,-0.01274466,-0.00718873,-0.001082,-0.00121375,0.00152755,-0.0009284,-0.00053802,0.00034557,0.00022103,-8.258e-05,-0.00468129,0.00086596,0.00038459,0.0,0.001487750000000015,-0.0013276899999999476,-0.003978590000000032,-0.00988741,-0.016539380000000024,-0.017293410000000037,-0.01767635999999998,-0.018489790000000065,-0.01688902999999999,-0.01879855999999998,-0.019538610000000022,-0.020008940000000027,-2.364000000000272e-05,-9.727000000001311e-05,-0.00023255000000000644,33.47395024,3.0740689,-119.39301587,-311.98561117,-974.60921723,-761.23772799,-786.8142868,-397.71668223,-416.02341338,-1218.99406993,-862.58368087,-889.82388377,-450.20234001,-2.72419051,-7.42297633,-5.23286108
1,2013-11-01 01:00:00,0.006864518900791664,5.404891056843691e-09,0.006114559553749949,-0.009571981467179845,0.0034434975000000017,0.0017169189587706425,2.424051725216236e-06,0.0017217487500000008,44.57518278815001,63.63494529544999,-0.002316784185571935,54.1050640418,0.00273563,63.63757165873163,-0.37015038756138247,-61.131695597931035,-196.36702793230128,-364.4527763826908,-384.3670176279304,-396.3445594065472,-401.41606036255973,-420.4999664486659,-414.00238632147085,-434.262397988804,-448.6423157094043,-452.2967675712289,-2.261689397759585,-5.390925524762591,-6.214657410491887,0.0,-6.601168073022583e-07,0.004000051896582249,0.0,0.0001421644547758981,0.004001561048327873,0.0,-1.8076815114033188e-06,0.004000444294180157,0.0,0.0002456826577758675,0.003999339741115786,0.0,-0.0008433669206494964,0.007965332882139287,0.00207483727624995,-0.0031303864815530645,0.036897860890099714,0.0,-0.0010706765116058137,0.009949344543283344,0.0,-0.0011460013043676721,0.011316433662379175,0.0040397222774999995,-0.003766639699110666,0.0378086238448347,0.0,-6.766337886702657e-07,0.004000288891552245,-1.4173375879162644,0.36041145489859433,0.36004122092609,0.36038789820026396,0.3599902556431966,-0.03274048716039886,0.10214036381534129,-0.18641545055541053,-0.027453559594235753,-0.032798593460176245,-0.032802894553043395,-0.11690522683086076,0.003523214447223643,0.36039594635832123,-0.03280736410587642,-0.03283493215525246,406,-130.65595375,22500.0,0.0,0.0,1.0,-0.09048182,0.00090761,0.98889251,-0.07805727,-0.03006882,0.9871598,-0.07244194,-0.03120841,0.99969128,-0.06651969,-0.03059121,1.02267962,-0.02050937,-0.00616743,1.02166895,-0.01240088,-0.00406067,1.02086921,-0.00447764,-0.0013844,1.02042518,-0.00309322,-0.00172135,1.02407919,-0.03392008,-0.02142966,1.02451432,-0.0194534,-0.01443586,1.02352584,-0.01178977,-0.00937187,1.0233623,-0.00465045,-0.00320705,1.02304821,-0.00645902,0.02818416,0.97251234,-0.00313767,0.01992145,0.9627165,-0.0006293,0.00724376,0.96020885,0.0,0.00683055,0.00523912,0.00494402,0.00453528,0.00223246,0.00214848,0.00121623,0.00121533,0.00240446,0.0011926,0.00111647,-0.00011457,0.00116433,0.00076199,0.0003338,0.0,0.0014259299999999763,-0.001347380000000043,-0.004046399999999998,-0.009979030000000024,-0.01654187000000001,-0.017294439999999998,-0.01767786000000002,-0.018487869999999983,-0.01689789,-0.018795009999999973,-0.019539619999999994,-0.020009490000000015,-5.81200000000072e-05,-0.00012646000000001128,-0.0002488700000000117,32.08266593,0.46285103,-121.36103339,-315.569769,-976.9285138,-761.31828013,-786.8797244,-397.75327613,-415.97552146,-1219.06889519,-862.52630393,-889.85115701,-450.21061363,-4.15300447,-8.44428238,-5.6004125
2,2013-11-01 02:00:00,0.04464196255707764,5.106775119938913e-09,0.0051794656812498,-0.04680184749352099,0.003127927500000001,0.0015593566326146877,2.312292668048524e-06,0.0015639637500000005,26.69681874635001,45.75658125364999,-0.004959655619767744,36.2267,0.00273563,45.77360766723221,-14.747581194424296,-72.45243719562546,-203.50066604889503,-367.73579739608874,-386.0375761894517,-396.3445679439799,-401.4160580694657,-420.4999700030389,-415.4045673005303,-434.9558078727948,-448.64232198356297,-452.2967598804077,-16.990854897507635,-20.383876280151952,-21.28296912189599,0.0,-0.009979541915762414,0.013979593424500046,0.0,-0.006057384001958524,0.010058945846833887,0.0,-0.006053160342014264,0.010053604113411576,0.0,-0.005884493814347849,0.009883832552179393,0.0,-0.0033271984934574133,0.011292531466985048,0.0017848978787499,-0.002572309035539149,0.03947017011431317,0.0,-0.002256950474345009,0.012206295255860622,0.0,-0.0016470593428969656,0.012963491960455889,0.0033945678024999,-0.003051137402026126,0.04085976266365958,0.0,-0.005972999505416693,0.009973288294984495,0.6260858579111575,-0.10593328319864975,0.0732278003842351,0.0737678098116174,0.08109064271854693,-0.042262042401733174,-0.059702616401620875,-0.23200320166551952,-0.14030742687771428,-0.04234097622602002,-0.04234670245616304,-0.2018421767437122,0.009698161113074175,0.07744510865436904,-0.04235266106319248,-0.042389691220930316,406,-130.65595375,22500.0,0.0,0.0,1.0,-0.07016096,0.00090585,0.98885347,-0.07194947,-0.03004971,0.98710394,-0.0722103,-0.03118768,0.99958023,-0.0666765,-0.03057249,1.02261207,-0.0205249,-0.0061693,1.02160206,-0.01239534,-0.00406446,1.02080156,-0.00448306,-0.00138929,1.02035899,-0.00309217,-0.00172388,1.02401997,-0.03395076,-0.02141918,1.02445147,-0.01946407,-0.0144349,1.02345925,-0.01177919,-0.00937421,1.02329138,-0.0046498,-0.00321151,1.0229757,-0.00045823,0.02816612,0.97247047,-0.00305119,0.01990859,0.96265325,-0.0005839,0.00723599,0.96015221,0.0,0.0446099,0.02718039,0.02071767,0.01429154,0.00438214,0.00432166,0.00092705,0.00238021,0.00391246,0.00155965,0.00150502,-0.00020596,0.00705505,0.00071015,0.00031009,0.0,0.000709760000000041,-0.001918269999999926,-0.0044380299999999245,-0.01018653000000001,-0.01665158,-0.017331309999999957,-0.017677770000000006,-0.01851848000000001,-0.016997069999999993,-0.018840659999999974,-0.01955369,-0.020009219999999977,-0.0007047899999999951,-0.0007854200000000075,-0.0009166300000000077,15.96737179,-43.04991927,-143.01527493,-329.05175465,-986.29083883,-764.61824349,-787.70547189,-397.74975764,-416.66740184,-1223.01248899,-863.87652901,-890.16710537,-450.20571321,-33.53086714,-38.29233947,-20.6223149
3,2013-11-01 03:00:00,0.03671467970641873,5.254040465247138e-09,0.0042044783924998505,-0.038081864311296065,0.0029431799999999997,0.001466931425001042,2.3381190259550267e-06,0.0014715899999999998,28.42003278815001,47.47979529544999,-0.005029188141436802,37.9499140418,0.00273563,47.493800129152326,-14.747560123454384,-72.45243787483166,-203.5006728778415,-367.7358119474968,-386.0305172017842,-396.3445667859956,-401.41605786506864,-420.4999687208464,-415.4057156304527,-434.95814386810457,-448.64232863502855,-452.2967486451674,-16.99085962621861,-20.325737951272917,-21.201265667403952,0.0,-0.0020244048233333434,0.016003997860287507,0.0,-0.005946076445558041,0.016005023088923646,0.0,-0.005952874851223087,0.016006478442042258,0.0,-0.006123275734343091,0.016007107284347715,0.0,-0.0033891224659221924,0.014681654023779047,0.0018079366862499,-0.0025839081397994517,0.042054078442840044,0.0,-0.0023012738152662394,0.014507569309171854,0.0,-0.0016749942919630266,0.014638485208324519,0.0023965417062499503,-0.0020567244740369566,0.04291648855429011,0.0,-0.006029596560035899,0.016002884753117987,2.369805268159306,-0.21139881476947672,-0.21849281938470022,-0.21827569207717057,-0.2190458446549735,-0.05155644603062515,-0.22998377492229055,-0.27817588829727097,-0.2589225190133621,-0.05165700828428779,-0.05166421420546789,-0.29071287437461646,0.01651851930929861,-0.2182421987383416,-0.0516717203809494,-0.051718558138763956,406,-130.65595375,22500.0,0.0,0.0,1.0,-0.07251131,0.00090609,0.98885267,-0.07194903,-0.03003891,0.98709086,-0.07224277,-0.03117461,0.99956203,-0.06672047,-0.03055946,1.02259601,-0.02053197,-0.00616921,1.02158341,-0.01239006,-0.00406631,1.02078116,-0.0044838,-0.0013921,1.02033891,-0.00308487,-0.00172517,1.02400383,-0.03396137,-0.0214127,1.02443444,-0.01946965,-0.01443486,1.02343925,-0.01177233,-0.00937608,1.02326861,-0.00465301,-0.0032143,1.02295206,-0.00045668,0.02815908,0.9724718,-0.00307452,0.01990387,0.96266372,-0.00059568,0.00723251,0.96016599,0.0,0.03668261,0.02720165,0.02086197,0.01454704,0.00439586,0.00434761,0.00090333,0.00241221,0.00392683,0.00155429,0.00151196,-0.00021465,0.00707394,0.0006849,0.00029754,0.0,0.0007480899999999773,-0.0019183099999999613,-0.004437799999999995,-0.010186060000000077,-0.016651390000000044,-0.017331380000000004,-0.017677609999999965,-0.018518510000000023,-0.01699672000000001,-0.018840749999999993,-0.019553560000000022,-0.02000918000000001,-0.000704759999999984,-0.0007851799999999991,-0.0009135799999999928,16.82852136,-42.19189993,-143.00949354,-329.03542047,-986.26845279,-764.60900829,-787.70482498,-397.74563982,-416.66882357,-1223.00851612,-863.87161438,-890.16457708,-450.20585575,-33.52694126,-38.22586434,-20.55970776
4,2013-11-01 04:00:00,0.007720389197060421,5.542414524053904e-09,0.00376233025874985,-0.008701134456751742,0.0029299500000000006,0.0014599525715975996,2.520735505189331e-06,0.0014649750000000003,43.95835272545001,63.01811523274999,-0.009350470116132884,53.4882339791,0.00273563,63.02106809501593,-2.495455860700627,-64.40919097916752,-198.032349106901,-364.5661751114728,-384.4016568925466,-396.34455703843696,-401.41605855543924,-420.4999637020374,-414.03974480843465,-434.2731895654002,-448.6423362066319,-452.2967375176622,-4.744646591422306,-7.888083187437771,-8.773158705781693,0.0,1.0570071706978333e-05,0.01599343139897739,0.0,2.2285893500678326e-05,0.015982743014964294,0.0,1.945845704462894e-05,0.015987025940902712,0.0,1.4396497590849395e-05,0.015992716892363167,0.0,-0.0013185491147623559,0.016000203228727167,0.0017726700324999,-0.002851983006494558,0.04490606163813232,0.0,-0.0014920997561969037,0.015999669303163083,0.0,-0.0013726000997130081,0.01601108426490932,0.00198966022624995,-0.001741341036724746,0.04465783100735115,0.0,8.304093291456053e-06,0.015994583442625596,2.8563520921783927,-0.2230425827916615,-0.22939824380383517,-0.22935930456173653,-0.23044846723097032,-0.06383227668468172,-0.32539005370135143,-0.35850524995822197,-0.3652661445842033,-0.06396288789083383,-0.06397222870743731,-0.38952550395685503,0.019857954630666193,-0.23002877114055284,-0.06398189549898797,-0.06404149221755537,406,-130.65595375,22500.0,0.0,0.0,1.0,-0.08975227,0.00090592,0.98888654,-0.07815753,-0.0300407,0.98713435,-0.07228187,-0.03117595,0.99960358,-0.06666715,-0.03056058,1.0226203,-0.02053117,-0.00616953,1.02160723,-0.01238838,-0.00406666,1.0208048,-0.00448284,-0.00139236,1.02036248,-0.00307902,-0.00172545,1.02402687,-0.03395479,-0.02141392,1.02445798,-0.01946804,-0.0144359,1.02346256,-0.01176986,-0.00937686,1.02329169,-0.00464984,-0.00321473,1.02297502,-0.00668562,0.02816058,0.97251624,-0.00313075,0.01990511,0.962712,-0.00060687,0.00723293,0.96021303,0.0,0.00769046,0.00630096,0.00592778,0.00558622,0.00261928,0.0025773,0.00120589,0.00160084,0.00289026,0.00133677,0.00129846,-0.00012403,0.00102174,0.00067488,0.00029318,0.0,0.001364879999999955,-0.0014674599999999509,-0.004160859999999993,-0.010025630000000028,-0.016545690000000005,-0.017295619999999998,-0.01767819000000002,-0.01848883,-0.01690160999999995,-0.01879588999999996,-0.01953974000000003,-0.02000947999999999,-0.0001604700000000011,-0.00024066000000002718,-0.0003619900000000027,30.70862874,-5.91832191,-126.64124613,-319.20012333,-978.14460119,-761.43008428,-786.91005945,-397.75876041,-415.99793681,-1219.19739784,-862.55006808,-889.85256551,-450.21080403,-9.02497465,-13.5630611,-8.14418889
5,2013-11-01 05:00:00,0.0018571059986431605,5.782127323924248e-09,0.0044438281074999,-0.0021242104450942285,0.0035043899999999987,0.0017473523966991295,2.4304820497672825e-06,0.0017521949999999994,49.16716472545001,68.22692723274999,0.04587134816062316,58.6970459791,0.00273563,68.22764546697971,-0.06977765256708404,-61.219396090181945,-195.56549084744375,-363.0870035461787,-383.1643842852208,-395.5020973089323,-401.4160539235818,-418.27944296535134,-411.9226343437693,-432.34088857609515,-447.2587066254262,-452.2967260858396,-2.0875420313218553,-4.7111405165986335,-5.279013554398578,0.0,0.0005188897529436534,0.015474538686866374,0.0,-3.0499855072600034e-05,0.016013231432447716,0.0,-2.0514038869884864e-05,0.01600753296116333,0.0,0.0002817946556598548,0.015710921058212896,0.0,0.0003464507749756533,0.015653752746738116,0.00202044190624995,-0.0017456201045793404,0.046651681931596856,0.0,0.00037536957117760615,0.015624299638926952,0.0,2.2933987458373233e-05,0.015988160319190717,0.00242338620124995,-0.001996738067622692,0.04665457049104254,0.0,0.00012356599711270654,0.01587101481136836,2.9830576673474862,-0.20357970859124183,-0.24741892900239137,-0.24669868103271547,-0.2271620332699887,-0.07974684079407884,-0.3176922849544208,-0.3556945574071116,-0.355595314462674,-0.07989839408976905,-0.07990982953975115,-0.40390052389126957,0.033027400331066756,-0.23753790599764185,-0.07992214935098935,-0.08000162305371186,406,-130.65595375,22500.0,0.0,0.0,1.0,-0.09243735,0.00092828,0.98886131,-0.07991889,-0.02992737,0.98704265,-0.07439505,-0.0310494,0.99985162,-0.06712183,-0.03042846,1.02292991,-0.02049174,-0.00612681,1.02191262,-0.01238714,-0.00403442,1.02110673,-0.00446776,-0.00137466,1.02065929,-0.00306226,-0.00170963,1.02429395,-0.03386139,-0.02132168,1.02473296,-0.01942962,-0.01436843,1.02372886,-0.01176998,-0.00932903,1.02355259,-0.0046492,-0.00319174,1.0232349,-0.00639553,0.02811008,0.97251518,-0.00308449,0.01987493,0.96274017,-0.00061705,0.00722822,0.96024042,0.0,0.00181002,0.00058159,1.199e-05,-0.00051957,-0.00020912,-0.0003405,-0.00010624,-0.000207,-0.00027261,-0.00011915,-0.00020631,-0.00026722,0.00123505,0.0008916,0.0003815,0.0,0.001534580000000073,-0.0013427999999999732,-0.004032229999999923,-0.009932480000000011,-0.01648478000000002,-0.01724889999999997,-0.01765895,-0.018392319999999983,-0.01682218000000003,-0.01870615000000001,-0.019466170000000015,-0.019978539999999996,-4.748999999997969e-05,-0.00010745000000000936,-0.00021316000000000043,34.52666485,3.24689647,-120.932374,-314.20412392,-972.88625823,-759.00913216,-785.43062883,-397.32865744,-413.82767492,-1213.21554552,-858.87980629,-887.50653026,-449.51937749,-3.48818097,-7.21393592,-4.79512644
6,2013-11-01 06:00:00,-5.658561370711228e-09,0.0174683266395491,0.004772231704999951,0.01879622402439867,0.005518304999999999,0.0027544610696204185,2.354609001971153e-06,0.0027591524999999997,66.83012578815001,85.88988829544999,0.03887913058395509,76.3600070418,0.00273563,66.82347703883609,-0.06978409460627825,-59.13723603738378,-194.20240460065898,-363.0869650757533,-383.21408810803524,-395.5020807990239,-401.41605002080183,-418.27943226689825,-412.0744510883701,-432.3520749632838,-447.2437618226045,-452.29670805567645,-2.0875424691843536,-5.613715100966924,-6.499234420377622,8.8992e-07,0.00028614242452270776,0.015188393303941996,8.8992e-07,0.0016011022080282143,0.014412131018442574,8.8992e-07,0.005511897710407491,0.010495635765401003,8.8992e-07,0.0056465399794632075,0.010064379898924052,8.8992e-07,0.0036769358340819286,0.0119768172048186,0.0019273339624999502,-0.000852284628568029,0.047503966749156315,8.8992e-07,0.0025971613945975722,0.013027138151001361,8.8992e-07,0.0004201897892330869,0.015567968732256868,0.0028377783825,-0.001171696798343586,0.04782626870524451,8.8992e-07,0.0010800402373785372,0.014790971940164597,1.8157629651179423,-0.20898269780501166,-0.16495173331608814,0.09710146811041281,0.1256353804478411,-0.10430576407074173,-0.09651066862107333,-0.3084395114228821,-0.2065679805933315,-0.1044778258571904,-0.10449110444751783,-0.4003460021071989,0.11977727631738426,-0.18988988294285797,-0.10450598729279634,-0.10460250869213789,406,-130.65595375,22500.0,0.0,0.0,1.0,-0.10356267,0.0009502,0.98890353,-0.08651696,-0.02988938,0.98711051,-0.07620379,-0.03100238,1.00023082,-0.06693864,-0.03036089,1.02320314,-0.0206798,-0.0060541,1.02218151,-0.01270911,-0.00396809,1.02136923,-0.00445681,-0.00132852,1.02090568,-0.00332743,-0.00167972,1.02453889,-0.03404953,-0.021275,1.02497435,-0.01948663,-0.01430857,1.02396499,-0.01196246,-0.00927431,1.02379857,-0.00464336,-0.00315012,1.02348294,-0.01038645,0.02811334,0.97258859,-0.0023598,0.01988009,0.96264884,-0.00031353,0.00724955,0.96013027,0.0,-0.0175154,-0.01848165,-0.01748424,-0.01255405,-0.00393857,-0.00420393,-0.00077233,-0.00228969,-0.00333191,-0.00125816,-0.00152217,-0.00135848,0.00063212,0.00111822,0.000498,0.0,0.001504159999999961,-0.0012955700000000202,-0.0038910000000000385,-0.009809659999999934,-0.016481609999999994,-0.017247429999999977,-0.017656619999999984,-0.018393960000000025,-0.016811860000000026,-0.018707689999999957,-0.019463209999999998,-0.01997796000000006,-4.742000000000212e-05,-0.00012106999999999461,-0.0002588100000000035,33.83957565,3.63169629,-116.70001268,-308.26638822,-969.81281018,-758.90327872,-785.34649619,-397.27504028,-413.86481979,-1213.05487084,-858.84431717,-887.42606322,-449.50436227,-3.79429367,-8.54503446,-5.82343239
7,2013-11-01 07:00:00,-5.8486128516786164e-09,0.045717622749348555,0.004742699533749901,0.049432370262665976,0.008142427499998496,0.004066912944622236,2.1585559705681403e-06,0.004071213749999248,73.10616070455,92.16592321184999,0.02302395549887104,82.6360419582,0.00273563,73.08874379660902,3.836408553552946,-59.13721075626581,-194.20241517151257,-363.08695522511624,-383.2169731999072,-395.50207448567664,-401.41604807182154,-418.2794285116557,-412.13522073967255,-432.3624051617453,-447.2437536421032,-452.296686857575,-0.6994872219670422,-4.833375970092688,-5.7610744588748295,1.3232805e-05,0.010006494118606445,0.005181896230390437,1.3232805e-05,0.009715109790234752,0.004697023022501594,1.3232805e-05,0.006479558920536214,0.004016077360039156,1.3232805e-05,0.006000512354896459,0.004063866363513292,1.3232805e-05,0.003939468241179222,0.00803734925501271,0.00227046559999995,-0.000493273434148439,0.04799724037241895,1.3232805e-05,0.0030469314926964645,0.009980206564751189,1.3232805e-05,0.0008977578157454841,0.014670209119470643,0.00236637149374995,-0.00016621927506223064,0.04799248939605952,1.3232805e-05,0.010005866417592648,0.0047851028901576146,-1.5256810784669845,0.4836719030644552,0.506405953030673,0.5319768059008818,0.5254978065356207,-0.14395352021660449,0.15271263228571802,-0.2182214216976106,-0.0225790694254549,-0.14414810946411089,-0.14416335063631958,-0.3734374951884087,0.24090898498060165,0.5027188400480305,-0.14418094102551926,-0.14429856140134423,406,-130.65595375,22500.0,1e-08,0.0,1.0,-0.1024954,0.00095674,0.98896134,-0.08655228,-0.02996357,0.987305,-0.07613623,-0.03109834,1.00052934,-0.06532313,-0.03045198,1.02314383,-0.02125026,-0.00602849,1.02217674,-0.01345483,-0.00392512,1.02140757,-0.00472016,-0.00128307,1.02096413,-0.00354396,-0.00165518,1.02452583,-0.03448565,-0.0213094,1.02496245,-0.0198817,-0.01427483,1.02399778,-0.012534,-0.00922646,1.02388806,-0.00481323,-0.00310318,1.02358783,-0.01040744,0.02816849,0.97262428,-0.0020251,0.01991933,0.96255973,-0.00014484,0.0072896,0.95999502,0.0,-0.04573487,-0.02855198,-0.01956762,-0.01381846,-0.00438989,-0.00483055,-0.00129936,-0.00257656,-0.0039438,-0.00175723,-0.0021966,-0.00171768,-0.00784915,0.00147009,0.00068369,0.0,0.0017302500000000573,-0.0012086199999999814,-0.003873330000000041,-0.009783330000000005,-0.016480670000000038,-0.017246920000000006,-0.01765591999999998,-0.01839487,-0.016807479999999937,-0.01870819000000002,-0.01946180999999998,-0.019977539999999988,6.995999999997744e-05,-8.151999999999964e-05,-0.00022711000000001777,38.93206858,13.32096699,-114.34095713,-307.27301048,-969.10703094,-758.86540184,-785.31636527,-397.26019188,-413.88422182,-1212.99066127,-858.82487905,-887.38658265,-449.49757588,-0.25157398,-6.94295987,-5.11086658
8,2013-11-01 08:00:00,-4.795750529591134e-09,0.0072181204249278956,0.0037550480249999994,0.011958007032258666,0.0079171275,0.003953922949323527,2.3291981689484285e-06,0.00395856375,56.70623570455001,75.76599821184999,0.03276341060095117,66.2361169582,0.00273563,56.70349274608915,-0.06982512848654047,-59.13724808223132,-194.20245068378992,-363.08697889152927,-383.202407508751,-395.50206729859275,-400.9547504103724,-418.2794260066887,-412.0570809949926,-432.33374793301795,-447.243747457729,-451.2962074558368,-2.087570232475996,-5.171667402153024,-5.952459576737752,0.0001095102,0.001174874122004588,0.004007019152983604,0.0001095102,0.000697637657545253,0.00399938715943075,0.0001095102,1.3865439226042539e-05,0.004002212436459195,0.0001095102,6.045790277257582e-05,0.00400340728018235,0.0001095102,0.004039206299511819,0.003998143246118847,0.0016085304112500001,2.3754854708165686e-05,0.04797348294726937,0.0001095102,0.003218243626341341,0.006761962844673135,0.0001095102,0.0018382236897582544,0.012831983633503474,0.00127043601375,0.0001124032745942632,0.04788008002651844,0.0001095102,0.0007791281120090339,0.004005972145628457,-1.9349739895580866,0.5265723946993588,0.5222454702649375,0.5090440501137057,0.5052070061671778,-0.17386117664469508,0.3580307627702926,-0.15559373141087773,0.13618761007618754,-0.17407326915667973,-0.1740900565295207,-0.2929227661502637,0.2893922170851635,0.5231791506758574,-0.17410980878242446,-0.1742410746955578,406,-130.65595375,22500.0,0.0,0.0,1.0,-0.09772058,0.0009601,0.98893798,-0.08270998,-0.02994627,0.98724994,-0.07621808,-0.03107852,1.00046864,-0.06543478,-0.03043373,1.02309873,-0.02126103,-0.00602838,1.02212798,-0.01345055,-0.00392755,1.0213566,-0.00472314,-0.00128656,1.02091373,-0.00354146,-0.00165675,1.0244822,-0.03450674,-0.02130034,1.02491702,-0.01989025,-0.01427401,1.02394919,-0.01252742,-0.00922819,1.02383647,-0.004811,-0.0031064,1.02353516,-0.00656322,0.028163,0.97258574,-0.00205253,0.01991651,0.96252432,-0.00015859,0.00728646,0.95996118,0.0,-0.00726517,-0.00804848,-0.00800341,-0.00861664,-0.00447862,-0.00490427,-0.00116574,-0.00285926,-0.00448749,-0.00200364,-0.00242788,-0.00090631,0.00128666,0.0014225,0.00065111,0.0,0.0012791100000000284,-0.0012956900000000177,-0.0038980000000000364,-0.00981833999999998,-0.01648143000000002,-0.017247229999999964,-0.017646229999999968,-0.01839400999999998,-0.016811930000000034,-0.018706770000000032,-0.019462439999999987,-0.019955659999999962,-4.7519999999980165e-05,-0.0001211400000000007,-0.00023899999999997198,28.7780288,-1.44468027,-116.85913167,-308.61651122,-970.01164333,-758.8989614,-785.10875482,-397.04185977,-413.86368238,-1213.03830731,-858.81101669,-886.90607417,-449.00097162,-3.79576169,-8.10389938,-5.37687647
9,2013-11-01 09:00:00,0.004164494929289753,5.663043889510097e-09,0.00518351073374985,-0.0011182163086656492,0.008143184999999997,0.004066858546540049,2.3759511556805822e-06,0.004071592499999999,46.45505674635001,65.51481925364999,0.005673635959072457,55.984938,0.00273563,65.5164168410802,-1.3272719379218765,-62.31373125684174,-196.17351337455165,-363.28096134450004,-383.4152450299616,-395.72697428124707,-400.9547509552396,-418.27943912254756,-412.1583663639293,-432.4651698447608,-447.2437559597848,-451.2961975798026,-5.457054466304461,-9.954904572021427,-11.312087828814054,0.0003303435,1.2391157668810317e-05,0.003994632060180811,0.0003303435,1.9500434132319335e-06,0.0039974382976975895,0.0003303435,6.437603186274328e-06,0.003995777561561451,0.0003303435,6.200696150771804e-06,0.003997208811055529,0.0003303435,-0.000694291024057454,0.00469243270367997,0.00125275627249995,-2.0174232881283654e-06,0.04797549780030263,0.0003303435,-0.0006586709096613081,0.007420633660459191,0.0003303435,-8.794371337692876e-05,0.012919925551677616,0.0012880064612499,0.00028738329183240145,0.04759269063984916,0.0003303435,1.0003048382196275e-05,0.0039959724373642815,-1.6621315748605183,0.5134596545388047,0.5084486657105296,0.4955412543959877,0.4916886891493693,-0.20940195768405323,0.2986187382175966,-0.10921729046485186,0.0791092877861964,-0.20963676009178644,-0.2096553832805188,-0.31260908754594646,0.3570386219770012,0.5099099501518195,-0.20967733069053973,-0.20981905242544252,406,-130.65595375,22500.0,0.0,0.0,1.0,-0.09092156,0.00096386,0.9889274,-0.07828409,-0.02990268,0.98722264,-0.07265072,-0.03103188,0.99979467,-0.06641556,-0.0303884,1.0226755,-0.02128484,-0.00600733,1.02170786,-0.01348956,-0.00391283,1.02094245,-0.00474121,-0.00127899,1.02050257,-0.0036152,-0.00165301,1.02407495,-0.03460691,-0.0212788,1.02450153,-0.0199318,-0.01425542,1.02353429,-0.0125839,-0.00921356,1.02342245,-0.00481838,-0.00309858,1.02312052,-0.00556746,0.02813549,0.97256438,-0.00229161,0.01990272,0.96253013,-0.00024361,0.00728533,0.95994919,0.0,0.00413755,0.00211678,0.00172163,0.0013525,0.00046444,3.222e-05,-0.00076406,0.0008095,0.00073371,-0.00045071,-0.00088585,-0.00108379,0.00165575,0.00131329,0.00061844,0.0,0.001446570000000006,-0.0013948700000000268,-0.004057699999999928,-0.009932790000000044,-0.016493280000000037,-0.017258389999999988,-0.017652790000000005,-0.018397779999999985,-0.01682945999999998,-0.018713730000000015,-0.019467710000000013,-0.01995588999999999,-0.00015026000000002747,-0.000300510000000014,-0.0004639900000000017,32.54387411,-2.22410891,-122.67682185,-314.78322333,-973.24789988,-759.41653639,-785.50732525,-397.18670851,-413.94994108,-1213.66590385,-859.07869235,-887.03013179,-449.00940243,-10.14720754,-17.2020979,-10.43908339
10,2013-11-01 10:00:00,0.012990399031341703,5.648069086332692e-09,0.00734509784124995,-0.011988822302038625,0.008226165000000002,0.004108455645581208,2.322198601658323e-06,0.004113082500000001,38.35789974635001,57.417662253649986,0.006919651456277286,47.887781,0.00273563,57.42262420710256,-9.33300153727948,-68.77166317655501,-201.1251547837048,-366.470271825267,-385.06213919966376,-395.7269866834848,-400.954752503907,-418.2794466076606,-413.5124022932013,-433.1689227236281,-447.24376498970474,-451.2962006650005,-14.395755200436437,-19.822141077523145,-21.391388791668124,0.000549496,-6.43234008992318e-06,0.004001063097071846,0.000549496,-3.4371052191435853e-06,0.0040008740228844215,0.000549496,-4.7489706131575056e-06,0.004000525037873102,0.000549496,-0.0036225637485268274,0.007619771995347919,0.000549496,-0.004024467184138089,0.008716898321371238,0.0011801358525,8.640700018067693e-08,0.04797540882328476,0.000549496,-0.003008754915833959,0.010429388482323255,0.000549496,-0.001167033378137968,0.014086957135796824,0.00176899398874995,-0.00014730480593769116,0.047739989348903736,0.000549496,-4.501609653029279e-06,0.004000473359611164,-0.9161890973104233,0.5131525962383134,0.5083136016564351,0.4953308595883625,0.28373387589870525,-0.2408693355136722,0.0675855750162836,-0.07293702994075682,-0.0935990115297448,-0.2411246777638273,-0.2411447975454798,-0.3795609031086437,0.41866907173831147,0.5097137594596512,-0.24116851397296224,-0.24131989657062763,406,-130.65595375,22500.0,0.0,0.0,1.0,-0.08407366,0.00095522,0.98892149,-0.07442405,-0.02999306,0.98724867,-0.07102113,-0.03113312,0.9995683,-0.06663577,-0.03049237,1.02256354,-0.0212892,-0.00603663,1.02160295,-0.01349947,-0.0039299,1.02084166,-0.00474603,-0.00128365,1.02040267,-0.00363024,-0.0016585,1.02398296,-0.03462619,-0.02134014,1.024408,-0.01994166,-0.01429029,1.02345059,-0.01259936,-0.00923434,1.02334655,-0.00481845,-0.0031047,1.02304681,-0.00375272,0.02819202,0.97252178,-0.00265589,0.01994014,0.9625275,-0.00035661,0.00729959,0.95993461,0.0,0.01295976,0.01128739,0.01109429,0.01092342,0.00365829,0.00322365,-0.00068808,0.00294499,0.00369827,0.00037723,-6.16e-05,-0.00112456,0.00149047,0.0013388,0.00062929,0.0,0.0010888599999999181,-0.00171593999999996,-0.004300899999999979,-0.010100910000000018,-0.016600009999999974,-0.017294860000000002,-0.017652410000000014,-0.01842772999999997,-0.016928950000000016,-0.018759180000000007,-0.019482930000000002,-0.01995592,-0.0005269000000000066,-0.000711100000000012,-0.00090568999999999,24.50040795,-25.96590407,-135.38224548,-324.03920811,-981.67878362,-762.63440499,-786.31497245,-397.17820538,-414.62473028,-1217.60434605,-860.44961528,-887.37588763,-449.00582585,-27.85101475,-36.37771745,-20.37554315
11,2013-11-01 11:00:00,0.04200958773002321,5.440954085434041e-09,0.00699594669249975,-0.04070261201766167,0.008205142499999998,0.004098050832719387,2.2687782532491577e-06,0.004102571249999999,28.253587746350007,47.313350253649986,0.004627604151781373,37.783469,0.00273563,47.32937381455104,-16.952876415420494,-74.2152767586694,-204.0911566550556,-366.4702715870922,-385.0468611091273,-395.72699324132026,-400.9547550472585,-418.2794444437205,-413.4512446247909,-433.1440963190861,-447.2437734355975,-451.29621312380795,-21.750814500045088,-27.40684228983425,-29.069431471015815,0.000495516,-0.010000028994320443,0.014001091851135485,0.000495516,-0.006147557961914711,0.010148431478791776,0.000495516,-0.006090669101251675,0.01009119316981448,0.000495516,-0.004314261424199765,0.011934032855412079,0.000495516,-0.0037215309121317254,0.012438427667875934,0.0010175997962499,3.2430740581968444e-05,0.04794297551296567,0.000495516,-0.002777824114850374,0.013207212503153149,0.000495516,-0.0011080011901188729,0.01519495653324608,0.00201421889624985,-0.0002470012032660369,0.04798698444461899,0.000495516,-0.006328502030691743,0.01032897517618836,1.0720981266420724,0.03742033069925266,0.21491637771983468,0.2046261498039667,0.0771054291085376,-0.26673934005799,-0.11098930779692553,-0.049129359251958264,-0.22750884256309206,-0.2670115774665357,-0.2670329352457591,-0.4344390607332669,0.4764207614356202,0.2077525660523768,-0.2670580921855947,-0.2672175456688324,406,-130.65595375,22500.0,0.0,0.0,1.0,-0.07110813,0.00095533,0.98889501,-0.07223625,-0.02998993,0.98721599,-0.07105374,-0.03112972,0.99953974,-0.06668097,-0.03048912,1.02254577,-0.02129279,-0.00603636,1.02158502,-0.01350165,-0.00392998,1.02082366,-0.00474706,-0.00128394,1.0203848,-0.00363104,-0.00165852,1.02396563,-0.03463149,-0.02133818,1.0243904,-0.01994476,-0.01428955,1.02343275,-0.01260107,-0.00923409,1.02332853,-0.00481942,-0.00310485,1.02302872,-0.00156456,0.02818971,0.97249162,-0.00265856,0.01993857,0.96249866,-0.00035797,0.00729882,0.95990618,0.0,0.04197979,0.02389512,0.01751104,0.0112074,0.00353508,0.00310194,-0.00055934,0.00276666,0.00336373,0.00022247,-0.000215,-0.0012715,0.00786134,0.00133584,0.00062837,0.0,0.0006951700000000834,-0.0020067400000000034,-0.00450933000000003,-0.010199040000000006,-0.016600949999999972,-0.017295280000000014,-0.017653110000000017,-0.01842700999999998,-0.01693261000000001,-0.01875795,-0.019483440000000015,-0.01995588000000001,-0.0008597000000000162,-0.0010423499999999784,-0.0012446299999999888,15.64025937,-48.85707036,-146.60991678,-330.93836247,-983.9871436,-762.66374896,-786.33685985,-397.19849284,-414.60683283,-1217.65074278,-860.42970634,-887.38490834,-449.00912883,-42.79054345,-51.45387284,-28.00582258
12,2013-11-01 12:00:00,0.032960024873986624,5.5876220632866966e-09,0.006525500109999901,-0.03077545014562202,0.00862005,0.004305571434139411,2.235225809248241e-06,0.004310025,30.848204704550014,49.90796721184999,0.004493809732044038,40.3780859582,0.00273563,49.92054138399246,-16.092755395729096,-74.21527696407041,-204.0911617015889,-366.4702723181022,-385.05010794841695,-395.7270083569249,-400.95475919134,-418.2794434035547,-413.46497869960996,-433.14627000973525,-447.24378475007313,-451.2962350467103,-21.75081237509661,-27.203089559647974,-28.808337366171976,0.0004735215,-0.002001020838598058,0.016002112449592674,0.0004735215,-0.005855387319836154,0.016003818292597935,0.0004735215,-0.005911456674395757,0.016002648875073154,0.0004735215,-0.004065845205600803,0.01599987749721144,0.0004735215,-0.0035647392738626174,0.016003165377698185,0.0011221164662499,-6.400159564168498e-05,0.048006974539200144,0.0004735215,-0.002791916445875254,0.015999128855000752,0.0004735215,-0.0008173158278243209,0.016012270569926997,0.00161521164375,-3.2329626290621416e-05,0.04801930799466625,0.0004735215,-0.005671773050842061,0.01600074801270606,2.717480133444224,-0.06752110076439173,-0.08243711517952951,-0.0955263556300639,-0.1309131526187434,-0.2954064705598444,-0.29399241012110633,-0.024995529581881986,-0.37193221092023554,-0.29569655739480494,-0.29571921505890075,-0.4802892972201417,0.5267512511770396,-0.08043480313297624,-0.29574589445105753,-0.2959137817638349,406,-130.65595375,22500.0,0.0,0.0,1.0,-0.07512101,0.0009569,0.98891171,-0.07223453,-0.03000035,0.98725225,-0.0710362,-0.03114328,0.99958909,-0.0664397,-0.03050197,1.02254062,-0.0213895,-0.00603072,1.02158891,-0.01362606,-0.00392214,1.02083477,-0.00475075,-0.00127638,1.02039552,-0.0037125,-0.00165462,1.0239741,-0.03473094,-0.02134403,1.02439419,-0.01999042,-0.01428474,1.02344252,-0.01267455,-0.00922692,1.02334596,-0.00481735,-0.00309757,1.0230478,-0.00156334,0.02819868,0.972504,-0.00260543,0.01994518,0.96249029,-0.00033118,0.00730534,0.95989018,0.0,0.03293078,0.02335131,0.01721085,0.01103804,0.00347551,0.00301457,-0.00053969,0.00283046,0.0034536,0.00022104,-0.00024412,-0.00105952,0.00730713,0.00138961,0.00065545,0.0,0.0007717899999999389,-0.0019875100000000057,-0.004506749999999914,-0.010195340000000008,-0.016601239999999996,-0.017295359999999975,-0.017653339999999972,-0.018427260000000018,-0.01693149,-0.01875803000000002,-0.019483099999999972,-0.019955889999999993,-0.0008404899999999863,-0.0010407600000000067,-0.0012349900000000085,17.36349164,-46.26761613,-146.12409145,-330.80353094,-983.88357921,-762.66923809,-786.3414486,-397.1973415,-414.61309253,-1217.62649416,-860.42479011,-887.37424013,-449.00878415,-42.32824848,-51.20400687,-27.78757844
13,2013-11-01 13:00:00,0.0032041838647220134,5.422468411131222e-09,0.0048955931062498,3.926238190704072e-05,0.008245319999999997,0.004117795797625761,2.4413225328085758e-06,0.0041226599999999985,57.920316767250014,76.98007927455,-0.008182040910743003,67.4501980209,0.00273563,76.9813103668189,12.937893375085846,-45.322373464079135,-174.50208236979884,-336.2673702099172,-355.87060912176344,-367.67554347514886,-373.0559357647097,-388.921484493557,-382.9577229592811,-401.8945067759647,-415.63578803992857,-419.53153993695764,8.892451285966354,4.3536721047002125,3.0547166737984046,0.0003108665,6.3877977975351855e-06,0.0159957265241241,0.0003108665,4.3908961862619146e-06,0.01599943070865023,0.0003108665,-1.4608452636673756e-06,0.01600411140029439,0.0003108665,-7.384116098739056e-06,0.01600726092729311,0.0003108665,-5.6802046047446635e-06,0.016008847184818716,0.0011488052799999001,-3.901079362860945e-06,0.048010880023887675,0.0003108665,-1.3510669014964362e-06,0.016000478956747617,0.0003108665,2.1047521337754126e-05,0.015991233528861226,0.0012598558262499,2.8103825346526297e-05,0.04799121739414057,0.0003108665,-1.2578409633353186e-06,0.01600200638721605,2.9641419885780187,-0.08541415173334843,-0.10048389025119564,-0.11402360542647341,-0.1498663835656943,-0.33768741642575034,-0.31281447172850047,0.02082499349471668,-0.3904210098344752,-0.3380077674424416,-0.3380327334553287,-0.497053823461357,0.5835843703236081,-0.0989164253923361,-0.3380617130368411,-0.3382425113295936,406,-130.65595375,22500.0,0.0,0.0,1.0,-0.09370819,0.00095663,0.98893828,-0.08133279,-0.02999475,0.98725876,-0.07568921,-0.03113456,1.0003825,-0.06840929,-0.03049257,1.02384392,-0.02175172,-0.00603131,1.02289895,-0.01396352,-0.00392729,1.0221569,-0.00530028,-0.00128272,1.02177319,-0.00352957,-0.00165874,1.0252657,-0.03491541,-0.02134607,1.02570214,-0.02034494,-0.01429507,1.02474994,-0.01301383,-0.00923741,1.02466535,-0.00530181,-0.00310552,1.02437546,-0.00604175,0.02819512,0.97257302,-0.00258121,0.01993952,0.96260713,-0.0003459,0.00729851,0.96002952,0.0,0.00317674,0.00104667,0.00062647,0.00022475,-0.00010785,-0.00053177,-0.0006552,0.00016983,0.00015868,-0.00036029,-0.00076296,-0.00082152,0.00172974,0.00134273,0.00063082,0.0,0.002017920000000036,-0.0007005600000000112,-0.003235609999999974,-0.008907230000000023,-0.015283160000000011,-0.016024350000000003,-0.01641064000000001,-0.017097710000000026,-0.015589129999999967,-0.017386519999999954,-0.01808755000000001,-0.01854789999999999,0.0004855699999999918,0.000340590000000018,0.0001741500000000106,45.40180858,40.56380754,-88.56246496,-273.20809164,-895.03600119,-704.42175996,-729.78618114,-369.23793524,-384.69643869,-1126.64672644,-798.16286662,-824.29702967,-417.32566679,18.58919697,11.57997912,3.91801572
14,2013-11-01 14:00:00,0.0013106969131144923,4.1727231982335325e-09,0.004092683042499851,0.0033581429799041875,0.009049620000000001,0.00452009362920466,2.3671264907323937e-06,0.004524810000000001,68.79811874635001,87.85788125364999,-0.02531211045023405,78.328,0.00273563,87.85838858530236,23.121870048887114,-30.095789396795922,-154.0541750084494,-310.3979849795206,-330.02862708999044,-341.93702612281095,-347.48216903401845,-358.62992542770905,-353.00026224702566,-369.8877947828296,-382.7561883280432,-386.1805367191306,19.11829646791702,14.784850859759676,13.59662578242306,0.00017755700000000003,0.0004085761312299644,0.015587147991246511,0.00017755700000000003,1.3425328704190985e-05,0.01598600812276331,0.00017755700000000003,2.0349782690136435e-05,0.01598376740878188,0.00017755700000000003,2.2270389074761973e-05,0.0159849971131228,0.00017755700000000003,2.2053356229388422e-05,0.01598680427880239,0.0012640828899998999,2.657992668154315e-05,0.047984315382654144,0.00017755700000000003,5.629325018840574e-05,0.01594418522042093,0.00017755700000000003,7.485738287597567e-05,0.01591637786000215,0.00140814415249995,0.00270094451643362,0.0452902773179058,0.00017755700000000003,1.227810892575099e-05,0.015989730817941937,3.079297340679252,-0.08692310802764779,-0.13671015930359848,-0.149641503109838,-0.18531553986699903,-0.3906460240315563,-0.3482826961858698,0.08121488007469417,-0.42288097238327366,-0.39100888102691467,-0.3910363801996574,-0.5278827712267419,0.8915966106296149,-0.13524348732582586,-0.391067471558208,-0.3912564982746566,406,-130.65595375,22500.0,0.0,0.0,1.0,-0.09624759,0.00094793,0.98898854,-0.082875,-0.03009101,0.98737104,-0.07748697,-0.03123925,1.00087972,-0.07046553,-0.03059137,1.0249832,-0.02320792,-0.00603626,1.02411621,-0.01547283,-0.00392027,1.02343867,-0.0065423,-0.00127058,1.0231754,-0.00360499,-0.00165285,1.02648002,-0.03587873,-0.02140356,1.02691826,-0.02128144,-0.01432037,1.02599049,-0.01400022,-0.00924766,1.02596007,-0.00625822,-0.00310016,1.0256925,-0.00548658,0.0282515,0.97265494,-0.00226778,0.01997262,0.96264102,-0.00021649,0.00731686,0.96006655,0.0,0.00127542,-0.00085532,-0.00148596,-0.00206435,-3.064e-05,-0.00048438,-0.00075201,0.00028303,-0.00233146,-0.00296536,-0.00339659,-0.00358532,0.00191399,0.0013639,0.00064928,0.0,0.0024857299999999426,-0.00013596000000002203,-0.0024520399999999718,-0.007893220000000065,-0.01413550999999999,-0.01487904999999999,-0.01527115000000004,-0.015759139999999994,-0.014348480000000028,-0.016009319999999994,-0.016645079999999993,-0.017076039999999987,0.0009391499999999908,0.0007996899999999801,0.0006404199999999954,55.93221026,74.00234511,-58.23087991,-232.76390844,-818.48905153,-652.82342026,-678.37649982,-343.60243651,-354.57843236,-1037.6366464,-734.72483924,-758.72855705,-384.21011273,39.12550258,32.40082763,14.4090583
15,2013-11-01 15:00:00,-4.656779741868551e-09,0.005110694304507523,0.00376364743749975,0.012093200020515156,0.010439010000000004,0.005214827466619066,2.3476341576379534e-06,0.005219505000000002,77.99186676725002,97.05162927455,0.023953708908471864,87.5217480209,0.00273563,77.98992690165211,23.121852196771663,-28.18041755604327,-151.8174542843042,-309.89632317316597,-329.0556001117092,-340.7373297862084,-346.1916053738856,-358.6299271413863,-353.4282868450433,-370.36232974437394,-382.7561787274589,-386.18052361245805,19.372791232368492,16.713829894956408,16.551600188473557,2.842776e-05,-0.0004256774351837468,0.016012823025268817,2.842776e-05,-3.3104806344586886e-05,0.016019101679940813,2.842776e-05,-3.2354939403719495e-05,0.01601611190614393,2.842776e-05,-2.5409748955238736e-05,0.016010398433023543,2.842776e-05,5.871476266561859e-05,0.015928086769785906,0.0016953602962498499,0.005494609266426969,0.042489705717017795,2.842776e-05,0.00014607533557813208,0.015798109398860935,2.842776e-05,0.00014978575393533982,0.015766593819765654,0.0018408650612499002,0.006787609326983125,0.03850267243149563,2.842776e-05,-2.7363877759053733e-05,0.016017086965858927,2.6807143022721087,-0.1721804229453076,-0.19135076359450282,-0.2042236253328381,-0.2393560071946041,-0.4448962742558676,-0.39576229900152704,0.5876842389045885,-0.46354733050339747,-0.4452807385930635,-0.4453104114897967,-0.5682597540904125,1.5102548556523114,-0.18943635701599687,-0.4453438267853634,-0.44553853825508577,406,-130.65595375,22500.0,0.0,0.0,1.0,-0.09878258,0.00097209,0.98901449,-0.08446438,-0.02997758,0.98743531,-0.07934427,-0.03111853,1.00132764,-0.07270605,-0.03047134,1.02610415,-0.02374438,-0.00598668,1.02531625,-0.01612241,-0.00387127,1.02469667,-0.00648163,-0.00123684,1.0244338,-0.00405153,-0.00162485,1.02769049,-0.03630595,-0.02130665,1.02808967,-0.02139479,-0.01423795,1.02719004,-0.01424094,-0.00918485,1.02719012,-0.00624279,-0.00306336,1.02693019,-0.00424851,0.02820087,0.97268056,-0.00144801,0.01994662,0.96244189,0.0001268,0.00732286,0.95983885,0.0,-0.00514596,-0.00886821,-0.00986006,-0.01084382,-0.0053951,-0.00600677,-0.0065339,0.00044521,-0.00615495,-0.00709968,-0.007649,-0.0080121,0.00240631,0.00155937,0.00074197,0.0,0.0022669700000000036,-9.282999999998126e-05,-0.002309719999999997,-0.00775769,-0.014101340000000006,-0.014830150000000023,-0.01521536,-0.01576657999999999,-0.014330710000000007,-0.016027059999999982,-0.016652290000000028,-0.01707550000000002,0.000944820000000009,0.0008429999999999798,0.0007479599999999852,51.00921064,70.17503609,-54.06003914,-226.51375927,-814.26767336,-650.96089457,-676.02475752,-342.34637095,-354.7469839,-1037.80046051,-735.28146884,-758.87243925,-384.19962849,40.22730142,35.80084467,16.82864765
16,2013-11-01 16:00:00,-5.488457974796284e-09,0.0325486915252572,0.00441610608499985,0.03952597064917387,0.0122540474999985,0.006122098563483903,2.4719302146333635e-06,0.00612702374999925,100.19785574635002,119.25761825365,-0.08622639579092573,109.727737,0.00273563,100.18545812998137,35.4469747382207,-19.000105388099712,-146.7136091051985,-308.29227477378623,-328.4089163585182,-340.73728777812687,-346.1915913540165,-358.6299133831823,-352.9915480870418,-370.16312963209344,-382.7561504858764,-386.1805202909814,27.58295670234911,21.082194071366775,19.070441394268403,4.02895e-07,0.002040261092595937,0.013972572355523388,4.02895e-07,0.0020354762526108086,0.01398363328007006,4.02895e-07,0.0020292241874402747,0.013986893389127321,4.02895e-07,0.003277553363213176,0.012732847039766234,4.02895e-07,0.004812470432387006,0.01111561359002086,0.0020197366637499,0.008272975443661127,0.0342167298739145,4.02895e-07,0.004554714788864397,0.011243394124209584,4.02895e-07,0.004180086887197234,0.01158650864521529,0.00239314626124995,0.006282317186619393,0.03222035968627234,4.02895e-07,0.0020403379625362397,0.013976758361242044,-0.5801918195809028,-0.049580723974247565,-0.06923043600943149,-0.08272966376113522,0.007202384748928953,-0.5267014236624075,0.004572462708714475,1.537019159269975,-0.08903593602505672,-0.5271206048858004,-0.5271532453022003,-0.23128062756887013,2.297564978151416,-0.06682895679475116,-0.5271883077243424,-0.5273765876095687,406,-130.65595375,22500.0,1e-08,0.0,1.0,-0.1019661,0.00098166,0.98908174,-0.09202354,-0.0299272,0.98750475,-0.08308603,-0.03106344,1.00205882,-0.0726618,-0.03040981,1.02683173,-0.02362693,-0.00591481,1.02607467,-0.01612593,-0.00380082,1.02546615,-0.00644572,-0.00118974,1.02519319,-0.00401859,-0.00159418,1.0283697,-0.03605422,-0.02127265,1.02878142,-0.02129683,-0.0141988,1.02786577,-0.01426408,-0.00914819,1.02785357,-0.00623878,-0.00303097,1.02758884,-0.00703824,0.02816678,0.97286721,-0.00055724,0.01992196,0.96244224,0.00051183,0.00733222,0.95982196,0.0,-0.03255373,-0.03159256,-0.03051412,-0.02945113,-0.01288895,-0.01359791,-0.00951542,-0.00381858,-0.01402455,-0.0107977,-0.01145882,-0.00793812,0.00022447,0.00149209,0.00076396,0.0,0.0030342400000000196,0.00038498000000004515,-0.0019855599999999557,-0.007597760000000016,-0.014052359999999943,-0.01481657000000005,-0.015216009999999988,-0.015756320000000046,-0.014280430000000002,-0.016012019999999995,-0.01664635999999998,-0.017075149999999997,0.001401069999999991,0.0011161900000000173,0.000899239999999988,68.26971487,108.45860457,-36.01139022,-215.62664668,-808.43487808,-649.54487593,-675.72962977,-342.35823443,-354.51540773,-1036.08863442,-734.81124516,-758.73663133,-384.19494405,56.63426998,45.3489045,20.23596277
17,2013-11-01 17:00:00,-5.733041603154812e-09,0.06838916110922968,0.0043092425074998,0.07606445159462577,0.012793762499999996,0.00639180710354113,2.5466925784907418e-06,0.006396881249999998,113.21988868365001,132.27965119094998,-0.09160043562593181,122.7497699373,0.00273563,113.19382928681661,45.57338892786847,-11.218639106834042,-142.75043304381242,-308.29226478900705,-328.4392926167993,-340.7372779165244,-346.1915886190621,-358.6299191495913,-353.09674999071524,-370.20208727640437,-382.75613499632556,-386.180506981998,37.549763343563775,30.810175243553076,28.683773626423278,0.0,0.009986786982704807,0.003985795792692341,0.0,0.009992346790936043,0.003991294342120885,0.0,0.009994683139924021,0.0039922159203264335,0.0,0.008737329596150381,0.0039955194145059195,0.0,0.004821667309769363,0.0062939435325032695,0.0020157293612498997,0.00813873662234801,0.026077992851755917,0.0,0.004101380813490341,0.00714201282516299,0.0,0.003930935326060531,0.007655575030077707,0.0022935131462499,0.006371401977144871,0.025848962150443994,0.0,0.009988648336730653,0.003988119382275032,-8.321423496192576,0.9843169389791042,0.9652965629277145,0.9520617954645103,0.8996691815874871,-0.6232011173206299,0.4538104511578337,2.589897050425405,0.27867006572665554,-0.6236596854542265,-0.6236956524260553,0.117131996776004,3.1818349035229807,0.9672793999484447,-0.6237325070109472,-0.6239156717573158,406,-130.65595375,22500.0,1e-08,0.0,1.0,-0.10248566,0.00098151,0.98909869,-0.09498166,-0.02995605,0.98754792,-0.08300145,-0.03109483,1.00210939,-0.07254672,-0.0304366,1.0268736,-0.02360528,-0.00591329,1.02612831,-0.01614047,-0.00379293,1.02552893,-0.00644213,-0.00118036,1.02525663,-0.00403331,-0.00158614,1.0284078,-0.03601967,-0.02128025,1.02882225,-0.02128356,-0.01419928,1.02791231,-0.01428694,-0.00914562,1.02790591,-0.00623607,-0.00302437,1.02764286,-0.00999644,0.02818596,0.97290188,-0.00050524,0.01993235,0.96247299,0.00053895,0.00734036,0.95985082,0.0,-0.0683978,-0.05174677,-0.04274454,-0.03374495,-0.01265076,-0.01339605,-0.00934103,-0.00332888,-0.01313086,-0.01042972,-0.01112678,-0.00789158,-0.00756845,0.00159384,0.00081019,0.0,0.003548759999999861,0.000783479999999899,-0.00168310999999996,-0.007450350000000057,-0.014050440000000036,-0.014815639999999979,-0.01521486000000004,-0.015757449999999958,-0.014273749999999981,-0.016014029999999978,-0.016645589999999984,-0.017075010000000026,0.0018474700000000333,0.0015521099999999985,0.0013287000000000097,79.84584379,139.04484779,-20.23951482,-205.5018678,-804.93267109,-649.48959072,-675.68803495,-342.33150852,-354.54056631,-1036.01528136,-734.84246141,-758.71203728,-384.18864868,76.4900127,64.81988484,29.89476596
18,2013-11-01 18:00:00,-5.590862830969689e-09,0.015949862335286114,0.00242451504874995,0.025714435801013905,0.012662017499999996,0.0063261772867833355,2.4248908887536686e-06,0.006331008749999998,90.41664870455001,109.47641121184999,-0.0427582887220109,99.9465299582,0.00273563,90.41057866573615,23.48425830203515,-29.3017924483032,-154.36190027741088,-311.46453713351804,-329.96751321462085,-340.73729180024884,-346.191580743476,-358.6299278375362,-354.21175225204956,-370.79973185498136,-382.756116174782,-386.18048218426617,15.019479951453134,7.2261546947303685,4.741183368654788,0.0,-0.00011392109088467063,0.004099713097891217,0.0,-7.021788334868419e-06,0.003998315277791648,0.0,-2.200025958257911e-05,0.0040142140669918655,0.0,-3.315363397218375e-05,0.004028670539139577,0.0,0.002290697247533765,0.0040032435375091675,0.00114777915874995,0.009400893410587032,0.01667709904084963,0.0,0.0031414817302934054,0.004000530609580565,0.0,0.00362269589402324,0.004032880844835497,0.0012767358900000001,0.00744829691454969,0.01840066967589337,0.0,-1.4008366671408202e-05,0.004002125225946535,-9.763460285037768,0.8976985786132774,0.8883430303643789,0.873754050648141,0.8203530537384781,-0.6994848199220152,0.5845950262386586,3.4672899529578274,0.48637455821360853,-0.6999738890377585,-0.7000123974631205,0.36834334026791965,3.894351479643137,0.889694206794809,-0.7000504573923543,-0.7002335009948418,406,-130.65595375,22500.0,0.0,0.0,1.0,-0.10125017,0.00098538,0.98908779,-0.08876097,-0.02994271,0.98751081,-0.08307004,-0.03107795,1.00206589,-0.07264238,-0.03042081,1.02683811,-0.02361201,-0.00591061,1.02608693,-0.01613835,-0.00379372,1.02548403,-0.00644575,-0.0011824,1.02521151,-0.00403314,-0.00158767,1.02837058,-0.03603507,-0.02127505,1.02878449,-0.02129033,-0.01419809,1.0278726,-0.01428493,-0.00914576,1.02786481,-0.00623717,-0.00302583,1.02760135,-0.00377165,0.02818711,0.97286574,-0.00051415,0.01993705,0.96242499,0.00053425,0.00734163,0.95979879,0.0,-0.01598804,-0.01962513,-0.02066442,-0.02169793,-0.01053723,-0.01127636,-0.00974409,-0.00237828,-0.01197238,-0.01021196,-0.01089736,-0.00796047,0.00252498,0.00163922,0.00082447,0.0,0.00255072000000009,-0.00011012999999998,-0.0024205799999999656,-0.007893390000000017,-0.01416022999999997,-0.01485264000000002,-0.015217480000000035,-0.01578455,-0.014385669999999975,-0.016054179999999994,-0.016662109999999983,-0.017075570000000005,0.0008560100000000177,0.0005288399999999864,0.00027279999999998625,57.39205818,74.17278695,-56.94135098,-232.06809641,-819.89179008,-652.78971436,-676.57951416,-342.39521904,-355.1566496,-1040.05323504,-736.11659517,-759.09352252,-384.19746461,31.15285378,18.03931017,6.14108097
19,2013-11-01 19:00:00,6.544149761933469e-08,0.0009528178009777925,0.0014369531149999498,0.011227436834455493,0.011588145000000001,0.005789162369039651,2.464373895813257e-06,0.0057940725000000005,72.90054970455002,91.96031221185,0.009002615894326188,82.4304309582,0.00273563,72.90004927525634,23.484264605656218,-29.44695460843257,-154.3619060827594,-311.4645521203741,-330.3232898671347,-341.4277805903422,-346.1915959023634,-359.94724668955416,-354.63357082541404,-371.0044597458437,-382.7561062544241,-386.18045769713495,15.010905085917091,6.854801991158646,4.278761632624216,0.0,9.13196526683144e-05,0.004008389659685638,0.0,-7.280582453283827e-06,0.004005593322860516,0.0,5.659750361985203e-06,0.004008552204079817,0.0,1.5692301481216627e-05,0.004012975729485523,0.0,-3.032716854069347e-06,0.00400627675090949,0.00045474257625,0.0046682498758059375,0.01200884876407314,0.0,-1.019729159235941e-05,0.004010727946647054,0.0,4.7284585373610373e-05,0.003985597964038097,0.0009822105387499499,0.006418011474559533,0.011982662638778379,0.0,1.2769886082317164e-06,0.004000847839533645,-9.83291597899099,0.8480373630253425,0.8314938527775275,0.8178482239611611,0.7651786005224466,-0.7557762822270508,0.5280555182633047,3.7844379323822173,0.429312752386797,-0.7562886020897215,-0.7563292710968739,0.31547196610436157,4.377509606293981,0.8334688765600187,-0.7563682898367334,-0.7565517245090849,406,-130.65595375,22500.0,0.0,0.0,1.0,-0.09630693,0.0009809,0.98900524,-0.08338505,-0.03003834,0.987422,-0.0782757,-0.03117668,1.00110867,-0.07154358,-0.03051398,1.02553731,-0.02375089,-0.00597843,1.02473733,-0.01620536,-0.00385555,1.02411025,-0.0065085,-0.00121817,1.02384196,-0.0041828,-0.00161092,1.02710982,-0.03641043,-0.02131743,1.02750788,-0.02144453,-0.01422828,1.02660518,-0.01436781,-0.00916942,1.02661109,-0.00624982,-0.00304507,1.02635177,-0.00470605,0.02826669,0.97266364,-0.00183058,0.0199932,0.9624918,1.36e-05,0.00735078,0.95987338,0.0,-0.0012685,-0.00468611,-0.00565546,-0.00659084,-0.00302204,-0.00369381,-0.00438834,0.00070489,-0.00426355,-0.00552196,-0.00613914,-0.00670722,0.00230385,0.00150325,0.00075574,0.0,0.0021615099999999655,-0.00011340999999997169,-0.0024321200000000133,-0.007905129999999906,-0.01416758000000002,-0.014875570000000017,-0.015232720000000031,-0.015823790000000046,-0.014399029999999946,-0.016068940000000007,-0.016667419999999954,-0.017075600000000014,0.0008557900000000047,0.0005281699999999936,0.0002561400000000134,48.63357761,65.34386083,-57.27135443,-232.58206177,-820.60957281,-653.47463869,-677.4339662,-342.73348802,-356.03472384,-1041.55336662,-736.56612047,-759.21934107,-384.20278432,31.14292553,17.64716458,5.76137221
20,2013-11-01 20:00:00,0.00934967651847325,5.391800207712538e-09,0.00101452696124985,-1.5227935160341122e-05,0.010776644999998503,0.005383676759013842,2.331677688679513e-06,0.005388322499999251,60.642213788150016,79.70197629545,-0.03408805890538954,70.1720950418,0.00273563,79.70554996558654,16.075185424824678,-38.86594358366905,-164.10963302280334,-321.56267981682066,-342.24833663116186,-355.0882501442351,-360.30937170712116,-368.530776968469,-363.2960915651379,-378.73947905284734,-389.9956637874515,-393.0619571124502,10.20196036445284,4.546428137623308,2.7756399808445003,0.0,1.2497547229829204e-05,0.003995896718078821,0.0,7.718486051425341e-06,0.0039978778927860755,0.0,1.780882684765586e-05,0.003990749817213936,0.0,3.002537114489781e-05,0.003982960826705342,0.0,-2.2108008571232427e-05,0.004028391532755384,0.00015893200249994998,-4.53183529481565e-05,0.012054175564422422,0.0,3.069484747986432e-05,0.003980043872624789,0.0,-1.9619549602330318e-05,0.004005204814461941,0.0008555949587499,-2.7642537486585374e-05,0.012010292274488688,0.0,2.3664607906386015e-07,0.004000611643544156,-9.08769529984215,0.7917695924665991,0.7748451645192401,0.7620037918653775,0.7103078948085536,-0.8130040313025676,0.4690294928475728,3.7362296763694225,0.3744954076523715,-0.8135486275836844,-0.813591428999177,0.2566442846793128,4.386238114942195,0.7762238441319798,-0.8136318801267453,-0.8138195118069859,406,-130.65595375,22500.0,0.0,0.0,1.0,-0.09281601,0.00099054,0.98895918,-0.08135958,-0.02985765,0.98723987,-0.07612907,-0.03097801,1.00038271,-0.06917151,-0.03031392,1.02395312,-0.02274388,-0.00591193,1.02306383,-0.01510643,-0.00382558,1.0223708,-0.00659153,-0.00121808,1.0221053,-0.00344876,-0.00161281,1.02531739,-0.03552719,-0.02123697,1.02579278,-0.0211872,-0.0141985,1.02485123,-0.01401902,-0.00915842,1.02481691,-0.00627116,-0.0030504,1.02455006,-0.00533032,0.02813812,0.97265313,-0.00228553,0.01990687,0.96262095,-0.00018315,0.00731248,0.96001532,0.0,0.00933378,0.00630379,0.00545772,0.00464768,0.0018237,0.0012274,0.00057028,0.00060443,0.00225643,0.00115761,0.00054334,-0.00013323,0.00223292,0.00147604,0.00073051,0.0,0.002148049999999977,-0.00048742000000003005,-0.0028677999999999664,-0.008361720000000052,-0.014656120000000054,-0.015443449999999982,-0.015849170000000013,-0.01620765000000002,-0.01482247000000005,-0.016434269999999973,-0.017001950000000023,-0.017389740000000063,0.0005844599999999863,0.0003643600000000102,0.00017016000000000253,48.32845149,50.50661888,-75.49600495,-252.66755159,-851.4053806,-677.23985674,-704.08748737,-356.608242,-364.6724091,-1067.93976029,-752.31554797,-773.81410765,-391.26615048,21.34670889,12.02670039,3.82907541
21,2013-11-01 21:00:00,0.010525199206447108,5.417856541127582e-09,0.00056975631874995,-0.0009864140100439252,0.009486915000000002,0.004738849340829141,2.312815535785225e-06,0.004743457500000001,58.58610574635,77.64586825364998,0.0482688098727397,68.11598699999999,0.00273563,77.64989007396782,13.636222000696648,-42.50535479712748,-169.0729398126107,-327.7303498133763,-345.20676360402143,-355.08823104479876,-360.30936489540045,-380.0872294312458,-374.76207576498706,-395.3439829791139,-411.4722039624512,-418.38092147401886,7.751469751161538,2.168054797113634,0.5291654502731707,0.0,-6.551716935939395e-07,0.003996552391875825,0.0,3.5858331145010654e-06,0.003994292993489019,0.0,-8.847108102776913e-06,0.00399959411471442,0.0,-2.1202701994350227e-05,0.004004156956594766,0.0,4.040085498243062e-05,0.003987997448694823,3.47468025e-05,7.426384548324237e-05,0.01197992016552647,0.0,-2.980606890908981e-05,0.004009840758657998,0.0,-5.895022826241224e-06,0.0040110923418381845,0.0005350095162499499,-0.0010423193959581117,0.013052609059315221,0.0,3.830002638349307e-06,0.003996782702589003,-8.270415159150883,0.7426081913305401,0.726013076940333,0.7122062877676526,0.6595509802033495,-0.8620990461200542,0.4230560876697811,3.6955838140761417,0.3230704425519718,-0.8626547711751336,-0.8626988656827421,0.20707600967879985,4.297735031423347,0.7274107162897588,-0.8627422284323196,-0.8629352728764877,406,-130.65595375,22500.0,0.0,0.0,1.0,-0.09242453,0.00097821,0.98894057,-0.08110211,-0.0298724,0.98721541,-0.07583874,-0.03099723,1.00029084,-0.06881277,-0.03034301,1.02376073,-0.02225802,-0.00593589,1.02283639,-0.0145344,-0.00385354,1.02211478,-0.00660391,-0.00124273,1.02185253,-0.00299599,-0.00163373,1.02506664,-0.03498479,-0.02127701,1.02557508,-0.02101155,-0.01424251,1.02462383,-0.01375659,-0.00919639,1.02456966,-0.00627258,-0.00307783,1.02429909,-0.00564406,0.02813111,0.97260838,-0.00253262,0.01990048,0.96262175,-0.00029014,0.0072976,0.96002687,0.0,0.01050129,0.0076425,0.0068196,0.00596978,0.00159869,0.00101663,0.00048879,0.00065257,0.00365933,0.00239742,0.00177266,0.00113765,0.00208341,0.00136451,0.00066089,0.0,0.002048000000000022,-0.0006226599999999867,-0.0030688399999999894,-0.008620889999999933,-0.014859140000000003,-0.015509260000000032,-0.015849170000000017,-0.016719439999999974,-0.01521709999999999,-0.017058460000000025,-0.017848869999999975,-0.018429659999999983,0.0004757100000000042,0.0002648499999999925,6.925999999999384e-05,46.08204505,42.77696469,-83.05854765,-263.01695892,-870.68369641,-683.28842921,-705.56719165,-356.60525951,-376.1880144,-1102.39013294,-785.42001515,-816.27286085,-414.66475423,16.66013172,7.51463967,1.55708835
22,2013-11-01 22:00:00,0.08374972936194852,4.905832676217849e-09,0.00048723429249989997,-0.07515802537770792,0.007848285,0.003919830316509077,2.164266597860934e-06,0.0039241425,17.600978767250012,36.660741274549984,0.04515578074335401,27.1308600209,0.00273563,36.69267502466465,-21.329582753837744,-73.18860941933175,-195.28900070824588,-349.1731375817546,-367.1266538276289,-377.16937371009317,-382.49602388075834,-394.4089872095037,-390.3321617322728,-405.92396606049107,-416.4293436005968,-418.38094048737787,-25.500450746689477,-30.251507970224814,-31.599217111936685,0.0,-0.009995823374954632,0.013992372820483316,0.0,-0.009992534212389766,0.013986822432622737,0.0,-0.009994188331911517,0.013993779230002034,0.0,-0.009994678635977503,0.013998833177250154,0.0,-0.0031773077339020007,0.007165299948581248,4.0513166249999996e-05,-0.008622526430126946,0.020602434961990296,0.0,-0.0024630978425790122,0.006472939259022113,0.0,-0.002524857326299511,0.00653595326471004,0.0004467211262499,-0.008396211779204988,0.021448818225203167,0.0,-0.00999673028549795,0.013993510832309528,-5.197413736277414,0.3566363878956531,0.34016196167854196,0.326294478435798,0.27362118030373833,-0.8812939603634028,0.2872738628026313,3.3614884855936134,0.21349448912653748,-0.881851425604092,-0.8818962034845612,0.09523393558751819,3.9868486495491267,0.34140563588102946,-0.881940595068517,-0.882142070818791,406,-130.65595375,22500.0,0.0,0.0,1.0,-0.06162194,0.0009422,0.98889706,-0.06805944,-0.03000627,0.98720623,-0.06958557,-0.03115636,0.99923925,-0.06522843,-0.03052463,1.02181272,-0.02192648,-0.00601956,1.02086835,-0.01404369,-0.00392258,1.02012123,-0.0066997,-0.00128556,1.01987056,-0.00274851,-0.0016673,1.02315589,-0.03491247,-0.02140495,1.0236706,-0.02101885,-0.01434576,1.02271811,-0.01363914,-0.00927467,1.0226524,-0.00629134,-0.00312303,1.02237793,0.00102524,0.02817118,0.97253463,-0.002771,0.0199179,0.96259891,-0.00039182,0.00728644,0.96002419,0.0,0.08371297,0.06088015,0.05014064,0.03940777,0.01329851,0.01279045,0.00910051,0.00297585,0.01551778,0.0120372,0.0115189,0.00847147,0.01209804,0.00138465,0.00063861,0.0,0.00036099999999990307,-0.0020815699999999944,-0.004332159999999929,-0.009683400000000017,-0.01582088,-0.016485960000000032,-0.016831689999999996,-0.017384449999999982,-0.016045740000000003,-0.017640769999999972,-0.018196140000000034,-0.018540199999999986,-0.00104023000000001,-0.0011900999999999993,-0.001364349999999992,8.12223891,-62.11924903,-144.30520554,-315.35030874,-934.87519109,-726.90585534,-749.6497814,-378.71749537,-391.1499942,-1149.09423412,-806.33450602,-826.56662494,-417.15283937,-50.18467119,-57.47894134,-30.69804528
23,2013-11-01 23:00:00,0.014236689052636996,5.147501014550797e-09,0.0005875416774999,-0.0078093463556368915,0.005696002499999999,0.0028434767270390554,2.270838876688115e-06,0.0028480012499999996,44.24228878815001,63.30205129544999,0.08349477182394127,53.7721700418,0.00273563,63.30748743586347,2.280790098867528,-54.951787982506865,-182.88505064889682,-342.7155031505834,-363.82315960766203,-377.16934566614714,-382.49602183365556,-394.40899261740293,-387.6366962508406,-404.5704660273181,-416.4293547382888,-418.3809365796694,-0.43211398780668364,-4.921693364415771,-6.191986433058199,0.0,0.003992366923805008,0.010000002948338846,0.0,0.003986812885616525,0.010000004773503055,0.0,0.003993772794976793,0.010000003217512397,0.0,0.003998828343171411,0.010000002417038868,0.0,-0.002834710524199158,0.01000000523638854,0.00020605399249995,-0.009397588306169512,0.030000011634079355,0.0,-0.003527059425604161,0.009999999342313031,0.0,-0.0034640395428284067,0.00999999640376795,0.00038148768499995,-0.00855118700363758,0.03000000261442426,0.0,0.003993506519529568,0.010000002156389843,-4.296125048824658,0.5853431329835691,0.5685170945636222,0.5550902256952582,0.5027369816170107,-0.9053295115717569,0.08377548812735669,2.755555568734443,-0.03383475492566823,-0.9058880359463819,-0.9059342648591746,-0.14810567802765187,3.445605538799466,0.5701845259109599,-0.9059807095301058,-0.9061947056849375,406,-130.65595375,22500.0,0.0,0.0,1.0,-0.09300648,0.00094441,0.98889749,-0.07667555,-0.02988106,0.98708298,-0.06992102,-0.03100503,0.99905059,-0.06570348,-0.03037441,1.02164106,-0.0220136,-0.00601925,1.0206675,-0.01398702,-0.0039446,1.01990085,-0.00671145,-0.00131836,1.01965452,-0.00269132,-0.00168268,1.02298806,-0.03505274,-0.02133033,1.02348963,-0.02107254,-0.01434544,1.02250315,-0.01354824,-0.00929647,1.02240551,-0.00629281,-0.00315558,1.02212032,-0.00758746,0.02808836,0.97257847,-0.00304389,0.01986206,0.96275049,-0.00052958,0.00724555,0.96021453,0.0,0.01419751,0.01995821,0.02331212,0.02667227,0.01314565,0.01277268,0.00956647,0.00389818,0.01704158,0.01277119,0.01239252,0.00854824,-0.00237508,0.00105533,0.00047878,0.0,0.001476889999999972,-0.0011518200000000265,-0.0036662599999999525,-0.009281829999999925,-0.015604419999999985,-0.016412990000000037,-0.016832020000000024,-0.017324569999999997,-0.01584622000000002,-0.017551639999999973,-0.018167459999999993,-0.018540339999999995,4.1679999999994465e-05,-6.367000000000991e-05,-0.00023539999999999754,33.23278858,8.25264322,-108.40812636,-291.33129518,-916.48732401,-720.39182025,-748.01236957,-378.71892896,-389.80000326,-1141.25586964,-803.68084772,-825.92896808,-417.16104322,-0.49844737,-6.72850077,-5.29638363
