,Timestep,P Feed In,P Feed Out,P DER,P Local Gen,P Local Dem,Q Feed In,Q Feed Out,Q Local Dem,FT,GT,Surplus,Spot,Rel Surplus,PI,Shadow Price 0,Shadow Price 1,Shadow Price 2,Shadow Price 3,Shadow Price 4,Shadow Price 5,Shadow Price 6,Shadow Price 7,Shadow Price 8,Shadow Price 9,Shadow Price 10,Shadow Price 11,Shadow Price 12,Shadow Price 13,Shadow Price 14,Shadow Price 15,DER1,gP1,B1,DER2,gP2,B2,DER3,gP3,B3,DER4,gP4,B4,DER6,gP6,B6,DER7,gP7,B7,DER8,gP8,B8,DER11,gP11,B11,DER12,gP12,B12,DER13,gP13,B13,Alpha0,Alpha1,Alpha2,Alpha3,Alpha4,Alpha5,Alpha6,Alpha7,Alpha8,Alpha9,Alpha10,Alpha11,Alpha12,Alpha13,Alpha14,Alpha15,Balance N0,Balance N1,Balance N2,Balance N3,Balance N4,Balance N5,Balance N6,Balance N7,Balance N8,Balance N9,Balance N10,Balance N11,Balance N12,Balance N13,Balance N14,Balance N15,Num ITS,BEST OF,Pen Factor,BEST P0,BEST Q0,BEST U0,BEST A0,BEST P1,BEST Q1,BEST U1,BEST A1,BEST P2,BEST Q2,BEST U2,BEST A2,BEST P3,BEST Q3,BEST U3,BEST A3,BEST P4,BEST Q4,BEST U4,BEST A4,BEST P5,BEST Q5,BEST U5,BEST A5,BEST P6,BEST Q6,BEST U6,BEST A6,BEST P7,BEST Q7,BEST U7,BEST A7,BEST P8,BEST Q8,BEST U8,BEST A8,BEST P9,BEST Q9,BEST U9,BEST A9,BEST P10,BEST Q10,BEST U10,BEST A10,BEST P11,BEST Q11,BEST U11,BEST A11,BEST P12,BEST Q12,BEST U12,BEST A12,BEST P13,BEST Q13,BEST U13,BEST A13,BEST P14,BEST Q14,BEST U14,BEST A14,BEST P15,BEST Q15,BEST U15,BEST A15,Global P0,Global A0,Global P1,Global A1,Global P2,Global A2,Global P3,Global A3,Global P4,Global A4,Global P5,Global A5,Global P6,Global A6,Global P7,Global A7,Global P8,Global A8,Global P9,Global A9,Global P10,Global A10,Global P11,Global A11,Global P12,Global A12,Global P13,Global A13,Global P14,Global A14,Global P15,Global A15,Lambda P0,Lambda A0,Lambda P1,Lambda A1,Lambda P2,Lambda A2,Lambda P3,Lambda A3,Lambda P4,Lambda A4,Lambda P5,Lambda A5,Lambda P6,Lambda A6,Lambda P7,Lambda A7,Lambda P8,Lambda A8,Lambda P9,Lambda A9,Lambda P10,Lambda A10,Lambda P11,Lambda A11,Lambda P12,Lambda A12,Lambda P13,Lambda A13,Lambda P14,Lambda A14,Lambda P15,Lambda A15,Global DA0,Global DA1,Global DA2,Global DA3,Global DA4,Global DA5,Global DA6,Global DA7,Global DA8,Global DA9,Global DA10,Global DA11,Global DA12,Global DA13,Global DA14,Global DA15,Global Flex
0,2013-11-01 00:00:00,0.0,0.0,0.0067797363075,0.0,0.0020825400000000003,0.0,0.0,0.0010412700000000002,65.54750674635001,84.60726925364999,0.0,75.077388,0.001667845236575592,0.0,0.0,0.0,0.0,0.0,0.0,0.0,0.0,0.0,0.0,0.0,0.0,0.0,0.0,0.0,0.0,0.0,0.0,0.0,0.0,0.0,0.0,0.0,0.0,0.0,0.0,0.0,0.0,0.0,0.0,0.0,0.0,0.0024485786550000003,0.0,0.0,0.0,0.0,0.0,0.0,0.0,0.0,0.0043311576525,0.0,0.0,0.0,0.0,0.0,0.0911269498104668,0.09088364227695184,0.09088490347545346,0.09088645776465852,0.09088810281126863,7.661934087282722e-10,0.09088889189358221,0.09088923341686661,0.09088883088047613,9.33340613560167e-10,7.626917886635798e-10,0.09088945137726603,0.09088972461642297,0.09088380760457128,8.023631849471299e-10,8.034890320079056e-10,0.0,0.0,0.0,0.0,0.0,0.0,0.0,0.0,0.0,0.0,0.0,0.0,0.0,0.0,0.0,0.0,750,719.3920142215687,250.0,-6.772330935306569e-11,2.7647512761585572e-11,1.0000000004444503,0.06380208332865872,-0.05268112843392617,0.07705381124514377,0.9058321032312416,0.06380208332952401,-8.401097636748033e-05,-0.014108570301457839,0.8820700467073155,0.06380208333001709,-0.0385425281915064,-0.10700465806195397,0.8418131928806225,0.06380208333040494,-0.11012664296240668,-0.1573803500827271,0.8978446972348165,0.06380208333017923,-0.04462628011060088,-0.06378862602199405,0.9016609796042669,0.05963541666726606,-0.016416424127105794,-0.023597285407514438,0.9024501339153381,0.063802083330182,-0.008549449833703591,-0.011287968519207462,0.9025000000890977,0.06380208333017777,-0.01202784025292935,-0.017253175691188262,0.9025000000608044,0.06380208333041573,-0.060201072369936166,-0.08605507853841984,0.9023265188064447,0.05963541666560406,-0.016579748657087886,-0.023719503388229278,0.9009132711199446,0.05963541666464676,-0.015281019726039454,-0.021962383195523683,0.9024898540040751,0.0638020833301826,-0.01147967212937831,-0.015496055506382531,0.902500000078595,0.06380208333030857,-8.400183718161423e-05,-0.014108274159313004,0.8715577813086586,0.06380208333014753,-0.0660303741883507,-0.09966723122000135,0.9025179794028567,0.05963541666525026,-0.06549140758409969,-0.047015183094911484,0.9025000001235305,0.05963541666485185,-1.1561237220511923e-11,0.0911269498104668,-0.07087257114060339,0.09088364227695184,-0.059512633004901866,0.09088490347545346,-0.053691215266386164,0.09088645776465852,-0.0479059505320491,0.09088810281126863,-0.0175540299570038,7.661934087282722e-10,-0.017868469987254835,0.09088889189358221,-0.012203096136864312,0.09088923341686661,-0.005750158199088641,0.09088883088047613,-0.024725775486012055,9.33340613560167e-10,-0.01939212089578911,7.626917886635798e-10,-0.019724279778739674,0.09088945137726603,-0.014076589960231731,0.09088972461642297,-0.005534613271865758,0.09088380760457128,0.00029740469797229164,8.023631849471299e-10,0.0001454665568295741,8.034890320079056e-10,0.0,0.0,0.0,0.0,0.0,0.0,0.0,0.0,0.0,0.0,0.0,0.0,0.0,0.0,0.0,0.0,0.0,0.0,0.0,0.0,0.0,0.0,0.0,0.0,0.0,0.0,0.0,0.0,0.0,0.0,0.0,0.0,65.3757609976674,195.8738325085253,130.26941362802606,129.7229296544453,193.0679299629806,128.37436844458634,128.30295011589655,64.13925940361928,64.0885731144557,192.35034601204333,128.0959597979446,128.02105848732518,63.99535595665846,130.5655991090603,130.5538329880872,65.27408481594205,4.3298697960381105e-12
1,2013-11-01 01:00:00,0.0,0.0,0.006114559553749949,0.0,0.0017217487500000008,0.0,0.0,0.0008608743750000004,44.57518278815001,63.63494529544999,0.0,54.1050640418,0.002320784899130303,0.0,0.0,0.0,0.0,0.0,0.0,0.0,0.0,0.0,0.0,0.0,0.0,0.0,0.0,0.0,0.0,0.0,0.0,0.0,0.0,0.0,0.0,0.0,0.0,0.0,0.0,0.0,0.0,0.0,0.0,0.0,0.0,0.00207483727624995,0.0,0.0,0.0,0.0,0.0,0.0,0.0,0.0,0.0040397222774999995,0.0,0.0,0.0,0.0,0.0,0.09107977324967162,0.09084192528853313,0.09084194562676712,0.09084403576863732,0.09084704319899072,7.66192469712701e-10,0.0908476461706703,0.09107977522832683,0.09084798350822818,9.333396744246083e-10,7.626908496451495e-10,0.09084856133660713,0.09107977519652546,0.09084153135503134,8.023622459205238e-10,8.03488093984437e-10,0.0,0.0,0.0,0.0,0.0,0.0,0.0,0.0,0.0,0.0,0.0,0.0,0.0,0.0,0.0,0.0,750,719.3920142215687,250.0,-6.729873242005173e-11,2.7605937386541823e-11,1.0000000004444503,0.06380208332890369,-0.052349359284745656,0.07705188099492175,0.9058314757145066,0.06380208332961933,-8.405332718686468e-05,-0.014109450943919966,0.8820690736507215,0.06380208333002677,-0.03854305269035583,-0.10700445090020969,0.8418121541928705,0.06380208333034729,-0.1101263613070411,-0.15737895170256455,0.8978440671074064,0.06380208333016078,-0.04463071969488681,-0.06378948079700682,0.9016607988758447,0.05963541666724495,-0.0164112612944915,-0.023597270142489718,0.9024498680873435,0.06380208333016309,-0.008542747585191364,-0.01129097057665582,0.9025000000891681,0.06380208333015958,-0.012025263602847844,-0.01725716305636637,0.9025000000608033,0.06380208333035631,-0.060203485096942844,-0.0860548989912733,0.9023256815622216,0.059635416665582947,-0.01658173600783562,-0.023720481212040286,0.9009130231599982,0.05963541666462564,-0.015275857075760766,-0.021962371693272205,0.9024897341068627,0.06380208333016357,-0.011475987523971967,-0.015499053545497044,0.902500000078595,0.06380208333026875,-8.4044190932132e-05,-0.014109154802251424,0.8715554083002929,0.06380208333013458,-0.06603515355244297,-0.09966688131243648,0.9025148645717307,0.059635416665229146,-0.0654970508188106,-0.04701792414845568,0.90250000012353,0.059635416664830736,-1.0615302585243696e-11,0.09107977324967162,-0.00024869691283105924,0.09084192528853313,-0.0028117091721020556,0.09084194562676712,-0.003362349986462539,0.09084403576863732,-0.0037786486089256594,0.09084704319899072,-0.0007889685668786835,7.66192469712701e-10,-0.000825376538768716,0.0908476461706703,-0.00082289002403065,0.09107977522832683,5.884364695965075e-05,0.09084798350822818,-0.003142899799232554,9.333396744246083e-10,-0.0031762139354589106,7.626908496451495e-10,-0.0031605835909704737,0.09084856133660713,-0.0031169104856062745,0.09107977519652546,0.0017142096101000364,0.09084153135503134,0.0010763001614101212,8.023622459205238e-10,0.0004025099359675704,8.03488093984437e-10,0.0,0.0,0.0,0.0,0.0,0.0,0.0,0.0,0.0,0.0,0.0,0.0,0.0,0.0,0.0,0.0,0.0,0.0,0.0,0.0,0.0,0.0,0.0,0.0,0.0,0.0,0.0,0.0,0.0,0.0,0.0,0.0,55.57069071531601,166.76045009681567,111.35935610540353,112.26755320126313,171.81536415721718,115.3897497312905,115.57690551291921,57.829162016724666,57.834762961287225,173.32969935435045,115.78173998373235,115.9213534256508,57.996553900620015,111.09017101351738,111.02944166741604,55.501865143498556,-6.2450045135165055e-12
2,2013-11-01 02:00:00,0.0,0.0,0.0051794656812498,0.0,0.0015639637500000005,0.0,0.0,0.0007819818750000003,26.69681874635001,45.75658125364999,0.0,36.2267,0.0004238236900303118,0.0,0.0,0.0,0.0,0.0,0.0,0.0,0.0,0.0,0.0,0.0,0.0,0.0,0.0,0.0,0.0,0.0,0.0,0.0,0.0,0.0,0.0,0.0,0.0,0.0,0.0,0.0,0.0,0.0,0.0,0.0,0.0,0.0017848978787499,0.0,0.0,0.0,0.0,0.0,0.0,0.0,0.0,0.0033945678024999,0.0,0.0,0.0,0.0,0.0,0.09096575880197247,0.09094291343987304,0.09094426513945465,0.09094529505613634,0.09094619113776371,7.661846746564588e-10,0.09094644268683721,0.09073566949000841,0.09094660656874548,9.333318788515168e-10,7.626830545715204e-10,0.09094668781541806,0.09073674609940015,0.09094341969241879,8.023544508082762e-10,8.034803032384119e-10,0.0,0.0,0.0,0.0,0.0,0.0,0.0,0.0,0.0,0.0,0.0,0.0,0.0,0.0,0.0,0.0,750,719.3920142215687,250.0,-6.639299199594821e-11,2.7581711046813423e-11,1.0000000004444503,0.06380208332901081,-0.051882168657340334,0.07705103680009943,0.905831201282319,0.06380208332966078,-8.40718678131645e-05,-0.014109836075696804,0.8820686481035493,0.0638020833300309,-0.038543282115604226,-0.10700436030214902,0.8418116999429337,0.06380208333032208,-0.11012623813097613,-0.15737834014907534,0.897843791533502,0.0638020833301527,-0.044632661260521886,-0.06378985461648255,0.9016607198379873,0.0596354166672357,-0.016409003425247048,-0.023597263466660953,0.9024499527401579,0.06380208333015482,-0.00853773239092785,-0.011292283467818074,0.9025000000892297,0.06380208333015161,-0.012024136754646765,-0.01725890685257738,0.902500000060803,0.0638020833303303,-0.060204540256170544,-0.08605482047017313,0.9023253154098739,0.05963541666557371,-0.016582605136834183,-0.02372090884416857,0.9009129147196946,0.05963541666461641,-0.015273599288879834,-0.02196236666297541,0.9024897940077583,0.06380208333015523,-0.011468922952174351,-0.015500364679282487,0.9025000000785952,0.06380208333025168,-8.406276710547222e-05,-0.014109539934238101,0.8715543705114746,0.06380208333012889,-0.06603724372626323,-0.09966672828721325,0.9025135023612303,0.05963541666521991,-0.0654995187771905,-0.04701912289463764,0.9025000001235299,0.0596354166648215,-8.402758616048092e-12,0.09096575880197247,0.09670573715662206,0.09094291343987304,0.07676814599672496,0.09094426513945465,0.06675613900903424,0.09094529505613634,0.0567088563151628,0.09094619113776371,0.018731826000218416,7.661846746564588e-10,0.018534393760305315,0.09094644268683721,0.008351961306933216,0.09073566949000841,0.01016495961242259,0.09094660656874548,0.027784720711769087,9.333318788515168e-10,0.017310789598034934,7.626830545715204e-10,0.017048077637026163,0.09094668781541806,0.006785351175790315,0.09073674609940015,0.009950427673330625,0.09094341969241879,-2.6721642152095374e-05,8.023544508082762e-10,2.0257144170424133e-05,8.034803032384119e-10,0.0,0.0,0.0,0.0,0.0,0.0,0.0,0.0,0.0,0.0,0.0,0.0,0.0,0.0,0.0,0.0,0.0,0.0,0.0,0.0,0.0,0.0,0.0,0.0,0.0,0.0,0.0,0.0,0.0,0.0,0.0,0.0,45.872951399582654,137.59358504759555,91.58767760568168,91.16751980947843,135.32780011682968,89.8980631296388,89.84805056553203,44.91530755775054,44.86043435441861,134.66037927442594,89.66469448148324,89.60731482555558,44.791140311282525,91.8191829621926,91.88558143316787,45.95581928060973,9.270362255620057e-12
3,2013-11-01 03:00:00,0.0,0.0,0.0042044783924998505,0.0,0.0014715899999999998,0.0,0.0,0.0007357949999999999,28.42003278815001,47.47979529544999,0.0,37.9499140418,0.006668035499823094,0.0,0.0,0.0,0.0,0.0,0.0,0.0,0.0,0.0,0.0,0.0,0.0,0.0,0.0,0.0,0.0,0.0,0.0,0.0,0.0,0.0,0.0,0.0,0.0,0.0,0.0,0.0,0.0,0.0,0.0,0.0,0.0,0.0018079366862499,0.0,0.0,0.0,0.0,0.0,0.0,0.0,0.0,0.0023965417062499503,0.0,0.0,0.0,0.0,0.0,0.09109160297115991,0.09088718128550041,0.0908877668924897,0.09088955531978533,0.0908920574108312,7.66192852157187e-10,0.09089256107724872,0.09089283563271044,0.0908927731112595,9.333400568974474e-10,7.62691232087971e-10,0.09089314435732376,0.09089329347527837,0.09088722439439964,8.023626283688667e-10,8.034884764226323e-10,0.0,0.0,0.0,0.0,0.0,0.0,0.0,0.0,0.0,0.0,0.0,0.0,0.0,0.0,0.0,0.0,750,719.3920142215687,250.0,-6.604325311547065e-11,2.756511746908787e-11,1.0000000004444505,0.06380208332907357,-0.05139488629740073,0.07705054255883334,0.9058310406185528,0.06380208332968491,-8.408274571700743e-05,-0.01411006154750269,0.8820683989714168,0.0638020833300333,-0.038543416485627355,-0.10700430726180293,0.8418114340375236,0.06380208333030736,-0.11012616603332763,-0.15737798203249365,0.8978436302013408,0.06380208333014802,-0.04463379793437647,-0.06379007342171694,0.9016606735662406,0.05963541666723033,-0.016407681570332205,-0.023597259558397247,0.9024496961071589,0.06380208333015003,-0.008537972566268849,-0.011293052087692775,0.902500000089235,0.06380208333014699,-0.012023477052172457,-0.017259927741731348,0.902500000060803,0.06380208333031512,-0.06020515799169786,-0.08605477445685439,0.9023251010493953,0.05963541666556833,-0.016583113960263348,-0.023721159197391175,0.9009128512344953,0.05963541666461103,-0.015272277485392121,-0.021962363718020787,0.902489963680408,0.06380208333015037,-0.011458252882101512,-0.015501132270259002,0.9025000000785952,0.06380208333024162,-8.407370772560983e-05,-0.014109765406168595,0.8715537629477337,0.06380208333012558,-0.06603846741406925,-0.09966663870004208,0.902512704867855,0.05963541666521453,-0.06550096362030239,-0.047019824689359245,0.9025000001235297,0.05963541666481612,-8.382540012796177e-12,0.09109160297115991,0.03979002884384375,0.09088718128550041,0.03505518543230004,0.0908877668924897,0.032814821965368494,0.09088955531978533,0.030433937455696444,0.0908920574108312,0.012165788348324668,7.66192852157187e-10,0.011399451683256914,0.09089256107724872,0.008626090038573292,0.09089283563271044,0.002443708803506678,0.0908927731112595,0.01532380287138218,9.333400568974474e-10,0.011731619666025213,7.62691232087971e-10,0.010901584525015565,0.09089314435732376,0.008067819571671356,0.09089329347527837,0.002523206542036917,0.09088722439439964,0.00034498858490784466,8.023626283688667e-10,0.00014840284758900019,8.034884764226323e-10,0.0,0.0,0.0,0.0,0.0,0.0,0.0,0.0,0.0,0.0,0.0,0.0,0.0,0.0,0.0,0.0,0.0,0.0,0.0,0.0,0.0,0.0,0.0,0.0,0.0,0.0,0.0,0.0,0.0,0.0,0.0,0.0,47.419142993851715,141.9204642967123,94.20953574487298,93.44014516809848,137.9182887289031,91.44382617879144,91.34640813327245,45.6565393621538,45.580727223109015,136.867632512072,91.0578170001471,90.95838935999944,45.45859091705019,94.58022986478352,94.55985017955771,47.276106451395236,1.1657341758564144e-12
4,2013-11-01 04:00:00,0.0,0.0,0.00376233025874985,0.0,0.0014649750000000003,0.0,0.0,0.0007324875000000002,43.95835272545001,63.01811523274999,0.0,53.4882339791,0.001981937100865126,0.0,0.0,0.0,0.0,0.0,0.0,0.0,0.0,0.0,0.0,0.0,0.0,0.0,0.0,0.0,0.0,0.0,0.0,0.0,0.0,0.0,0.0,0.0,0.0,0.0,0.0,0.0,0.0,0.0,0.0,0.0,0.0,0.0017726700324999,0.0,0.0,0.0,0.0,0.0,0.0,0.0,0.0,0.00198966022624995,0.0,0.0,0.0,0.0,0.0,0.09091585272011352,0.09090806908918299,0.09090809578215264,0.09090826936791725,0.09090841883720653,7.66182176747305e-10,0.09090855576528879,0.09090867212049764,0.0909085195765436,9.33329380844058e-10,7.626805566564138e-10,0.09090867600881414,0.09090883974276676,0.09090802691755731,8.023519528905876e-10,8.03477806430791e-10,0.0,0.0,0.0,0.0,0.0,0.0,0.0,0.0,0.0,0.0,0.0,0.0,0.0,0.0,0.0,0.0,750,719.3920142215687,250.0,-6.580665170043618e-11,2.756384912738451e-11,1.0000000004444505,0.06380208332907805,-0.05117382728008638,0.07705050716506594,0.9058310291131919,0.06380208332968622,-8.40835738366693e-05,-0.014110077693853015,0.8820683811319834,0.06380208333003329,-0.0385434262230535,-0.1070043034618309,0.8418114150745226,0.06380208333030629,-0.11012616090720356,-0.15737795616206401,0.8978436186481409,0.06380208333014767,-0.044633879339072556,-0.06379008897886201,0.9016606702531373,0.05963541666722993,-0.016407586896977043,-0.023597259278601623,0.9024497363641049,0.06380208333014968,-0.00853738153501723,-0.011293107129603564,0.9025000000892424,0.06380208333014664,-0.012023429811203799,-0.01726000084888284,0.9025000000608038,0.06380208333031401,-0.06020520223456967,-0.08605477105001062,0.9023250856986932,0.05963541666556793,-0.01658315039774675,-0.02372117712549921,0.9009128466885774,0.05963541666461063,-0.015272182822445522,-0.02196236350709848,0.9024900486122142,0.06380208333015001,-0.011453955717391549,-0.015501187238380327,0.9025000000785953,0.06380208333024164,-8.407462820189486e-05,-0.014109781552531855,0.8715537194393329,0.06380208333012527,-0.06603855507560036,-0.09966663228461786,0.9025126477583549,0.05963541666521413,-0.06550106708732825,-0.04701987494575865,0.9025000001235297,0.05963541666481572,-1.0666350205474288e-11,0.09091585272011352,-0.00022634134958039807,0.09090806908918299,-0.000982517923779075,0.09090809578215264,-0.0005340218902484117,0.09090826936791725,-0.0002437179489278309,0.09090841883720653,-0.001165115292734751,7.66182176747305e-10,-0.0011747892615006773,0.09090855576528879,-0.0011512717757745598,0.09090867212049764,-3.1481961831171315e-05,0.0909085195765436,0.0008696386396521176,9.33329380844058e-10,0.0009574241798407457,7.626805566564138e-10,0.0009954438651371053,0.09090867600881414,0.001057174813157581,0.09090883974276676,0.0007741701874292145,0.09090802691755731,0.0009618131384646452,8.023519528905876e-10,0.0003562472280852206,8.03477806430791e-10,0.0,0.0,0.0,0.0,0.0,0.0,0.0,0.0,0.0,0.0,0.0,0.0,0.0,0.0,0.0,0.0,0.0,0.0,0.0,0.0,0.0,0.0,0.0,0.0,0.0,0.0,0.0,0.0,0.0,0.0,0.0,0.0,55.67797432247068,167.07961564729675,111.55916892938771,112.42561474494327,171.914919974474,115.41840670597891,115.5915281197452,57.8332280275735,57.84627395654026,173.36993796659317,115.79612581145278,115.92641538867397,57.996694317293695,111.30679661863755,111.24946214284216,55.61319857389878,-1.2378986724570495e-11
5,2013-11-01 05:00:00,0.0,0.0,0.0044438281074999,0.0,0.0017521949999999994,0.0,0.0,0.0008760974999999997,49.16716472545001,68.22692723274999,0.0,58.6970459791,0.0019705005090952846,0.0,0.0,0.0,0.0,0.0,0.0,0.0,0.0,0.0,0.0,0.0,0.0,0.0,0.0,0.0,0.0,0.0,0.0,0.0,0.0,0.0,0.0,0.0,0.0,0.0,0.0,0.0,0.0,0.0,0.0,0.0,0.0,0.00202044190624995,0.0,0.0,0.0,0.0,0.0,0.0,0.0,0.0,0.00242338620124995,0.0,0.0,0.0,0.0,0.0,0.09108077360259735,0.09084502591967895,0.09084557125847573,0.09084600650880041,0.09084644535436905,7.661932836700429e-10,0.09084675696391634,0.09107504949461663,0.09084667698497242,9.333404884244237e-10,7.626916636042249e-10,0.09084702981536416,0.09107554428411846,0.09084511574107533,8.023630598813503e-10,8.034889075218698e-10,0.0,0.0,0.0,0.0,0.0,0.0,0.0,0.0,0.0,0.0,0.0,0.0,0.0,0.0,0.0,0.0,750,719.3920142215687,250.0,-6.624026429750823e-11,2.761010905984744e-11,1.0000000004444503,0.06380208332888282,-0.05151392379972035,0.07705204388780976,0.9058315286689358,0.0638020833296093,-8.404993513085306e-05,-0.014109376628874279,0.8820691557690509,0.06380208333002503,-0.038543008854408534,-0.1070044683756119,0.8418122421013307,0.06380208333035195,-0.11012638519531345,-0.15737906897517293,0.8978441202822396,0.06380208333016214,-0.04463034506962981,-0.06378940830143846,0.9016608141288067,0.05963541666724653,-0.016411696922213656,-0.02359727143096071,0.9024500270184866,0.0638020833301646,-0.00854189726159173,-0.011290717240998593,0.9025000000892053,0.06380208333016092,-0.012025481043101797,-0.017256826572825793,0.9025000000608064,0.06380208333036112,-0.06020328151298318,-0.08605491377950428,0.9023257522148866,0.059635416665584536,-0.016581568300393628,-0.02372039869599225,0.9009130440859479,0.05963541666462723,-0.015276292712948836,-0.021962372663804942,0.9024901002908947,0.06380208333016495,-0.011459013716268607,-0.015498800548537951,0.9025000000785953,0.06380208333027763,-8.404112329880517e-05,-0.014109080487179793,0.8715556085523942,0.06380208333013529,-0.06603475035132739,-0.0996669108403338,0.9025151274243558,0.059635416665230735,-0.06549657460067941,-0.047017692837963865,0.90250000012353,0.059635416664832325,-1.0463290791689216e-11,0.09108077360259735,-0.00022627604866370273,0.09084502591967895,-0.0041702084968246855,0.09084557125847573,-0.005627992442548342,0.09084600650880041,-0.006676705036446262,0.09084644535436905,-0.003768869194921174,7.661932836700429e-10,-0.0037978882144151264,0.09084675696391634,-0.003795213978743917,0.09107504949461663,0.00012968514941289426,0.09084667698497242,-0.003102530964490648,9.333404884244237e-10,-0.0031960882578617044,7.626916636042249e-10,-0.0031775292841162905,0.09084702981536416,-0.0031357623383068385,0.09107554428411846,0.00237154467647022,0.09084511574107533,0.0010105355155046458,8.023630598813503e-10,0.0003818778493578165,8.034889075218698e-10,0.0,0.0,0.0,0.0,0.0,0.0,0.0,0.0,0.0,0.0,0.0,0.0,0.0,0.0,0.0,0.0,0.0,0.0,0.0,0.0,0.0,0.0,0.0,0.0,0.0,0.0,0.0,0.0,0.0,0.0,0.0,0.0,55.67621255506944,167.0736364486094,111.55731930283932,112.42738403244863,171.91750575624758,115.42042047454952,115.59472529643683,57.83508145294418,57.84599806619442,173.37094144397204,115.79875075801618,115.93090707582161,57.999362060791356,111.30541242030894,111.25129395498688,55.61437866742774,-7.438494264988549e-12
6,2013-11-01 06:00:00,0.0,0.0,0.004772231704999951,0.0,0.0027591524999999997,0.0,0.0,0.0013795762499999998,66.83012578815001,85.88988829544999,0.0,76.3600070418,0.0019291560264688796,0.0,0.0,0.0,0.0,0.0,0.0,0.0,0.0,0.0,0.0,0.0,0.0,0.0,0.0,0.0,0.0,0.0,8.8992e-07,0.0,0.0,8.8992e-07,0.0,0.0,8.8992e-07,0.0,0.0,8.8992e-07,0.0,0.0,8.8992e-07,0.0,0.0,0.0019273339624999502,0.0,0.0,8.8992e-07,0.0,0.0,8.8992e-07,0.0,0.0,0.0028377783825,0.0,0.0,8.8992e-07,0.0,0.0,0.09097440766799372,0.09097441379314868,0.09097441344868773,0.09097441467850506,0.09097439858409909,7.661806884027461e-10,0.09097441233072635,0.09061530532783313,0.09097441017471787,9.333278923887725e-10,7.626790683171086e-10,0.09097441700104764,0.09061499912028878,0.09097440380100075,8.02350464527253e-10,8.034763180641272e-10,0.0,0.0,0.0,0.0,0.0,0.0,0.0,0.0,0.0,0.0,0.0,0.0,0.0,0.0,0.0,0.0,750,719.3920142215687,250.0,-6.644992706069234e-11,2.76960713972764e-11,1.0000000004444503,0.06380208332819842,-0.051675869192468284,0.0770574309888068,0.9058332800052797,0.06380208332933965,-8.393346713802673e-05,-0.01410691877025956,0.8820718620544896,0.06380208332999629,-0.038541568750712706,-0.10700504534572768,0.841815127830881,0.06380208333051231,-0.11012716759265992,-0.15738296663257995,0.897845878948838,0.06380208333021295,-0.044617897274545154,-0.06378702066275127,0.9016613174216672,0.05963541666730478,-0.016426138121316623,-0.023597314007361675,0.9024525735791973,0.06380208333021688,-0.00854185074883984,-0.011282338561313382,0.9025000000892354,0.06380208333021103,-0.012032728943063419,-0.017245697956841905,0.9025000000608114,0.06380208333052631,-0.06019649061545024,-0.08605541290277624,0.9023280849950396,0.05963541666564278,-0.01657602166438016,-0.02371766961921933,0.9009137346021673,0.05963541666468548,-0.015290733384940292,-0.021962404713271447,0.9024905214997987,0.06380208333021734,-0.011465062510681717,-0.015490433058797009,0.9025000000785955,0.06380208333040296,-8.392485136779091e-05,-0.014106622627244346,0.8715622315471909,0.06380208333017048,-0.06602137940559163,-0.09966788741440027,0.9025238208241086,0.05963541666528898,-0.06548082450275877,-0.047010042640171744,0.9025000001235314,0.05963541666489057,-1.182171023327329e-11,0.09097440766799372,-0.03593396696389115,0.09097441379314868,-0.03269199392055439,0.09097441344868773,-0.030890070403412413,0.09097441467850506,-0.02913239420322841,0.09097439858409909,-0.012788020013655981,7.661806884027461e-10,-0.013190501026353697,0.09097441233072635,-0.01160994983265898,0.09061530532783313,-0.001684723515954019,0.09097441017471787,-0.014801494221326034,9.333278923887725e-10,-0.01364633381251287,7.626790683171086e-10,-0.014069737063001537,0.09097441700104764,-0.012509757002306221,0.09061499912028878,-0.0014394944566282165,0.09097440380100075,0.0003649613821015561,8.02350464527253e-10,0.00018294186112985378,8.034763180641272e-10,0.0,0.0,0.0,0.0,0.0,0.0,0.0,0.0,0.0,0.0,0.0,0.0,0.0,0.0,0.0,0.0,0.0,0.0,0.0,0.0,0.0,0.0,0.0,0.0,0.0,0.0,0.0,0.0,0.0,0.0,0.0,0.0,66.7102286775065,199.90403586621454,132.99251635057308,132.565762655881,197.75555464675062,131.59648834763033,131.53881970640097,65.75957832753937,65.72315271884301,197.23075523714127,131.37697116605645,131.3157559306054,65.64588604362025,133.25192473068253,133.2401819625333,66.61750428711213,-1.9761969838327786e-11
7,2013-11-01 07:00:00,0.0,0.0,0.004742699533749901,0.0,0.004071213749999248,0.0,0.0,0.002035606874999624,73.10616070455,92.16592321184999,0.0,82.6360419582,-0.0012771824857250764,0.0,0.0,0.0,0.0,0.0,0.0,0.0,0.0,0.0,0.0,0.0,0.0,0.0,0.0,0.0,0.0,0.0,1.3232805e-05,0.0,0.0,1.3232805e-05,0.0,0.0,1.3232805e-05,0.0,0.0,1.3232805e-05,0.0,0.0,1.3232805e-05,0.0,0.0,0.00227046559999995,0.0,0.0,1.3232805e-05,0.0,0.0,1.3232805e-05,0.0,0.0,0.00236637149374995,0.0,0.0,1.3232805e-05,0.0,0.0,0.09164646740053439,0.09083032262929877,0.09083308455869747,0.0908374724342671,0.09084244832847865,7.662212529645725e-10,0.09084393526609366,0.09082266199344757,0.09084441307520472,9.333684594379008e-10,7.627196329733531e-10,0.09084528172571156,0.09082315619130725,0.09083075232480364,8.02391029344389e-10,8.035168605701675e-10,0.0,0.0,0.0,0.0,0.0,0.0,0.0,0.0,0.0,0.0,0.0,0.0,0.0,0.0,0.0,0.0,750,719.3920142215687,250.0,-6.643116634043006e-11,2.774331650849765e-11,1.00000000044445,0.06380208332730661,-0.05165854439605205,0.07706445010095168,0.9058355614375397,0.0638020833289858,-8.380201921661393e-05,-0.014103716038708684,0.8820752690691098,0.06380208332995829,-0.038539987488098525,-0.1070057819954536,0.8418187196294971,0.06380208333072171,-0.11012813960927252,-0.15738798652323896,0.897848170483784,0.0638020833302791,-0.04460096076659764,-0.06378388773296827,0.9016619591877992,0.05963541666738064,-0.01644535608244476,-0.023597369132244285,0.9024551540567931,0.06380208333028499,-0.008549040791681967,-0.011271420826095228,0.90250000008921,0.06380208333027629,-0.0120428834889567,-0.017231197418538846,0.9025000000608161,0.06380208333074157,-0.060186925020448104,-0.08605604141129006,0.9023310750474713,0.05963541666571864,-0.016568794421739592,-0.02371411364403453,0.9009146150732668,0.05963541666476133,-0.015309950231614475,-0.021962445808835176,0.9024912897865875,0.06380208333028557,-0.011461889342581058,-0.015479529591246663,0.9025000000785957,0.06380208333056903,-8.379362993870848e-05,-0.014103419893972,0.8715708612806521,0.06380208333021618,-0.06600355550071947,-0.09966915979247166,0.9025351482862375,0.059635416665364836,-0.06546030219355972,-0.047000074465668035,0.9025000001235328,0.059635416664966426,-1.24506355270674e-11,0.09164646740053439,-0.1016315676082856,0.09083032262929877,-0.08270067449237188,0.09083308455869747,-0.07296729206906075,0.0908374724342671,-0.06320640369114049,0.09084244832847865,-0.021742030930204385,7.662212529645725e-10,-0.021881535555913142,0.09084393526609366,-0.012035859793111461,0.09082266199344757,-0.009781347751637361,0.09084441307520472,-0.031587395612337574,9.333684594379008e-10,-0.021869619533760407,7.627196329733531e-10,-0.02199633406020194,0.09084528172571156,-0.012138140684072554,0.09082315619130725,-0.009202194414229009,0.09083075232480364,0.0005216884100743627,8.02391029344389e-10,0.0002643330865406622,8.035168605701675e-10,0.0,0.0,0.0,0.0,0.0,0.0,0.0,0.0,0.0,0.0,0.0,0.0,0.0,0.0,0.0,0.0,0.0,0.0,0.0,0.0,0.0,0.0,0.0,0.0,0.0,0.0,0.0,0.0,0.0,0.0,0.0,0.0,72.97391795177431,218.9037852987497,145.91329080335564,145.80984108118443,218.3234571727561,145.4580123055835,145.4462930033047,72.7211027897379,72.70906874909873,218.1485542158217,145.4104408231244,145.40005790552237,72.69744661913226,145.9345019268503,145.9327445389166,72.96568108611827,-2.373101715136272e-11
8,2013-11-01 08:00:00,0.0,0.0,0.0037550480249999994,0.0,0.00395856375,0.0,0.0,0.001979281875,56.70623570455001,75.76599821184999,0.0,66.2361169582,-0.0032838940375888295,0.0,0.0,0.0,0.0,0.0,0.0,0.0,0.0,0.0,0.0,0.0,0.0,0.0,0.0,0.0,0.0,0.0,0.0001095102,0.0,0.0,0.0001095102,0.0,0.0,0.0001095102,0.0,0.0,0.0001095102,0.0,0.0,0.0001095102,0.0,0.0,0.0016085304112500001,0.0,0.0,0.0001095102,0.0,0.0,0.0001095102,0.0,0.0,0.00127043601375,0.0,0.0,0.0001095102,0.0,0.0,0.0909326611802251,0.09090311819632789,0.09090381804509645,0.09090587081188325,0.09090751244436632,7.661768004084354e-10,0.09090837167360016,0.09090922705983061,0.09090808843414884,9.333240043844748e-10,7.626751803176936e-10,0.09090893774485294,0.09090978175930534,0.09090260857843196,8.023465765301126e-10,8.034724304352524e-10,0.0,0.0,0.0,0.0,0.0,0.0,0.0,0.0,0.0,0.0,0.0,0.0,0.0,0.0,0.0,0.0,750,719.3920142215687,250.0,-6.580433023860612e-11,2.7740552731174594e-11,1.00000000044445,0.06380208332738349,-0.05116825670882762,0.07706384848915614,0.9058353607606903,0.06380208332901433,-8.39902838225168e-05,-0.014103989689763875,0.8820739385230578,0.06380208332996101,-0.03854269296253112,-0.10700558695140447,0.8418169476530906,0.06380208333070402,-0.11012764376582584,-0.15738704082864874,0.8978479737388605,0.06380208333027375,-0.04459617362871926,-0.0637839648584858,0.9016617820428259,0.05963541666737442,-0.016447197465250536,-0.023597361336133243,0.9024559370664731,0.06380208333027959,-0.008534507047345976,-0.011272355129796557,0.902500000089342,0.063802083330271,-0.012048196264278329,-0.01723244239520493,0.9025000000608122,0.0638020833307234,-0.06018150503609007,-0.0860557955899757,0.9023303870557691,0.059635416665712426,-0.016569414933078806,-0.023714418950364132,0.9009143717709011,0.05963541666475512,-0.015311788017522126,-0.021962436494497098,0.9024914704141966,0.06380208333027998,-0.011446695588290982,-0.01548045994724399,0.9025000000785959,0.06380208333055339,-8.39820070675202e-05,-0.014103693545190525,0.8715701203552766,0.06380208333021234,-0.0660015903357867,-0.0996690497341594,0.9025341757412371,0.059635416665358626,-0.06546206418304865,-0.04700093030594063,0.9025000001235326,0.059635416664960215,-9.461054798286148e-12,0.0909326611802251,0.00039999740426382286,0.09090311819632789,-0.009306634738974785,0.09090381804509645,-0.01213688752358788,0.09090587081188325,-0.012773404374464076,0.09090751244436632,-0.0059474879011414536,7.661768004084354e-10,-0.006042309756768463,0.09090837167360016,-0.006035527870645304,0.09090922705983061,0.00012015610611801262,0.09090808843414884,-0.007405171755822531,9.333240043844748e-10,-0.007515797573563917,7.626751803176936e-10,-0.007595230991361085,0.09090893774485294,-0.0075670330267807295,0.09090978175930534,0.0035567648373513094,0.09090260857843196,0.0002405039753756931,8.023465765301126e-10,0.0001647531258983624,8.034724304352524e-10,0.0,0.0,0.0,0.0,0.0,0.0,0.0,0.0,0.0,0.0,0.0,0.0,0.0,0.0,0.0,0.0,0.0,0.0,0.0,0.0,0.0,0.0,0.0,0.0,0.0,0.0,0.0,0.0,0.0,0.0,0.0,0.0,57.02748431835368,171.18133010635796,114.21336049545727,114.60021410942936,173.33570950052135,115.8405468353933,115.81222527228225,57.89388270973853,58.034991577710855,174.01098691629173,116.06826148796165,116.07001414774057,58.033758244770766,114.16540901408894,114.20975874560976,57.11553365941387,-3.4416913763379853e-12
9,2013-11-01 09:00:00,0.0,0.0,0.00518351073374985,0.0,0.004071592499999999,0.0,0.0,0.0020357962499999993,46.45505674635001,65.51481925364999,0.0,55.984938,-0.0026832837333982075,0.0,0.0,0.0,0.0,0.0,0.0,0.0,0.0,0.0,0.0,0.0,0.0,0.0,0.0,0.0,0.0,0.0,0.0003303435,0.0,0.0,0.0003303435,0.0,0.0,0.0003303435,0.0,0.0,0.0003303435,0.0,0.0,0.0003303435,0.0,0.0,0.00125275627249995,0.0,0.0,0.0003303435,0.0,0.0,0.0003303435,0.0,0.0,0.0012880064612499,0.0,0.0,0.0003303435,0.0,0.0,0.09096754574568795,0.09088712442050659,0.09088571016416419,0.09088629281190293,0.0908870760788929,7.661758864235905e-10,0.09088752234702387,0.09096755046283962,0.09088735068379884,9.333230904125945e-10,7.626742663323085e-10,0.09088784966021697,0.09096755033212406,0.09088842322091607,8.023456625492921e-10,8.034715165175692e-10,0.0,0.0,0.0,0.0,0.0,0.0,0.0,0.0,0.0,0.0,0.0,0.0,0.0,0.0,0.0,0.0,750,719.3920142215687,250.0,-6.670879857453539e-11,2.7743325525196335e-11,1.00000000044445,0.06380208332730719,-0.0518897603839104,0.07706445545877372,0.9058355464609325,0.06380208332897964,-8.437840206997337e-05,-0.014103710791805439,0.8820718883302026,0.06380208332995631,-0.038548358370226875,-0.10700535284982773,0.841813952416378,0.06380208333072263,-0.11012679634727228,-0.15738631151855714,0.8978481711453328,0.06380208333027998,-0.04458062294619468,-0.06378326195256886,0.9016615617716732,0.059635416667381494,-0.01645673598335286,-0.023597359168434688,0.9024567713935159,0.06380208333028631,-0.00852088497557375,-0.011271407694730666,0.9025000000894267,0.06380208333027715,-0.012063034803712517,-0.017231193232701218,0.9025000000608028,0.06380208333074248,-0.060166589327791245,-0.08605541671669706,0.9023296708966543,0.0596354166657195,-0.01656879233546643,-0.023714112617538478,0.9009140689650046,0.05963541666476219,-0.015321318082841016,-0.0219624269710746,0.9024915239769203,0.06380208333028631,-0.011439142091078937,-0.015479507594141682,0.9025000000785959,0.06380208333056687,-8.437018694232447e-05,-0.014103414647109118,0.8715708637717793,0.06380208333021627,-0.06599216261782592,-0.09966915750325787,0.9025351515561124,0.0596354166653657,-0.06546029626942741,-0.047000071588175825,0.9025000001235328,0.059635416664967286,-1.0880524677334062e-11,0.09096754574568795,9.82405562638618e-05,0.09088712442050659,0.0033655431895809034,0.09088571016416419,0.0050071821126546345,0.09088629281190293,0.005563559567805392,0.0908870760788929,0.0030129880183571347,7.661758864235905e-10,0.002910227800215829,0.09088752234702387,0.0031261174437637136,0.09096755046283962,0.0001330304639240182,0.09088735068379884,0.0018911086061770151,9.333230904125945e-10,0.0017607016834783789,7.626742663323085e-10,0.0016741675272365978,0.09088784966021697,0.0019134780864380188,0.09096755033212406,-0.001934462385703219,0.09088842322091607,0.00025455546623200006,8.023456625492921e-10,0.0001718084037716517,8.034715165175692e-10,0.0,0.0,0.0,0.0,0.0,0.0,0.0,0.0,0.0,0.0,0.0,0.0,0.0,0.0,0.0,0.0,0.0,0.0,0.0,0.0,0.0,0.0,0.0,0.0,0.0,0.0,0.0,0.0,0.0,0.0,0.0,0.0,57.06066473395093,171.2298917425972,114.2277309621714,114.61266592546153,173.33942412474428,115.83518808321332,115.8019950952955,57.88759669346179,58.034145961298265,174.0070293182875,116.06061828449839,116.05810635198725,58.02672457946345,114.18010707019567,114.22252203641216,57.12158933980284,2.7949864644938316e-11
10,2013-11-01 10:00:00,0.0,0.0,0.00734509784124995,0.0,0.004113082500000001,0.0,0.0,0.0020565412500000006,38.35789974635001,57.417662253649986,0.0,47.887781,-0.0027192512136966955,0.0,0.0,0.0,0.0,0.0,0.0,0.0,0.0,0.0,0.0,0.0,0.0,0.0,0.0,0.0,0.0,0.0,0.000549496,0.0,0.0,0.000549496,0.0,0.0,0.000549496,0.0,0.0,0.000549496,0.0,0.0,0.000549496,0.0,0.0,0.0011801358525,0.0,0.0,0.000549496,0.0,0.0,0.000549496,0.0,0.0,0.00176899398874995,0.0,0.0,0.000549496,0.0,0.0,0.0911960782922345,0.09081504563421294,0.09081864373990498,0.09082152835490587,0.09082532214811376,7.661981746590162e-10,0.09082584340568638,0.09111575212714716,0.09082654451372028,9.333453798597197e-10,7.626965546170164e-10,0.09082700071489595,0.09111614834090144,0.09081208865623783,8.023679509043582e-10,8.03493793566293e-10,0.0,0.0,0.0,0.0,0.0,0.0,0.0,0.0,0.0,0.0,0.0,0.0,0.0,0.0,0.0,0.0,750,719.3920142215687,250.0,-6.807555960289951e-11,2.7744302506763663e-11,1.0000000004444498,0.06380208332727953,-0.05297793125410208,0.07706467971259374,0.9058356078181695,0.06380208332895908,-8.477189225901611e-05,-0.014103606533155448,0.8820696631209977,0.0638020833299514,-0.03855408348503552,-0.10700507994942765,0.8418107764983652,0.06380208333072981,-0.11012590020480642,-0.15738531382486246,0.897848243608289,0.0638020833302826,-0.044566060331549556,-0.0637827318477582,0.9016613077729294,0.05963541666738443,-0.016465190501825662,-0.02359735402689146,0.9024569855736939,0.06380208333028968,-0.008511880616583003,-0.011271055569407218,0.9025000000894516,0.06380208333027974,-0.012077255640456377,-0.01723073469669081,0.9025000000607929,0.06380208333074981,-0.06015225979615083,-0.08605500555608633,0.9023287961735991,0.059635416665722425,-0.01656856379560455,-0.023714000170493865,0.9009137198890549,0.05963541666476512,-0.015329764253079506,-0.021962415266849722,0.9024914406707316,0.0638020833302888,-0.011436408433718659,-0.015479149800949065,0.9025000000785961,0.06380208333057863,-8.476379742568881e-05,-0.01410331038843226,0.8715711366612053,0.0638020833302171,-0.06598374294729262,-0.0996691959057531,0.9025355097531126,0.059635416665368625,-0.0654596473129791,-0.04699975637456805,0.902500000123533,0.059635416664970214,-1.1392112354726628e-11,0.0911960782922345,9.8192141765297e-05,0.09081504563421294,0.007930709030619744,0.09081864373990498,0.009817277032659751,0.09082152835490587,0.010540349960953245,0.09082532214811376,0.007130677907074609,7.661981746590162e-10,0.007025227290311797,0.09082584340568638,0.0074631673178728476,0.09111575212714716,-0.0007094884848265618,0.09082654451372028,0.005595538701047631,9.333453798597197e-10,0.006305200972841856,7.626965546170164e-10,0.006214823029744823,0.09082700071489595,0.006672369127786652,0.09111614834090144,-0.001630115326278727,0.09081208865623783,0.00025700340756055936,8.023679509043582e-10,0.00017311653055528743,8.03493793566293e-10,0.0,0.0,0.0,0.0,0.0,0.0,0.0,0.0,0.0,0.0,0.0,0.0,0.0,0.0,0.0,0.0,0.0,0.0,0.0,0.0,0.0,0.0,0.0,0.0,0.0,0.0,0.0,0.0,0.0,0.0,0.0,0.0,57.066419685146656,171.24109356016908,114.23404051608632,114.62240561542004,173.35103898548547,115.83745969035506,115.79952286421373,57.88521427361697,58.03526057536854,174.01121257258652,116.05926955201714,116.05319904126854,58.0233355131903,114.1819051338401,114.21987216021418,57.11966408828139,-2.0233814623793478e-11
11,2013-11-01 11:00:00,0.0,0.0,0.00699594669249975,0.0,0.004102571249999999,0.0,0.0,0.0020512856249999996,28.253587746350007,47.313350253649986,0.0,37.783469,0.0013301289013717985,0.0,0.0,0.0,0.0,0.0,0.0,0.0,0.0,0.0,0.0,0.0,0.0,0.0,0.0,0.0,0.0,0.0,0.000495516,0.0,0.0,0.000495516,0.0,0.0,0.000495516,0.0,0.0,0.000495516,0.0,0.0,0.000495516,0.0,0.0,0.0010175997962499,0.0,0.0,0.000495516,0.0,0.0,0.000495516,0.0,0.0,0.00201421889624985,0.0,0.0,0.000495516,0.0,0.0,0.09108336537028472,0.09097437517387984,0.09097767378569975,0.09098056625054161,0.09098353706590642,7.661856625898483e-10,0.09098433044274881,0.09053443413073453,0.09098487241220835,9.333328669119688e-10,7.62684042522806e-10,0.09098519043505118,0.0905367410679427,0.09097490979302628,8.023554387421967e-10,8.034812885693371e-10,0.0,0.0,0.0,0.0,0.0,0.0,0.0,0.0,0.0,0.0,0.0,0.0,0.0,0.0,0.0,0.0,750,719.3920142215687,250.0,-6.778475543772927e-11,2.7744056993000086e-11,1.0000000004444498,0.06380208332728722,-0.05280153795887633,0.07706462291530208,0.9058355921975592,0.06380208332894757,-8.467525218928393e-05,-0.014103632925638668,0.8820702104303995,0.06380208332994586,-0.03855267437024516,-0.10700514700722011,0.8418115576539782,0.06380208333072872,-0.11012612059472775,-0.1573855592241278,0.8978482252502272,0.06380208333028262,-0.04456965086166974,-0.06378286349998628,0.9016613701923697,0.05963541666738437,-0.01646310380097355,-0.023597355281394325,0.9024572186886919,0.06380208333029071,-0.008511125467641075,-0.011271144730226001,0.902500000089473,0.06380208333027977,-0.012073750771513172,-0.017230850864120316,0.9025000000607935,0.06380208333074863,-0.06015579127604833,-0.0860551070744936,0.9023290109528891,0.05963541666572237,-0.01656862169484811,-0.023714028658297873,0.9009138056721006,0.059635416664765066,-0.015327679644353994,-0.0219624181403124,0.9024913821272227,0.06380208333028851,-0.011440912121582329,-0.015479240354037301,0.9025000000785962,0.0638020833305915,-8.46675936108448e-05,-0.014103336780936684,0.8715710675262576,0.06380208333021554,-0.06598582085027875,-0.09966918616392861,0.9025354190059875,0.05963541666536857,-0.06545981172231796,-0.04699983623210086,0.9025000001235328,0.05963541666497016,-8.609238043156579e-12,0.09108336537028472,0.09811591074485655,0.09097437517387984,0.07801669492979701,0.09097767378569975,0.06824942907351109,0.09098056625054161,0.058454537574965035,0.09098353706590642,0.019596799227204767,7.661856625898483e-10,0.01918451689586904,0.09098433044274881,0.00929604501629773,0.09053443413073453,0.009820436929386443,0.09098487241220835,0.0289385400127352,9.333328669119688e-10,0.01862753208947851,7.62684042522806e-10,0.01820381652640158,0.09098519043505118,0.008304758275581772,0.0905367410679427,0.01033311878143213,0.09097490979302628,0.0005718150874767459,8.023554387421967e-10,0.0002819737641394594,8.034812885693371e-10,0.0,0.0,0.0,0.0,0.0,0.0,0.0,0.0,0.0,0.0,0.0,0.0,0.0,0.0,0.0,0.0,0.0,0.0,0.0,0.0,0.0,0.0,0.0,0.0,0.0,0.0,0.0,0.0,0.0,0.0,0.0,0.0,47.353567728225386,141.81131796888974,94.23330172322193,93.74053275684456,139.31487482139258,92.5907151308453,92.52508061341315,46.251340842900326,46.20735188707294,138.69470105484666,92.33630213643421,92.26621303824243,46.11923637304821,94.52406741427471,94.51308591121754,47.25412400670333,-1.970645868709653e-12
12,2013-11-01 12:00:00,0.0,0.0,0.006525500109999901,0.0,0.004310025,0.0,0.0,0.0021550125,30.848204704550014,49.90796721184999,0.0,40.3780859582,0.005650322877993229,0.0,0.0,0.0,0.0,0.0,0.0,0.0,0.0,0.0,0.0,0.0,0.0,0.0,0.0,0.0,0.0,0.0,0.0004735215,0.0,0.0,0.0004735215,0.0,0.0,0.0004735215,0.0,0.0,0.0004735215,0.0,0.0,0.0004735215,0.0,0.0,0.0011221164662499,0.0,0.0,0.0004735215,0.0,0.0,0.0004735215,0.0,0.0,0.00161521164375,0.0,0.0,0.0004735215,0.0,0.0,0.09192145263130476,0.09079858081823287,0.09080025128713765,0.09080467558195869,0.09081059558758353,7.662259457418701e-10,0.09081202975608965,0.09081296758856028,0.09081244744041124,9.33373151386654e-10,7.627243257869217e-10,0.09081375228514338,0.09081457591305872,0.09079866703834076,8.02395721927887e-10,8.035215515747303e-10,0.0,0.0,0.0,0.0,0.0,0.0,0.0,0.0,0.0,0.0,0.0,0.0,0.0,0.0,0.0,0.0,750,719.3920142215687,250.0,-6.75375916579197e-11,2.7748666136855672e-11,1.0000000004444498,0.06380208332714833,-0.05256509296408184,0.07706573245919215,0.9058359541018725,0.06380208332886582,-8.461121964548296e-05,-0.014103126859212722,0.8820710044898746,0.06380208332992986,-0.03855179296034008,-0.10700529591305946,0.8418124855220812,0.06380208333076406,-0.11012637570274977,-0.15738647986034582,0.897848587571358,0.06380208333029519,-0.04456850840409217,-0.06378241549135294,0.9016615016914188,0.05963541666739848,-0.016465283395374293,-0.023597364751465982,0.9024575468567257,0.06380208333030558,-0.008513950571080321,-0.011269419250067218,0.902500000089437,0.06380208333029219,-0.012073834834162526,-0.017228558142611865,0.9025000000607944,0.06380208333078476,-0.06015581425455935,-0.08605525379760744,0.9023295898179934,0.059635416665736476,-0.016567478974881332,-0.023713466412909463,0.9009139861461427,0.05963541666477917,-0.015329860015759374,-0.02196242606131253,0.9024915740134889,0.06380208333030087,-0.01143785247722959,-0.015477517798918157,0.9025000000785964,0.06380208333062795,-8.460414870908834e-05,-0.01410283071425076,0.8715724319980519,0.06380208333022155,-0.06598386280087151,-0.09966938754402374,0.9025372100233632,0.059635416665382676,-0.06545656688142196,-0.0469982601355722,0.9025000001235332,0.059635416664984266,-8.810356562553053e-12,0.09192145263130476,0.03907977475044035,0.09079858081823287,0.034580442181532,0.09080025128713765,0.032636008041779144,0.09080467558195869,0.030573980990524587,0.09081059558758353,0.012592008530737041,7.662259457418701e-10,0.011758417733725282,0.09081202975608965,0.00941574367719951,0.09081296758856028,0.002074454347876347,0.09081244744041124,0.015480396502498515,9.33373151386654e-10,0.012253656036370856,7.627243257869217e-10,0.011359110382840945,0.09081375228514338,0.008954324130331915,0.09081457591305872,0.00258862138143079,0.09079866703834076,0.0007167576243847778,8.02395721927887e-10,0.00033512722143236046,8.035215515747303e-10,0.0,0.0,0.0,0.0,0.0,0.0,0.0,0.0,0.0,0.0,0.0,0.0,0.0,0.0,0.0,0.0,0.0,0.0,0.0,0.0,0.0,0.0,0.0,0.0,0.0,0.0,0.0,0.0,0.0,0.0,0.0,0.0,49.877467023987684,149.38489390499697,99.27318260332363,98.53198324378148,145.43676127563762,96.4228797763831,96.33232198941006,48.15056276984672,48.07128861396834,144.34465675415467,96.0523008709655,95.95982081399578,47.95981131866132,99.5811685705287,99.57384378820477,49.78433878487997,4.6629367034256575e-12
13,2013-11-01 13:00:00,0.0,0.0,0.0048955931062498,0.0,0.0041226599999999985,0.0,0.0,0.0020613299999999992,57.920316767250014,76.98007927455,0.0,67.4501980209,0.0007586606795392235,0.0,0.0,0.0,0.0,0.0,0.0,0.0,0.0,0.0,0.0,0.0,0.0,0.0,0.0,0.0,0.0,0.0,0.0003108665,0.0,0.0,0.0003108665,0.0,0.0,0.0003108665,0.0,0.0,0.0003108665,0.0,0.0,0.0003108665,0.0,0.0,0.0011488052799999001,0.0,0.0,0.0003108665,0.0,0.0,0.0003108665,0.0,0.0,0.0012598558262499,0.0,0.0,0.0003108665,0.0,0.0,0.09140471844923931,0.09085986957352163,0.09085987826746345,0.09085967513891241,0.09085936835178995,7.662116285103852e-10,0.09085934713240756,0.09085934142547955,0.09085929809435053,9.333588322795358e-10,7.627100085465666e-10,0.09085929501864574,0.09085929319822154,0.09085991127786174,8.023814043392271e-10,8.035072399145678e-10,0.0,0.0,0.0,0.0,0.0,0.0,0.0,0.0,0.0,0.0,0.0,0.0,0.0,0.0,0.0,0.0,750,719.3920142215687,250.0,-6.652786981799143e-11,2.774452504486627e-11,1.0000000004444498,0.06380208332727887,-0.051745017695006806,0.07706472843999161,0.9058356362414262,0.06380208332888651,-8.43380284236888e-05,-0.014103586409204609,0.8820722337643271,0.0638020833299237,-0.03854777278422141,-0.10700540857488197,0.8418143916905974,0.06380208333073732,-0.1101269185026413,-0.15738661421265263,0.8978482603355096,0.06380208333028893,-0.044581243398975144,-0.06378318022711103,0.9016616117848705,0.05963541666739083,-0.016456767797752223,-0.023597361943944236,0.9024570581353722,0.06380208333030149,-0.00851994925005016,-0.01127098338916779,0.9025000000893965,0.06380208333028606,-0.012062161925881144,-0.0172306288488063,0.9025000000607999,0.06380208333075718,-0.06016749666816722,-0.08605548139237004,0.9023298757036794,0.05963541666572883,-0.016568511039746915,-0.023713974213357657,0.9009141376280895,0.059635416664771526,-0.01532135077208602,-0.02196242975633421,0.9024915560206623,0.06380208333029361,-0.011439631581321753,-0.015479084399686732,0.9025000000785965,0.06380208333060647,-8.433189664757486e-05,-0.014103290264493716,0.8715711996546609,0.0638020833302141,-0.06599218633311477,-0.09966920719401295,0.9025355924388625,0.05963541666537503,-0.06545949750867978,-0.04699968361105095,0.902500000123533,0.05963541666497662,-1.2197920372748787e-11,0.09140471844923931,-0.00012767643372682078,0.09085986957352163,-0.0016533604106079634,0.09085987826746345,-0.0018532216402070566,0.09085967513891241,-0.001978167223892536,0.09085936835178995,-0.0008587148845467267,7.662116285103852e-10,-0.001048736558541579,0.09085934713240756,-0.0009207353771264965,0.09085934142547955,-9.297191419659218e-05,0.09085929809435053,-0.0010510364888771725,9.333588322795358e-10,-0.0010729379868918932,7.627100085465666e-10,-0.0012225180854906006,0.09085929501864574,-0.0010531525890151712,0.09085929319822154,0.0011812250510721298,0.09085991127786174,0.0009534137945311012,8.023814043392271e-10,0.00041007035782962916,8.035072399145678e-10,0.0,0.0,0.0,0.0,0.0,0.0,0.0,0.0,0.0,0.0,0.0,0.0,0.0,0.0,0.0,0.0,0.0,0.0,0.0,0.0,0.0,0.0,0.0,0.0,0.0,0.0,0.0,0.0,0.0,0.0,0.0,0.0,64.78485569486112,194.38574867870332,129.71425201908286,130.38584279848726,198.15301888273032,132.69415317774084,132.76816537733495,66.3970400334008,66.48874457783087,199.3243145640801,133.03972274445522,133.11683712791728,66.57703098445467,129.53038016720063,129.49442923271178,64.7421951650892,-8.854028621385623e-12
14,2013-11-01 14:00:00,0.0,0.0,0.004092683042499851,0.0,0.004524810000000001,0.0,0.0,0.0022624050000000003,68.79811874635001,87.85788125364999,0.0,78.328,-0.00040089241537171383,0.0,0.0,0.0,0.0,0.0,0.0,0.0,0.0,0.0,0.0,0.0,0.0,0.0,0.0,0.0,0.0,0.0,0.00017755700000000003,0.0,0.0,0.00017755700000000003,0.0,0.0,0.00017755700000000003,0.0,0.0,0.00017755700000000003,0.0,0.0,0.00017755700000000003,0.0,0.0,0.0012640828899998999,0.0,0.0,0.00017755700000000003,0.0,0.0,0.00017755700000000003,0.0,0.0,0.00140814415249995,0.0,0.0,0.00017755700000000003,0.0,0.0,0.09101337739337764,0.09089848321907337,0.0908985345786202,0.09089858941891907,0.09089861066327336,7.661782636157136e-10,0.09089875822246593,0.09089894480182331,0.09089862222090804,9.333254677632246e-10,7.626766435294399e-10,0.09089874411733626,0.09089888428314526,0.090898447009119,8.023480397592051e-10,8.034738925517872e-10,0.0,0.0,0.0,0.0,0.0,0.0,0.0,0.0,0.0,0.0,0.0,0.0,0.0,0.0,0.0,0.0,750,719.3920142215687,250.0,-6.601888184849213e-11,2.775296282327846e-11,1.0000000004444498,0.06380208332701076,-0.05133810216788174,0.0770668783402583,0.9058363422653137,0.06380208332872549,-8.404907813208662e-05,-0.01410260663324802,0.8820747400149069,0.06380208332989125,-0.03854367081007007,-0.1070058199991831,0.8418175537993624,0.06380208333080689,-0.11012779719958904,-0.15738887820970543,0.8978489626965866,0.06380208333031445,-0.04458484270143634,-0.06378249042528372,0.9016619803870873,0.05963541666741931,-0.01645774055111777,-0.02359738315551635,0.902457832993018,0.06380208333033192,-0.008527243282454907,-0.011267641392141477,0.902500000089342,0.06380208333031129,-0.012056563691202213,-0.01722618439815316,0.9025000000608056,0.06380208333082839,-0.06017335517357427,-0.08605594448063189,0.9023313995832303,0.059635416665757314,-0.016566295872103044,-0.023712884298218186,0.900914643704644,0.05963541666480001,-0.0153223284952454,-0.021962450501011657,0.9024917279772149,0.06380208333031855,-0.011446666419213209,-0.015475750608852746,0.9025000000785968,0.0638020833306669,-8.404427249088025e-05,-0.014102310488014136,0.8715738446891905,0.06380208333022609,-0.06599164692156524,-0.0996695983298706,0.9025390643338638,0.059635416665403514,-0.06545320737043785,-0.04699662834104991,0.9025000001235334,0.0596354166650051,-1.4548782207222404e-11,0.09101337739337764,-6.474338821023478e-05,0.09089848321907337,-0.0014388870133050257,0.0908985345786202,-0.0016639248149921603,0.09089858941891907,-0.0018312172075033613,0.09089861066327336,-0.0008783057754662505,7.661782636157136e-10,-0.0010570746866721444,0.09089875822246593,-0.0010384829779989026,0.09089894480182331,5.179489934576582e-05,0.09089862222090804,-0.0009614427409288411,9.333254677632246e-10,-0.0011143352393193488,7.626766435294399e-10,-0.001256746190287808,0.09089874411733626,-0.0012012977658343066,0.09089888428314526,0.0010644166042758484,0.090898447009119,0.0008094503844236222,8.023480397592051e-10,0.00037051751883973133,8.034738925517872e-10,0.0,0.0,0.0,0.0,0.0,0.0,0.0,0.0,0.0,0.0,0.0,0.0,0.0,0.0,0.0,0.0,0.0,0.0,0.0,0.0,0.0,0.0,0.0,0.0,0.0,0.0,0.0,0.0,0.0,0.0,0.0,0.0,77.02914999951338,231.11881230460438,154.21702576184455,154.67541820659127,233.59273412391613,156.09129551346697,156.1529123707136,78.08731771992231,78.13965673440336,234.33185887677277,156.34468094273294,156.41074514636693,78.21979250824356,154.01167569490428,153.97118885488618,76.9790084863371,-2.4980018054066022e-12
15,2013-11-01 15:00:00,0.0,0.0,0.00376364743749975,0.0,0.005219505000000002,0.0,0.0,0.002609752500000001,77.99186676725002,97.05162927455,0.0,87.5217480209,0.0006209937150681497,0.0,0.0,0.0,0.0,0.0,0.0,0.0,0.0,0.0,0.0,0.0,0.0,0.0,0.0,0.0,0.0,0.0,2.842776e-05,0.0,0.0,2.842776e-05,0.0,0.0,2.842776e-05,0.0,0.0,2.842776e-05,0.0,0.0,2.842776e-05,0.0,0.0,0.0016953602962498499,0.0,0.0,2.842776e-05,0.0,0.0,2.842776e-05,0.0,0.0,0.0018408650612499002,0.0,0.0,2.842776e-05,0.0,0.0,0.09198356043412964,0.09050264325984225,0.09050406275343556,0.09050615160216306,0.09050851299472602,7.66244330087563e-10,0.09050967766189667,0.09198111592630874,0.09050943010446366,9.333915405567706e-10,7.627427101122274e-10,0.09051050890939659,0.09198156923317043,0.09050276304819647,8.024141073656142e-10,8.03539932957901e-10,0.0,0.0,0.0,0.0,0.0,0.0,0.0,0.0,0.0,0.0,0.0,0.0,0.0,0.0,0.0,0.0,750,719.3920142215687,250.0,-6.581001405687545e-11,2.7764268930734763e-11,1.0000000004444494,0.06380208332654273,-0.05116691949212083,0.07707059302569219,0.9058375578867155,0.06380208332848049,-8.369714504126392e-05,-0.01410091301048065,0.882078203966858,0.06380208332984874,-0.03853872662725655,-0.10700642082122938,0.8418217959111434,0.06380208333092223,-0.11012897126292814,-0.1573923599561395,0.8978501759919588,0.06380208333035363,-0.04458585655615308,-0.06378113883195842,0.9016625153698538,0.05963541666746363,-0.016462332029762584,-0.023597417242953042,0.9024588028249012,0.06380208333037651,-0.008540753387428423,-0.01126186569666931,0.9025000000892446,0.06380208333034999,-0.012052049554989964,-0.01721850682101412,0.9025000000608119,0.06380208333094656,-0.060178271693938995,-0.08605658445010687,0.9023336724294031,0.05963541666580163,-0.016562469275344396,-0.023711001521647054,0.9009153780964763,0.05963541666484433,-0.015326925436549732,-0.02196248151245331,0.9024919867095128,0.0638020833303576,-0.01145776398211904,-0.015469986819729586,0.9025000000785971,0.06380208333078474,-8.369417023866717e-05,-0.014100616864333664,0.8715784138605511,0.06380208333024706,-0.06598780049131571,-0.09967027331844353,0.9025450618673657,0.05963541666544783,-0.06544234145576426,-0.04699135050742213,0.9025000001235343,0.05963541666504942,-1.604419874450749e-11,0.09198356043412964,-0.0006811719106552099,0.09050264325984225,-0.002734441175157711,0.09050406275343556,-0.0031733026238278056,0.09050615160216306,-0.0035848675606232026,0.09050851299472602,-0.002310509487800998,7.66244330087563e-10,-0.0026301519669627692,0.09050967766189667,-0.0028904904190448525,0.09198111592630874,0.0002945388532637921,0.09050943010446366,-0.001604876107481397,9.333915405567706e-10,-0.002193824461915778,7.627427101122274e-10,-0.002482474911982166,0.09051050890939659,-0.0027168562294893573,0.09198156923317043,0.0015711507554465032,0.09050276304819647,0.001069703987395764,8.024141073656142e-10,0.00047999439533767175,8.03539932957901e-10,0.0,0.0,0.0,0.0,0.0,0.0,0.0,0.0,0.0,0.0,0.0,0.0,0.0,0.0,0.0,0.0,0.0,0.0,0.0,0.0,0.0,0.0,0.0,0.0,0.0,0.0,0.0,0.0,0.0,0.0,0.0,0.0,77.99283305413996,233.98667924555548,155.98045968136225,156.1412835611173,234.95974752007956,156.77749852976748,156.73734166296057,78.35661857073353,78.45278252734708,235.30702322356112,156.88320240127052,156.8668874278826,78.42917341723899,156.0068899339302,156.01968752537667,78.01324788566647,-9.520162436160717e-12
16,2013-11-01 16:00:00,0.0,0.0,0.00441610608499985,0.0,0.00612702374999925,0.0,0.0,0.003063511874999625,100.19785574635002,119.25761825365,0.0,109.727737,0.003286514565209691,0.0,0.0,0.0,0.0,0.0,0.0,0.0,0.0,0.0,0.0,0.0,0.0,0.0,0.0,0.0,0.0,0.0,4.02895e-07,0.0,0.0,4.02895e-07,0.0,0.0,4.02895e-07,0.0,0.0,4.02895e-07,0.0,0.0,4.02895e-07,0.0,0.0,0.0020197366637499,0.0,0.0,4.02895e-07,0.0,0.0,4.02895e-07,0.0,0.0,0.00239314626124995,0.0,0.0,4.02895e-07,0.0,0.0,0.09122293711971464,0.09122294665726527,0.09122294533322288,0.09122295150897552,0.09122293598926466,7.66177681624089e-10,0.09122294158677847,0.0894965234070075,0.09122292892777546,9.33324885086543e-10,7.626760615720085e-10,0.09122294833712166,0.08949698965643896,0.09122294740450033,8.023474578647828e-10,8.034733187411226e-10,0.0,0.0,0.0,0.0,0.0,0.0,0.0,0.0,0.0,0.0,0.0,0.0,0.0,0.0,0.0,0.0,750,719.3920142215687,250.0,-6.622281954207183e-11,2.7774768680744025e-11,1.0000000004444494,0.06380208332592106,-0.051490129243673244,0.07707544745453347,0.9058391376969757,0.0638020833281687,-8.354036982743376e-05,-0.014098698263158078,0.8820809504122902,0.06380208332979334,-0.0385366703214026,-0.10700697987217644,0.8418248297666051,0.06380208333106291,-0.1101297983874908,-0.15739602618277776,0.89785176098727,0.06380208333039457,-0.04457648636766723,-0.06377904430355767,0.9016630051162478,0.05963541666751127,-0.016474312845302857,-0.02359745652378123,0.9024604494210999,0.06380208333042274,-0.008548474072443267,-0.011254315334656793,0.9025000000891887,0.06380208333039031,-0.012056750079115372,-0.017208477174612682,0.9025000000608138,0.06380208333109069,-0.060173999774838796,-0.08605709161105704,0.9023359025694925,0.059635416665849275,-0.016557470378984224,-0.023708541945804455,0.9009160500978646,0.05963541666489197,-0.015338907017792013,-0.021962512110093525,0.9024923275280063,0.06380208333039887,-0.011466134159393536,-0.015462447346813634,0.9025000000785972,0.06380208333106165,-8.353945014108254e-05,-0.014098402115825033,0.8715843828234509,0.06380208333026716,-0.06597678584621446,-0.09967115369620677,0.9025528967792433,0.059635416665495475,-0.06542814670655452,-0.046984455779553694,0.9025000001235354,0.059635416665097064,-1.7713877392115675e-11,0.09122293711971464,-0.03060899029145833,0.09122294665726527,-0.028647196926530658,0.09122294533322288,-0.027233525281335047,0.09122295150897552,-0.025883305644026293,0.09122293598926466,-0.011962131576029066,7.66177681624089e-10,-0.012662401009439384,0.09122294158677847,-0.01141222150569501,0.0894965234070075,-0.001396044890320058,0.09122292892777546,-0.012775622003284023,9.33324885086543e-10,-0.012249322206049674,7.626760615720085e-10,-0.012983400675347905,0.09122294833712166,-0.011768019794437236,0.08949698965643896,-0.0005242255824133549,0.09122294740450033,0.000945820705295552,8.023474578647828e-10,0.00045190046653174285,8.034733187411226e-10,0.0,0.0,0.0,0.0,0.0,0.0,0.0,0.0,0.0,0.0,0.0,0.0,0.0,0.0,0.0,0.0,0.0,0.0,0.0,0.0,0.0,0.0,0.0,0.0,0.0,0.0,0.0,0.0,0.0,0.0,0.0,0.0,100.01503157628494,299.5967732126594,199.16272223373537,197.91730437937875,293.0105369153261,194.46739912103766,194.31318325244828,97.13006789306388,97.00026996615496,291.2152268778518,193.8421745673355,193.68370733255688,96.80791692636141,199.7115639149086,199.69640010192376,99.84347956591762,5.023759186428833e-12
17,2013-11-01 17:00:00,0.0,0.0,0.0043092425074998,0.0,0.006396881249999998,0.0,0.0,0.003198440624999999,113.21988868365001,132.27965119094998,0.0,122.7497699373,-0.0028671767703693386,0.0,0.0,0.0,0.0,0.0,0.0,0.0,0.0,0.0,0.0,0.0,0.0,0.0,0.0,0.0,0.0,0.0,0.0,0.0,0.0,0.0,0.0,0.0,0.0,0.0,0.0,0.0,0.0,0.0,0.0,0.0,0.0,0.0020157293612498997,0.0,0.0,0.0,0.0,0.0,0.0,0.0,0.0,0.0022935131462499,0.0,0.0,0.0,0.0,0.0,0.09262645234647132,0.09092404585861508,0.09092828923658369,0.09093424700028822,0.09094061430239139,7.662790261412201e-10,0.09094229335173809,0.08994502299242571,0.0909432539171565,9.334262300757508e-10,7.62777406482122e-10,0.09094398990584407,0.08994703172595615,0.09092475529008445,8.024488016133083e-10,8.035746076299484e-10,0.0,0.0,0.0,0.0,0.0,0.0,0.0,0.0,0.0,0.0,0.0,0.0,0.0,0.0,0.0,0.0,750,719.3920142215687,250.0,-6.61541628238126e-11,2.7777191166677967e-11,1.0000000004444491,0.06380208367342129,-0.05143606731023388,0.07707689103402267,0.9058396070742799,0.0638020836757492,-8.350871173232909e-05,-0.014098039583896549,0.8820816825120763,0.06380208367745946,-0.0385362702804879,-0.1070071353844382,0.8418256124750719,0.06380208367878983,-0.1101300106671809,-0.15739707496977276,0.8978522322975073,0.06380208367809181,-0.04457319155931898,-0.06377840611321532,0.901663140810599,0.05963541701521051,-0.016478159655432444,-0.023597467956006195,0.9024610986219695,0.06380208367812193,-0.008548829982312448,-0.011252069929708114,0.9025000000892167,0.06380208367808739,-0.012058651690643282,-0.01720549478410685,0.9025000000608125,0.06380208367881865,-0.060172220975091,-0.08605722705253568,0.9023365305814408,0.05963541701354852,-0.01655598391969635,-0.023707810572498503,0.9009162362643588,0.059635417012591216,-0.015342753870278721,-0.021962520736776573,0.9024924861382531,0.06380208367809612,-0.011465558526125188,-0.015460204956297215,0.9025000000785978,0.06380207811588282,-8.350991882671139e-05,-0.014097743436219223,0.871586157739292,0.06380208367795757,-0.06597322631031326,-0.09967141541712503,0.902555226548994,0.05963541701319472,-0.0654239257915213,-0.04698240558056252,0.9025000001235355,0.05963541701279631,-1.9678783074670333e-11,0.09262645234647132,-0.10027636840543172,0.09092404585861508,-0.0818963484770441,0.09092828923658369,-0.07229396053590284,0.09093424700028822,-0.06263202961502728,0.09094061430239139,-0.021352677587260935,7.662790261412201e-10,-0.021498736481812483,0.09094229335173809,-0.011686063092594595,0.08994502299242571,-0.009674137924352524,0.0909432539171565,-0.03138864161937511,9.334262300757508e-10,-0.021699756499590897,7.62777406482122e-10,-0.021817869398626667,0.09094398990584407,-0.011977730206869229,0.08994703172595615,-0.008793105586774643,0.09092475529008445,0.0007779212564318395,8.024488016133083e-10,0.0004011907190884436,8.035746076299484e-10,0.0,0.0,0.0,0.0,0.0,0.0,0.0,0.0,0.0,0.0,0.0,0.0,0.0,0.0,0.0,0.0,0.0,0.0,0.0,0.0,0.0,0.0,0.0,0.0,0.0,0.0,0.0,0.0,0.0,0.0,0.0,0.0,113.06129704550708,339.0846990427094,225.944878247793,225.80934288081784,338.4322624041856,225.55993728979453,225.53923915665544,112.76610684948906,112.75988190047707,338.2952669562935,225.49564138823385,225.47590925280474,112.73435217661248,226.0409985102912,226.0290189618582,113.01173040400981,-2.1649348980190553e-12
18,2013-11-01 18:00:00,0.0,0.0,0.00242451504874995,0.0,0.006331008749999998,0.0,0.0,0.003165504374999999,90.41664870455001,109.47641121184999,0.0,99.9465299582,-0.0024325102157513796,0.0,0.0,0.0,0.0,0.0,0.0,0.0,0.0,0.0,0.0,0.0,0.0,0.0,0.0,0.0,0.0,0.0,0.0,0.0,0.0,0.0,0.0,0.0,0.0,0.0,0.0,0.0,0.0,0.0,0.0,0.0,0.0,0.00114777915874995,0.0,0.0,0.0,0.0,0.0,0.0,0.0,0.0,0.0012767358900000001,0.0,0.0,0.0,0.0,0.0,0.09182421406665718,0.09081335114834496,0.0908145145448727,0.09081634671532973,0.09081850783089342,7.662271753489759e-10,0.09081930119217275,0.09082015659511687,0.09081923332636058,9.33374392110711e-10,7.627255552385944e-10,0.09082007227597981,0.09082088398124813,0.09081341425083904,8.023969537960295e-10,8.035227800060014e-10,0.0,0.0,0.0,0.0,0.0,0.0,0.0,0.0,0.0,0.0,0.0,0.0,0.0,0.0,0.0,0.0,750,719.3920142215687,250.0,-6.496003882906902e-11,2.7776625620595728e-11,1.000000000444449,0.06380208387499,-0.05049384940903513,0.07707653865344481,0.9058394925033857,0.06380208387727423,-8.35172924948658e-05,-0.014098200370513729,0.8820815048503613,0.06380208387898141,-0.03853636900206892,-0.10700709757468799,0.8418254225649764,0.06380208388030316,-0.11012995913486129,-0.1573968204371955,0.8978521172501894,0.06380208387961245,-0.044574002116557106,-0.06377856256017343,0.9016631078253459,0.05963541721673066,-0.016477216697695016,-0.023597465170904254,0.902462320281666,0.06380208387964308,-0.008534430357077209,-0.011252618040897604,0.9025000000894158,0.06380208387960805,-0.012058181233948721,-0.017206222788771253,0.9025000000608103,0.0638020838803318,-0.060172661473032935,-0.08605719465515152,0.9023363777203808,0.05963541721506866,-0.016556346765974186,-0.02370798910149278,0.9009161910006763,0.05963541721411136,-0.015341811112723636,-0.021962518636223942,0.9024943239734111,0.06380208387961646,-0.011374608021485993,-0.015460752331414147,0.9025000000785974,0.06380207509303634,-8.352067426562279e-05,-0.014097904222936136,0.8715857244804656,0.0638020838794782,-0.06597409970247373,-0.0996713515323645,0.9025546578497439,0.05963541721471486,-0.06542495612132689,-0.046982906036295784,0.9025000001235355,0.05963541721431645,-1.6020428374729663e-11,0.09182421406665718,-0.01842714782465474,0.09081335114834496,-0.02001507570437254,0.0908145145448727,-0.020389116495602252,0.09081634671532973,-0.020710156757632905,0.09081850783089342,-0.010466901287941803,7.662271753489759e-10,-0.010639899214772708,0.09081930119217275,-0.010805794243263089,0.09082015659511687,0.00028701462163038176,0.09081923332636058,-0.010347631960619226,9.33374392110711e-10,-0.010662505588497483,7.627255552385944e-10,-0.010809047406722175,0.09082007227597981,-0.010948356262001316,0.09082088398124813,0.0012023345922905241,0.09081341425083904,0.0008056408920613391,8.023969537960295e-10,0.0004090854360829684,8.035227800060014e-10,0.0,0.0,0.0,0.0,0.0,0.0,0.0,0.0,0.0,0.0,0.0,0.0,0.0,0.0,0.0,0.0,0.0,0.0,0.0,0.0,0.0,0.0,0.0,0.0,0.0,0.0,0.0,0.0,0.0,0.0,0.0,0.0,90.38203454529473,271.10527654617323,180.6769147363454,180.39353718660658,269.5147821041269,179.42818879049935,179.39715120869806,89.69316393467366,89.65696845891492,269.02999077871306,179.29082315863957,179.26073904974803,89.6229760629465,180.74082859543444,180.7424489693597,90.3708663853726,-1.6153745008296028e-11
19,2013-11-01 19:00:00,0.0,0.0,0.0014369531149999498,0.0,0.0057940725000000005,0.0,0.0,0.0028970362500000003,72.90054970455002,91.96031221185,0.0,82.4304309582,-0.0007244007178231871,0.0,0.0,0.0,0.0,0.0,0.0,0.0,0.0,0.0,0.0,0.0,0.0,0.0,0.0,0.0,0.0,0.0,0.0,0.0,0.0,0.0,0.0,0.0,0.0,0.0,0.0,0.0,0.0,0.0,0.0,0.0,0.0,0.00045474257625,0.0,0.0,0.0,0.0,0.0,0.0,0.0,0.0,0.0009822105387499499,0.0,0.0,0.0,0.0,0.0,0.09103895084957694,0.09089535920319251,0.0908954033841932,0.09089575477974512,0.09089611723884676,7.661714577996613e-10,0.09089652885242028,0.09089688330989099,0.09089618584618765,9.333186609386228e-10,7.626698377401128e-10,0.09089658223861409,0.09089696641336263,0.09089526381206743,8.023412337060707e-10,8.03467087838854e-10,0.0,0.0,0.0,0.0,0.0,0.0,0.0,0.0,0.0,0.0,0.0,0.0,0.0,0.0,0.0,0.0,750,719.3920142215687,250.0,-6.43342471795674e-11,2.777137060860053e-11,1.000000000444449,0.06380208351618721,-0.050001283630838014,0.07707366634680525,0.9058385586209607,0.06380208351824186,-8.358127801846811e-05,-0.014099510959814966,0.8820800567284197,0.06380208351982769,-0.038537152595258035,-0.10700678927987073,0.8418238765260505,0.0638020835210492,-0.11012953986850174,-0.15739474004633938,0.897851179482861,0.06380208352041762,-0.044580609175910044,-0.06377983500124382,0.901662838873971,0.05963541685753186,-0.016469532927746916,-0.023597442455208572,0.902462142007926,0.06380208352044774,-0.008522201768861324,-0.011257085760623342,0.9025000000895909,0.06380208352041358,-0.012054346603874905,-0.01721215685980625,0.9025000000608076,0.06380208352107594,-0.06017625212567779,-0.08605692779874347,0.9023351317187533,0.05963541685586987,-0.016559304378327533,-0.023709444317078887,0.9009158219905755,0.05963541685491257,-0.015334127784847409,-0.021962501517859896,0.9024967496605624,0.06380208352042072,-0.011242711085766237,-0.015465214068497284,0.9025000000785945,0.06380208048049643,-8.358688794527424e-05,-0.014099214812961086,0.8715821929252707,0.06380208352029136,-0.0659812132449327,-0.09967083079405094,0.9025500223001173,0.05963541685551607,-0.06543335448820395,-0.046986985323171644,0.9025000001235348,0.05963541685511766,-1.449499540999874e-11,0.09103895084957694,-4.68729816415114e-05,0.09089535920319251,-0.003275278642200369,0.0908954033841932,-0.004497767827176403,0.09089575477974512,-0.005236657279199054,0.09089611723884676,-0.0031430281728457767,7.661714577996613e-10,-0.0034020540083392744,0.09089652885242028,-0.003680758180076093,0.09089688330989099,0.00077261395885668,0.09089618584618765,-0.0028119969326542496,9.333186609386228e-10,-0.0037654778886749857,7.626698377401128e-10,-0.004027275799196851,0.09089658223861409,-0.004310051586596529,0.09089696641336263,0.0018512987857793833,0.09089526381206743,0.0008016949207078636,8.023412337060707e-10,0.0003897176848404872,8.03467087838854e-10,0.0,0.0,0.0,0.0,0.0,0.0,0.0,0.0,0.0,0.0,0.0,0.0,0.0,0.0,0.0,0.0,0.0,0.0,0.0,0.0,0.0,0.0,0.0,0.0,0.0,0.0,0.0,0.0,0.0,0.0,0.0,0.0,77.50106862399947,232.509766828978,155.049218987274,155.37933939106347,234.42287466983976,156.60057635768482,156.64443885558885,78.33253094895677,78.36311777494272,235.02147202559837,156.7581314892359,156.80498298810937,78.41543144270311,154.97485464908266,154.95060941361052,77.47014146133597,1.2712053631958042e-11
20,2013-11-01 20:00:00,0.0,0.0,0.00101452696124985,0.0,0.005388322499999251,0.0,0.0,0.0026941612499996256,60.642213788150016,79.70197629545,0.0,70.1720950418,-0.0007268460075495395,0.0,0.0,0.0,0.0,0.0,0.0,0.0,0.0,0.0,0.0,0.0,0.0,0.0,0.0,0.0,0.0,0.0,0.0,0.0,0.0,0.0,0.0,0.0,0.0,0.0,0.0,0.0,0.0,0.0,0.0,0.0,0.0,0.00015893200249994998,0.0,0.0,0.0,0.0,0.0,0.0,0.0,0.0,0.0008555949587499,0.0,0.0,0.0,0.0,0.0,0.09099723661654399,0.09089960604738678,0.09089972438546647,0.09090005418411186,0.09090051203874493,7.661746942623739e-10,0.09090057689939463,0.09090066278653153,0.09090063844564905,9.333218970369047e-10,7.62673074208643e-10,0.09090066933491343,0.09090072902949978,0.09089958615983715,8.023444700910637e-10,8.034703237460796e-10,0.0,0.0,0.0,0.0,0.0,0.0,0.0,0.0,0.0,0.0,0.0,0.0,0.0,0.0,0.0,0.0,750,719.3920142215687,250.0,-6.40662144713117e-11,2.7766535997582783e-11,1.000000000444449,0.06380208382554031,-0.04979098738695502,0.07707149580729525,0.9058378529079094,0.06380208382738964,-8.363004622060559e-05,-0.014100501341371544,0.8820789624186058,0.06380208382890377,-0.03853774576923168,-0.10700655630521061,0.8418227081580751,0.06380208383006145,-0.11012922300910732,-0.15739316811952198,0.8978504708343151,0.06380208382947447,-0.0445856019695632,-0.06378079664432512,0.9016626356378997,0.05963541716658572,-0.01646372636650963,-0.02359742529017856,0.9024616453185097,0.06380208382950611,-0.008516715931574024,-0.01126046191123536,0.9025000000896876,0.06380208382947067,-0.01205144886669891,-0.01721664109666388,0.9025000000608059,0.06380208383008668,-0.060178965492263384,-0.08605672623119812,0.9023341901447187,0.05963541716492372,-0.016561539375894562,-0.023710543989012206,0.9009155431412914,0.05963541716396641,-0.015328321616040886,-0.02196248858174764,0.9024975679875027,0.06380208382947632,-0.011192297395883167,-0.015468585697307868,0.9025000000785993,0.06380207584433946,-8.363810015932639e-05,-0.014100205195072858,0.8715795242126994,0.063802083829351,-0.06598658905515395,-0.09967043728466456,0.9025465193251161,0.059635417164569916,-0.06543970093503153,-0.046990067943594185,0.9025000001235345,0.059635417164171506,-1.5086053557293107e-11,0.09099723661654399,-4.6843773350760775e-05,0.09089960604738678,-0.0017685335721652107,0.09089972438546647,-0.002030848338033269,0.09090005418411186,-0.0020018122070507055,0.09090051203874493,-0.0003658809893370512,7.661746942623739e-10,-0.0005975087055547003,0.09090057689939463,-0.0008424541675235489,0.09090066278653153,-0.0001775046386055976,0.09090063844564905,-0.001332832287244261,9.333218970369047e-10,-0.00130833781090471,7.62673074208643e-10,-0.0015427158471014225,0.09090066933491343,-0.0017765155417350028,0.09090072902949978,0.0011891108491058284,0.09089958615983715,0.0007485952095650242,8.023444700910637e-10,0.00036307462726632283,8.034703237460796e-10,0.0,0.0,0.0,0.0,0.0,0.0,0.0,0.0,0.0,0.0,0.0,0.0,0.0,0.0,0.0,0.0,0.0,0.0,0.0,0.0,0.0,0.0,0.0,0.0,0.0,0.0,0.0,0.0,0.0,0.0,0.0,0.0,77.50170223838288,232.51241973689716,155.03856578787247,155.35039128740394,234.40470854104663,156.60015303283794,156.64193213650535,78.3306322934104,78.36483374389469,235.02362956267933,156.75955452269787,156.80391072776692,78.41446767306742,154.97667577896365,154.95240723274344,77.47110345130993,6.63358257213531e-12
21,2013-11-01 21:00:00,0.0,0.0,0.00056975631874995,0.0,0.004743457500000001,0.0,0.0,0.0023717287500000005,58.58610574635,77.64586825364998,0.0,68.11598699999999,-0.001897025544955648,0.0,0.0,0.0,0.0,0.0,0.0,0.0,0.0,0.0,0.0,0.0,0.0,0.0,0.0,0.0,0.0,0.0,0.0,0.0,0.0,0.0,0.0,0.0,0.0,0.0,0.0,0.0,0.0,0.0,0.0,0.0,0.0,3.47468025e-05,0.0,0.0,0.0,0.0,0.0,0.0,0.0,0.0,0.0005350095162499499,0.0,0.0,0.0,0.0,0.0,0.09276074708288261,0.09072261490250717,0.09072252682970391,0.09072288013087797,0.0907238724223791,7.662907842171254e-10,0.0907242883289485,0.0907257020867901,0.09072387704781432,9.334380934615687e-10,7.627891623231541e-10,0.09072471488653451,0.09072603207420477,0.09072274013485135,8.024605828107418e-10,8.035863857214696e-10,0.0,0.0,0.0,0.0,0.0,0.0,0.0,0.0,0.0,0.0,0.0,0.0,0.0,0.0,0.0,0.0,750,719.3920142215687,250.0,-6.378399934406319e-11,2.7756909029412748e-11,1.0000000004444487,0.06380208337858247,-0.049570060993941165,0.07706804612320219,0.9058367313069012,0.0638020833800952,-8.37071542115877e-05,-0.014102075370330605,0.8820772232150598,0.06380208338149959,-0.03853868707047657,-0.10700618603012994,0.8418208514385225,0.06380208338256223,-0.11012871949749595,-0.15739066929435291,0.8978493445677812,0.0638020833820458,-0.04459353710648834,-0.06378232473304438,0.9016623126258141,0.05963541671915227,-0.016454498070399552,-0.023597398008568866,0.9024603064330177,0.06380208338208077,-0.008513697128059227,-0.011265827680767303,0.9025000000897244,0.0638020833820424,-0.012046843455328646,-0.017223767966413794,0.9025000000608044,0.06380208338258501,-0.06018327789909357,-0.08605640561056208,0.9023326936853421,0.05963541671749027,-0.016565091493469415,-0.023712291715299823,0.9009150999575888,0.05963541671653297,-0.015319093862299127,-0.021962468022403335,0.9025001217633547,0.06380208338204542,-0.011051339281433842,-0.015473944281424547,0.9025000000785872,0.0638020825553031,-8.371803314469927e-05,-0.01410177922490835,0.8715752827848937,0.06380208338192514,-0.0659951325337977,-0.09966981187356677,0.9025409519906142,0.05963541671713647,-0.06544978744503366,-0.046994967201804363,0.9025000001235337,0.05963541671673806,-1.8771801021413237e-11,0.09276074708288261,-5.726057176689345e-05,0.09072261490250717,-0.00018807746910208138,0.09072252682970391,0.0001371956043850579,0.09072288013087797,-0.00010969603560383604,0.0907238724223791,0.00033020478139743586,7.662907842171254e-10,0.00023004259560290854,0.0907242883289485,0.0001537482672414163,0.0907257020867901,0.0001683231596602187,0.09072387704781432,-0.0004672599472126353,9.334380934615687e-10,-0.0005305035621013896,7.627891623231541e-10,-0.0005025708861640408,0.09072471488653451,-0.00042578304418141547,0.09072603207420477,0.0006271865604939536,0.09072274013485135,0.0008477780694440656,8.024605828107418e-10,0.00039667668206852535,8.035863857214696e-10,0.0,0.0,0.0,0.0,0.0,0.0,0.0,0.0,0.0,0.0,0.0,0.0,0.0,0.0,0.0,0.0,0.0,0.0,0.0,0.0,0.0,0.0,0.0,0.0,0.0,0.0,0.0,0.0,0.0,0.0,0.0,0.0,77.49282825934459,232.50743485639072,155.08994948499483,155.26420966272946,233.31906413396777,155.65831880942417,155.71101377287562,77.86504230271704,77.84661440063452,233.5135398693938,155.72014431323765,155.74272028871076,77.87513187392726,154.9750750404474,154.94186661607557,77.46331112601165,3.469446951953614e-12
22,2013-11-01 22:00:00,0.0,0.0,0.00048723429249989997,0.0,0.0039241425,0.0,0.0,0.00196207125,17.600978767250012,36.660741274549984,0.0,27.1308600209,0.0007901975525929514,0.0,0.0,0.0,0.0,0.0,0.0,0.0,0.0,0.0,0.0,0.0,0.0,0.0,0.0,0.0,0.0,0.0,0.0,0.0,0.0,0.0,0.0,0.0,0.0,0.0,0.0,0.0,0.0,0.0,0.0,0.0,0.0,4.0513166249999996e-05,0.0,0.0,0.0,0.0,0.0,0.0,0.0,0.0,0.0004467211262499,0.0,0.0,0.0,0.0,0.0,0.09107262314542869,0.09086984636759406,0.09087406178222227,0.09088558108633386,0.0909008781000426,7.661895979953663e-10,0.09090299576431125,0.09090253474450341,0.09090620627574542,9.333366739834159e-10,7.626879808275298e-10,0.09090762881494331,0.09090686336856607,0.09087077647831346,8.023593454098439e-10,8.034851874603278e-10,0.0,0.0,0.0,0.0,0.0,0.0,0.0,0.0,0.0,0.0,0.0,0.0,0.0,0.0,0.0,0.0,750,719.3920142215687,250.0,-4.39227169202994e-11,2.7739674368587014e-11,1.0000000004444485,0.06380208332484175,-0.03440308344390591,0.07706366319721529,0.9058353062882707,0.06380208332580466,-8.38052837465292e-05,-0.014104075208388522,0.8820750135144975,0.0638020833271351,-0.038539883165844196,-0.10700571559617145,0.8418184929100587,0.06380208332813886,-0.11012807998841379,-0.15738749314186085,0.8978479136216571,0.06380208332770687,-0.04460361890015173,-0.06378426552829747,0.9016619022324823,0.05963541666480729,-0.016442773303912,-0.023597363346783345,0.9024583455786194,0.06380208332775451,-0.00851255641045211,-0.011272645007700635,0.9025000000897032,0.0638020833277039,-0.012040992183016321,-0.017232822809348507,0.9025000000608026,0.06380208332815757,-0.06018875693542418,-0.0860559975803943,0.9023307924009704,0.0596354166631453,-0.01656960453606099,-0.023714512239538625,0.9009145368834504,0.059635416662187996,-0.015307369792617258,-0.021962441901236952,0.9025000466267135,0.06380208332770139,-0.011033402550769488,-0.015480752478952826,0.9025000000785627,0.0638020833699726,-8.38198528911066e-05,-0.014103779064079891,0.87156989395867,0.06380208332757478,-0.06600598724554166,-0.0996690172752005,0.9025338785711119,0.0596354166627915,-0.06546260257524303,-0.047001191815856116,0.9025000001235326,0.05963541666239309,-6.8989719568725586e-12,0.09107262314542869,0.10392304403109401,0.09086984636759406,0.08293400514402707,0.09087406178222227,0.07269604455979489,0.09088558108633386,0.06243977151098931,0.0909008781000426,0.020904274399818852,7.661895979953663e-10,0.020555894294535727,0.09090299576431125,0.010235646000186,0.09090253474450341,0.01027836993792565,0.09090620627574542,0.031197976178600952,9.333366739834159e-10,0.020520614816823088,7.626879808275298e-10,0.020163203150881603,0.09090762881494331,0.009834021930626826,0.09090686336856607,0.010753555027992297,0.09087077647831346,0.0005215075038068373,8.023593454098439e-10,0.0002607945642490773,8.034851874603278e-10,0.0,0.0,0.0,0.0,0.0,0.0,0.0,0.0,0.0,0.0,0.0,0.0,0.0,0.0,0.0,0.0,0.0,0.0,0.0,0.0,0.0,0.0,0.0,0.0,0.0,0.0,0.0,0.0,0.0,0.0,0.0,0.0,38.1152367376248,114.38246467253487,76.40043757544092,77.19197493814517,118.82300305335063,79.9136377626652,80.00095395970096,40.01576386494184,40.12366659883137,120.20366589053378,80.32048169954395,80.41125275827929,40.22754798117407,76.18449981556134,76.1428270921452,38.06575955801743,-1.4155343563970746e-11
23,2013-11-01 23:00:00,0.0,0.0,0.0005875416774999,0.0,0.0028480012499999996,0.0,0.0,0.0014240006249999998,44.24228878815001,63.30205129544999,0.0,53.7721700418,-0.0018037469567350327,0.0,0.0,0.0,0.0,0.0,0.0,0.0,0.0,0.0,0.0,0.0,0.0,0.0,0.0,0.0,0.0,0.0,0.0,0.0,0.0,0.0,0.0,0.0,0.0,0.0,0.0,0.0,0.0,0.0,0.0,0.0,0.0,0.00020605399249995,0.0,0.0,0.0,0.0,0.0,0.0,0.0,0.0,0.00038148768499995,0.0,0.0,0.0,0.0,0.0,0.09235123740964003,0.09076250045897724,0.0907582851982811,0.09076112277328786,0.0907680433725535,7.657462770538999e-10,0.09076706151712603,0.09076567437684681,0.09076922122008235,9.328920302759181e-10,7.622449264896031e-10,0.09076818397248015,0.09076744031610637,0.0907612253303045,8.019155289459616e-10,7.888121725497127e-10,0.0,0.0,0.0,0.0,0.0,0.0,0.0,0.0,0.0,0.0,0.0,0.0,0.0,0.0,0.0,0.0,750,719.3920142215687,250.0,-6.240035142468233e-11,2.7289514829100894e-11,1.0000000004400031,0.0638025529471773,-0.04958323805607646,0.07705792120174085,0.905833434585873,0.06380196915943154,-8.393495851864312e-05,-0.01410670087227605,0.8820721133023084,0.06380199313976198,-0.03854144821867766,-0.10700509054332402,0.8418153909388378,0.06380197775732716,-0.11012723109186809,-0.15738334039776955,0.8978460148264336,0.0638020387883684,-0.04461691504423522,-0.06378690005219187,0.9016613656209097,0.059635874304169424,-0.016427397906030105,-0.02359737528800984,0.9024555189760344,0.06380221831068703,-0.008513661157501327,-0.01128157401236571,0.9025000000872253,0.06380183053782529,-0.012033346193765258,-0.017244778666069452,0.9025000000601103,0.06380169957422696,-0.06019605046721272,-0.08605560844970664,0.902328295663315,0.05963587961103569,-0.01657557279486404,-0.023717486893643558,0.9009137979276056,0.05963588268198371,-0.015291958713784406,-0.021962396044304448,0.9024995182296913,0.06380230766286993,-0.011030703903550017,-0.015489690742636331,0.9025000000768031,0.06380225489847058,-8.395754873414911e-05,-0.014106399162609168,0.8715628164551623,0.06380199320689986,-0.06602024423825657,-0.09966797389336127,0.9025245878820304,0.05963588074385443,-0.06547943366583807,-0.047009366818430716,0.9025000001212495,0.05963364663550333,-7.895062267329223e-12,0.09235123740964003,-0.015388054516667374,0.09076250045897724,-0.00819095632178608,0.0907582851982811,-0.004397976008060249,0.09076112277328786,-0.0005622896009397091,0.0907680433725535,0.003870401019451824,7.657462770538999e-10,0.0038873173641163277,0.09076706151712603,0.007893059403874157,0.09076567437684681,-0.003906326711351462,0.09076922122008235,-0.00039297677356887455,9.328920302759181e-10,0.0036492878573129795,7.622449264896031e-10,0.0036849631274335952,0.09076818397248015,0.007708506832473098,0.09076744031610637,-0.0034072030676287465,0.0907612253303045,0.0003840492197802575,8.019155289459616e-10,0.00019119192842394648,7.888121725497127e-10,0.0,0.0,0.0,0.0,0.0,0.0,0.0,0.0,0.0,0.0,0.0,0.0,0.0,0.0,0.0,0.0,0.0,0.0,0.0,0.0,0.0,0.0,0.0,0.0,0.0,0.0,0.0,0.0,0.0,0.0,0.0,0.0,44.14122213820165,132.17432353017827,87.80660313280106,87.26683880654026,129.403821549132,85.9365864399201,85.86628573279812,42.921102675676586,42.870340361244274,128.69469203008475,85.66008745808952,85.58575721860902,42.77781687685071,88.10078282750185,88.09010964484294,44.042450269233555,6.106226635438361e-13
