,Timestep,P Feed In,P Feed Out,P DER,P Local Gen,P Local Dem,Q Feed In,Q Feed Out,Q Local Dem,FT,GT,Surplus,Spot,Rel Surplus,PI,Shadow Price 0,Shadow Price 1,Shadow Price 2,Shadow Price 3,Shadow Price 4,Shadow Price 5,Shadow Price 6,Shadow Price 7,Shadow Price 8,Shadow Price 9,Shadow Price 10,Shadow Price 11,Shadow Price 12,Shadow Price 13,Shadow Price 14,Shadow Price 15,DER1,gP1,B1,DER2,gP2,B2,DER3,gP3,B3,DER4,gP4,B4,DER6,gP6,B6,DER7,gP7,B7,DER8,gP8,B8,DER11,gP11,B11,DER12,gP12,B12,DER13,gP13,B13,Alpha0,Alpha1,Alpha2,Alpha3,Alpha4,Alpha5,Alpha6,Alpha7,Alpha8,Alpha9,Alpha10,Alpha11,Alpha12,Alpha13,Alpha14,Alpha15,Balance N0,Balance N1,Balance N2,Balance N3,Balance N4,Balance N5,Balance N6,Balance N7,Balance N8,Balance N9,Balance N10,Balance N11,Balance N12,Balance N13,Balance N14,Balance N15,Num ITS,BEST OF,Pen Factor,BEST P0,BEST Q0,BEST U0,BEST A0,BEST RF0,BEST RV0,BEST P1,BEST Q1,BEST U1,BEST A1,BEST RF1,BEST RV1,BEST P2,BEST Q2,BEST U2,BEST A2,BEST RF2,BEST RV2,BEST P3,BEST Q3,BEST U3,BEST A3,BEST RF3,BEST RV3,BEST P4,BEST Q4,BEST U4,BEST A4,BEST RF4,BEST RV4,BEST P5,BEST Q5,BEST U5,BEST A5,BEST RF5,BEST RV5,BEST P6,BEST Q6,BEST U6,BEST A6,BEST RF6,BEST RV6,BEST P7,BEST Q7,BEST U7,BEST A7,BEST RF7,BEST RV7,BEST P8,BEST Q8,BEST U8,BEST A8,BEST RF8,BEST RV8,BEST P9,BEST Q9,BEST U9,BEST A9,BEST RF9,BEST RV9,BEST P10,BEST Q10,BEST U10,BEST A10,BEST RF10,BEST RV10,BEST P11,BEST Q11,BEST U11,BEST A11,BEST RF11,BEST RV11,BEST P12,BEST Q12,BEST U12,BEST A12,BEST RF12,BEST RV12,BEST P13,BEST Q13,BEST U13,BEST A13,BEST RF13,BEST RV13,BEST P14,BEST Q14,BEST U14,BEST A14,BEST RF14,BEST RV14,BEST P15,BEST Q15,BEST U15,BEST A15,BEST RF15,BEST RV15,Global P0,Global A0,Global P1,Global A1,Global P2,Global A2,Global P3,Global A3,Global P4,Global A4,Global P5,Global A5,Global P6,Global A6,Global P7,Global A7,Global P8,Global A8,Global P9,Global A9,Global P10,Global A10,Global P11,Global A11,Global P12,Global A12,Global P13,Global A13,Global P14,Global A14,Global P15,Global A15,Lambda P0,Lambda A0,Lambda P1,Lambda A1,Lambda P2,Lambda A2,Lambda P3,Lambda A3,Lambda P4,Lambda A4,Lambda P5,Lambda A5,Lambda P6,Lambda A6,Lambda P7,Lambda A7,Lambda P8,Lambda A8,Lambda P9,Lambda A9,Lambda P10,Lambda A10,Lambda P11,Lambda A11,Lambda P12,Lambda A12,Lambda P13,Lambda A13,Lambda P14,Lambda A14,Lambda P15,Lambda A15,Global DA0,Global DA1,Global DA2,Global DA3,Global DA4,Global DA5,Global DA6,Global DA7,Global DA8,Global DA9,Global DA10,Global DA11,Global DA12,Global DA13,Global DA14,Global DA15,Global Flex
0,2013-11-01 00:00:00,1.8627616883032666e-11,0.05946423868378138,0.0067797363075,0.06799999836650379,0.004165080000000001,0.0020825397187630144,6.209761216494507e-14,0.0020825400000000003,65.54750674635001,84.60726925364999,,75.077388,0.0078131,-3.4781966282607675,65.47414846307286,65.41665316767468,65.36738321306221,65.33376045511802,65.30968318347817,65.30015274821976,65.29504805819329,65.29338673264499,65.28626674510338,65.28976806473337,65.2794053027885,65.27486890738327,65.27336112398895,65.40773096179518,65.39274326845455,65.38798514148682,0.0,0.0059999995897683555,0.00400000014360923,0.0,0.005999999711806787,0.004000000100706257,0.0,0.0059999999181233315,0.004000000015721552,0.0,0.005999999903872646,0.00400000001908154,0.0,0.005999999892022725,0.00400000002395932,0.0024485786550000003,0.00999999998537004,0.019999999957039813,0.0,0.005999999910097144,0.004000000018739037,0.0,0.005999999941342629,0.004000000010834117,0.0043311576525,0.009999999982598134,0.019999999969748238,0.0,0.005999999896668138,0.0040000000278845,1.0,0.0,0.0,0.0,0.0,0.0,0.0,0.0,0.0,0.0,0.0,0.0,0.0,0.0,0.0,0.0,-7.371567018866642,,,,,,,,,,,,,,,,593,-142.18745447,100.0,0.0,0.0,1.0,0.06492208,0.0,0.0,-0.05264633,0.0770663,0.90583585,0.06075542,0.00132979,2.66e-06,-6.339e-05,-0.01410314,0.88209408,0.0635923,-6.58e-06,0.00023368,-0.03848228,-0.10700788,0.84183564,0.06357826,-0.00034453,0.00040634,-0.11017381,-0.157395,0.89784834,0.06388717,-0.00097867,0.0,-0.04467056,-0.06378577,0.90166377,0.06075542,0.00132952,4.653e-05,-0.016396,-0.02359741,0.90249596,0.06359173,0.00068434,9.707e-05,-0.00817897,-0.01127071,0.9025,0.06290353,0.00201346,0.0001053,-0.01180647,-0.01723014,0.9025,0.06290311,-0.00097867,0.0,-0.06025705,-0.08605819,0.90234782,0.06075542,0.0,0.0,-0.01656827,-0.02371384,0.90091712,0.06075542,0.00132929,6.407e-05,-0.01526056,-0.02196256,0.90249264,0.06359123,0.00068673,2.077e-05,-0.01144957,-0.01547885,0.9025,0.06290584,0.00132978,2.66e-06,-6.368e-05,-0.0141032,0.87157144,0.06359229,-0.00132978,0.0,-0.06605303,-0.09966936,0.90253596,0.06075542,0.0,0.0,-0.06545892,-0.04699942,0.9025,0.06075542,0.0,0.0,0.0,1.0,-0.05948173,0.0,-0.04903549,0.0,-0.04341924,0.0,-0.03804086,0.0,-0.01457085,0.0,-0.01603849,0.0,-0.01154743,0.0,-0.0050816,0.0,-0.01919449,0.0,-0.01625462,0.0,-0.0178181,0.0,-0.01339792,0.0,-0.00482964,0.0,0.00078344,0.0,0.00035989,0.0,0.0,-0.026132830000006907,0.6544475199999992,-0.50659915,0.6539094400000003,-0.5310381700000001,0.6534430100000005,-0.4984686999999998,0.6531352900000007,-0.5008768300000002,0.6530447899999999,-0.50659834,0.6529740299999991,-0.49487548,0.65294025,-0.4942692699999998,0.652877449999999,-0.5112389500000003,0.6529779800000017,-0.5065999,0.6528411300000003,-0.5065988499999998,0.6527659000000006,-0.5045445400000002,0.6527398500000002,-0.5015987399999998,0.6541146200000006,-0.5465909699999999,0.6540475000000002,-0.50659867,0.6539121900000001,-0.5065984099999999,65.44455957,196.24708376,130.73527349,130.6578112,195.91579774,130.6019022,130.59149651,65.29422704,65.28786905,195.86966325,130.56068435,130.55056612,65.27417991,130.81621655,130.79603478,65.39139415,0.00036803
1,2013-11-01 01:00:00,4.611179081361043e-11,3.580182195926034e-11,0.006114559553749949,-0.006432739112400372,0.0034434975000000017,0.001721748577322603,2.992496942241273e-14,0.0017217487500000008,44.57518278815001,63.63494529544999,,54.1050640418,0.0078131,-3.4781966282291465,55.489713624984944,55.48700549119122,55.47148068944063,55.252253484272764,54.937614973472094,54.92943076082435,54.931241163079534,54.93783889500251,54.863999048299526,54.87407591663087,54.86365257086203,54.85630080857365,54.8632780699284,55.492859884666906,55.495532642786834,55.496275329281914,0.0,-2.247535875856521e-10,0.004000000158807044,0.0,-1.657529429592596e-10,0.004000000112117026,0.0,-5.2522559444130196e-11,0.004000000013957531,0.0,-6.109027895621104e-11,0.004000000017049645,0.0,-6.83252170844097e-11,0.004000000023415367,0.00207483727624995,-0.0030919016861094962,0.02309190158555941,0.0,-5.603737464730177e-11,0.0040000000169651264,0.0,-3.6859052773514916e-11,0.004000000008738135,0.0040397222774999995,-0.0033408363983569865,0.0233408363204517,0.0,-6.317681937115849e-11,0.004000000028953814,1.0,0.0,0.0,0.0,0.0,0.0,0.0,0.0,0.0,0.0,0.0,0.0,0.0,0.0,0.0,0.0,-10.84976364652369,,,,,,,,,,,,,,,,593,-142.18745447,100.0,0.0,0.0,1.0,0.06492208,0.0,0.0,-0.05231687,0.07706243,0.9058346,0.06075542,0.00132979,2.66e-06,-6.372e-05,-0.0141049,0.88209207,0.0635923,-6.58e-06,0.00023368,-0.03848198,-0.10700746,0.84183354,0.06357826,-0.00034453,0.00040634,-0.11017289,-0.15739219,0.89784708,0.06388717,-0.00097867,0.0,-0.04467937,-0.06378747,0.90166335,0.06075542,0.00132952,4.653e-05,-0.01638743,-0.02359738,0.90249528,0.06359173,0.00068434,9.707e-05,-0.00816538,-0.01127672,0.9025,0.06290353,0.00201346,0.0001053,-0.01180205,-0.01723811,0.9025,0.06290311,-0.00097867,0.0,-0.06026181,-0.08605783,0.9023461,0.06075542,0.0,0.0,-0.01657224,-0.0237158,0.90091654,0.06075542,0.00132929,6.407e-05,-0.01525199,-0.02196253,0.90249241,0.06359123,0.00068673,2.077e-05,-0.01143998,-0.01548485,0.9025,0.06290584,0.00132978,2.66e-06,-6.402e-05,-0.01410496,0.87156669,0.06359229,-0.00132978,0.0,-0.06606083,-0.09966866,0.90252973,0.06075542,0.0,0.0,-0.0654702,-0.04700491,0.9025,0.06075542,0.0,0.0,0.0,1.0,-0.00017488,0.0,-0.00255829,0.0,-0.00307047,0.0,-0.00336324,0.0,6.11e-05,0.0,0.00046849,0.0,0.00090657,0.0,-0.00013634,0.0,-0.00296572,0.0,-0.002002,0.0,-0.00146226,0.0,-0.00088299,0.0,0.00164201,0.0,0.00104079,0.0,0.00042432,0.0,0.0,-0.026132830000006907,0.5548895400000001,-0.50659915,0.5547958500000001,-0.5310381700000001,0.5546345699999994,-0.4984686999999998,0.5524411700000003,-0.5008768300000002,0.549391990000001,-0.50659834,0.5493349399999998,-0.49487548,0.5493746300000005,-0.4942692699999998,0.54872277,-0.5112389500000003,0.5492987399999998,-0.5065999,0.5487209400000003,-0.5065988499999998,0.54864872,-0.5045445400000002,0.5486045900000002,-0.5015987399999998,0.5548928200000007,-0.5465909699999999,0.5549481099999994,-0.50659867,0.5549588399999998,-0.5065984099999999,55.48897965,166.45786525,110.94301396,110.70755022,165.11315529,109.87269744,109.87096663,54.93745965,54.87215479,164.67427343,109.73698933,109.72533664,54.86044774,110.98408571,110.99075611,55.49574596,0.00036803
2,2013-11-01 02:00:00,0.10312792595620138,1.7205248326132653e-11,0.0051794656812498,-0.09999999896568877,0.003127927500000001,0.0015639634134014117,7.529097334112707e-14,0.0015639637500000005,26.69681874635001,45.75658125364999,,36.2267,0.0078131,-3.4781966282291465,46.150466662681325,46.144542617094075,46.092161382671925,45.98331066794475,45.84573502340665,45.82586044285636,45.81295514055431,45.80738424748959,45.782572456543676,45.78835717997822,45.75666679535915,45.73495921319025,45.72776334679529,46.17020315724629,46.187071173817436,46.192051779339415,0.0,-0.009999999407918462,0.013999999406684845,0.0,-0.009999999578434917,0.013999999562253873,0.0,-0.009999999977274488,0.013999999945631333,0.0,-0.009999999973300758,0.013999999936441524,0.0,-0.009999999957599282,0.01399999992208356,0.0017848978787499,-0.009999999986731766,0.03309190151470143,0.0,-0.009999999973505966,0.013999999941220038,0.0,-0.009999999989625379,0.013999999965061304,0.0033945678024999,-0.00999999998304556,0.03334083625584379,0.0,-0.009999999899328432,0.013999999876775226,1.0,0.0,0.0,0.0,0.0,0.0,0.0,0.0,0.0,0.0,0.0,0.0,0.0,0.0,0.0,0.0,-9.568558366713727,,,,,,,,,,,,,,,,593,-142.18745447,100.0,0.0,0.0,1.0,0.06492208,0.0,0.0,-0.0518507,0.07706075,0.90583404,0.06075542,0.00132979,2.66e-06,-6.387e-05,-0.01410567,0.88209119,0.0635923,-6.58e-06,0.00023368,-0.03848184,-0.10700727,0.84183263,0.06357826,-0.00034453,0.00040634,-0.11017249,-0.15739096,0.89784653,0.06388717,-0.00097867,0.0,-0.04468323,-0.06378822,0.90166317,0.06075542,0.00132952,4.653e-05,-0.01638368,-0.02359737,0.90249535,0.06359173,0.00068434,9.707e-05,-0.00815556,-0.01127935,0.9025,0.06290353,0.00201346,0.0001053,-0.01180012,-0.0172416,0.9025,0.06290311,-0.00097867,0.0,-0.0602639,-0.08605767,0.90234534,0.06075542,0.0,0.0,-0.01657398,-0.02371665,0.90091628,0.06075542,0.00132929,6.407e-05,-0.01524824,-0.02196252,0.90249258,0.06359123,0.00068673,2.077e-05,-0.01142282,-0.01548747,0.9025,0.06290584,0.00132978,2.66e-06,-6.417e-05,-0.01410574,0.87156461,0.06359229,-0.00132978,0.0,-0.06606424,-0.09966836,0.902527,0.06075542,0.0,0.0,-0.06547514,-0.0470073,0.9025,0.06075542,0.0,0.0,0.0,1.0,0.10283227,0.0,0.07929662,0.0,0.06866597,0.0,0.05816983,0.0,0.01944466,0.0,0.01899378,0.0,0.00854434,0.0,0.01027159,0.0,0.02818274,0.0,0.01748577,0.0,0.01716795,0.0,0.00686212,0.0,0.0124601,0.0,0.00157093,0.0,0.0006045,0.0,0.0,-0.026132830000006907,0.46147258999999996,-0.50659915,0.46117881999999943,-0.5310381700000001,0.46061298,-0.4984686999999998,0.45950402999999984,-0.5008768300000002,0.4583691400000006,-0.50659834,0.4582006699999999,-0.49487548,0.45810712,-0.4942692699999998,0.4578628599999999,-0.5112389500000003,0.4582302699999998,-0.5065999,0.4577326100000005,-0.5065988499999998,0.45747073000000016,-0.5045445400000002,0.45731408,-0.5015987399999998,0.4615678500000003,-0.5465909699999999,0.46177697999999984,-0.50659867,0.46189238999999993,-0.5065984099999999,46.14724803,138.42189834,92.17919945,92.0116902,137.6103558,91.65699073,91.6308541,45.81081448,45.7861669,137.38251392,91.52032252,91.47857688,45.73152693,92.33447529,92.36700188,46.18920895,0.00036803
3,2013-11-01 03:00:00,0.040930866405113384,1.8595998171159788e-11,0.0042044783924998505,-0.03600000186879839,0.0029431799999999997,0.0014715892997541283,1.5870215301346608e-13,0.0014715899999999998,28.42003278815001,47.47979529544999,,37.9499140418,0.0078131,-3.4781966282291465,47.53028980864569,47.62785554571162,47.70743512769962,47.88694709565834,48.1136142862262,48.14170129639799,48.15897801252138,48.166994154034235,48.1873030777379,48.17887093747652,48.20328126661758,48.22049279034293,48.225003271740626,47.63966231441169,47.64625721865868,47.64828470080475,0.0,-0.002000000594080144,0.015999999840700642,0.0,-0.0020000004553144862,0.015999999889253262,0.0,-0.002000000085955943,0.015999999985985044,0.0,-0.0020000001006894425,0.015999999983217685,0.0,-0.002000000113604506,0.015999999976749776,0.0018079366862499,-0.009999999989163752,0.04309190144627537,0.0,-0.002000000091105071,0.015999999983070723,0.0,-0.0020000000595961523,0.015999999991353927,0.0023965417062499503,-0.009999999982929796,0.04334083619112009,0.0,-0.002000000146064423,0.015999999971307886,1.0,0.0,0.0,0.0,0.0,0.0,0.0,0.0,0.0,0.0,0.0,0.0,0.0,0.0,0.0,0.0,-11.101299053472749,,,,,,,,,,,,,,,,593,-142.18745447,100.0,0.0,0.0,1.0,0.06492208,0.0,0.0,-0.05136402,0.07705976,0.90583372,0.06075542,0.00132979,2.66e-06,-6.397e-05,-0.01410611,0.88209067,0.0635923,-6.58e-06,0.00023368,-0.03848174,-0.10700716,0.8418321,0.06357826,-0.00034453,0.00040634,-0.11017226,-0.15739025,0.89784621,0.06388717,-0.00097867,0.0,-0.04468549,-0.06378866,0.90166306,0.06075542,0.00132952,4.653e-05,-0.01638148,-0.02359736,0.90249483,0.06359173,0.00068434,9.707e-05,-0.0081557,-0.01128088,0.9025,0.06290353,0.00201346,0.0001053,-0.01179899,-0.01724364,0.9025,0.06290311,-0.00097867,0.0,-0.06026512,-0.08605758,0.9023449,0.06075542,0.0,0.0,-0.01657499,-0.02371715,0.90091613,0.06075542,0.00132929,6.407e-05,-0.01524604,-0.02196252,0.90249299,0.06359123,0.00068673,2.077e-05,-0.01139722,-0.015489,0.9025,0.06290584,0.00132978,2.66e-06,-6.425e-05,-0.01410618,0.8715634,0.06359229,-0.00132978,0.0,-0.06606624,-0.09966817,0.90252541,0.06075542,0.0,0.0,-0.06547804,-0.0470087,0.9025,0.06075542,0.0,0.0,0.0,1.0,0.04091791,0.0,0.03576647,0.0,0.03345621,0.0,0.03101685,0.0,0.01237071,0.0,0.01154361,0.0,0.00870857,0.0,0.00253465,0.0,0.01564895,0.0,0.01192445,0.0,0.01104194,0.0,0.00814975,0.0,0.00286177,0.0,0.00058647,0.0,0.00027155,0.0,0.0,-0.026132830000006907,0.4757796300000001,-0.50659915,0.4766629599999999,-0.5310381700000001,0.47745408000000017,-0.4984686999999998,0.4792348600000002,-0.5008768300000002,0.48124370999999927,-0.50659834,0.48148513999999965,-0.49487548,0.48161328,-0.4942692699999998,0.4818126500000002,-0.5112389500000003,0.4813354200000004,-0.5065999,0.48189198000000033,-0.5065988499999998,0.4820928099999998,-0.5045445400000002,0.4822228499999999,-0.5015987399999998,0.4763316600000003,-0.5465909699999999,0.47643628000000054,-0.50659867,0.4764730700000002,-0.5065984099999999,47.57793594,142.87741125,95.41170151,95.66887445,144.18140211,96.27286889,96.30981899,48.16108055,48.18132811,144.50395176,96.39847254,96.43161424,48.22235693,95.2768172,95.29101579,47.64748861,0.00036803
4,2013-11-01 04:00:00,5.1597019565167586e-11,3.3348161688849193e-11,0.00376233025874985,-0.004696122978668046,0.0029299500000000006,0.0014649748263155435,3.015636798997794e-14,0.0014649750000000003,43.95835272545001,63.01811523274999,,53.4882339791,0.0078131,-3.4781966282291465,55.69180468754192,55.68667734929732,55.651158274005304,55.38289711144511,55.003214640888196,54.97398152694267,54.95358918093466,54.93716722876284,54.91453460614789,54.9234630528584,54.897485456879075,54.8727105188319,54.86279641442479,55.704567264547165,55.71380511034541,55.71687177044892,0.0,0.0006053676464615027,0.015394631981469306,0.0,0.0010856566752409393,0.01491434305909081,0.0,0.0005878146108002436,0.015412185320747958,0.0,3.579595023382111e-08,0.015999964124333587,0.0,4.8927745404384164e-08,0.015999950980248895,0.0017726700324999,-0.0038930647655725324,0.04698496615425762,0.0,0.00012082829075104997,0.015879171634477943,0.0,7.675226593471441e-09,0.015999992277255418,0.00198966022624995,-0.0039062969989500824,0.04724713314241647,0.0,0.0007034794641792095,0.01529652044477831,1.0,0.0,0.0,0.0,0.0,0.0,0.0,0.0,0.0,0.0,0.0,0.0,0.0,0.0,0.0,0.0,-14.579495680685584,,,,,,,,,,,,,,,,593,-142.18745447,100.0,0.0,0.0,1.0,0.06492208,0.0,0.0,-0.051143,0.07705969,0.9058337,0.06075542,0.00132979,2.66e-06,-6.399e-05,-0.01410615,0.88209064,0.0635923,-6.58e-06,0.00023368,-0.03848171,-0.10700715,0.84183206,0.06357826,-0.00034453,0.00040634,-0.11017224,-0.15739019,0.89784619,0.06388717,-0.00097867,0.0,-0.04468567,-0.06378869,0.90166305,0.06075542,0.00132952,4.653e-05,-0.01638133,-0.02359736,0.9024949,0.06359173,0.00068434,9.707e-05,-0.00815458,-0.01128098,0.9025,0.06290353,0.00201346,0.0001053,-0.01179891,-0.01724379,0.9025,0.06290311,-0.00097867,0.0,-0.06026522,-0.08605757,0.90234487,0.06075542,0.0,0.0,-0.01657507,-0.0237172,0.90091612,0.06075542,0.00132929,6.407e-05,-0.01524589,-0.02196251,0.9024932,0.06359123,0.00068673,2.077e-05,-0.01138698,-0.01548911,0.9025,0.06290584,0.00132978,2.66e-06,-6.425e-05,-0.01410621,0.87156331,0.06359229,-0.00132978,0.0,-0.06606639,-0.09966817,0.9025253,0.06075542,0.0,0.0,-0.06547824,-0.0470088,0.9025,0.06075542,0.0,0.0,0.0,1.0,-0.00018172,0.0,-0.00117755,0.0,-0.00058917,0.0,-0.00027688,0.0,0.00101448,0.0,0.00148159,0.0,0.00197074,0.0,-0.00031397,0.0,-0.000775,0.0,0.00045716,0.0,0.00106247,0.0,0.00169332,0.0,0.00087263,0.0,0.00099438,0.0,0.00039724,0.0,0.0,-0.026132830000006907,0.5569007899999985,-0.50659915,0.5566944899999997,-0.5310381700000001,0.5563481199999993,-0.4984686999999998,0.5536627299999995,-0.5008768300000002,0.5499530299999997,-0.50659834,0.5496756900000004,-0.49487548,0.5494889500000003,-0.4942692699999998,0.5492276400000005,-0.5112389500000003,0.5499103600000002,-0.5065999,0.5491422700000006,-0.5065988499999998,0.54890761,-0.5045445400000002,0.5486852600000003,-0.5015987399999998,0.5569498599999998,-0.5465909699999999,0.5571000900000008,-0.50659867,0.5571541900000003,-0.5065984099999999,55.69006169,167.05448524,111.30426362,111.00105716,165.35260819,109.96289189,109.9164694,54.94890591,54.92277199,164.82803532,109.80498209,109.7592875,54.86852606,111.40498627,111.42545136,55.71543638,0.00036803
5,2013-11-01 05:00:00,2.945284861453982e-11,6.019381896498117e-11,0.0044438281074999,-0.004871141617682052,0.0035043899999999987,0.0017521948328341756,2.811760613897233e-14,0.0017521949999999994,49.16716472545001,68.22692723274999,,58.6970459791,0.0078131,-3.4781966282291465,55.69010029279776,55.685112786434324,55.64836535712782,55.381378522135755,55.0046802971672,54.97517729737492,54.95535996260149,54.939580087866744,54.91422273856368,54.92496144833769,54.89946588804074,54.87535646557331,54.865482628663656,55.7027484050688,55.71372298738337,55.71708519901986,0.0,-0.0006053681051634136,0.015999999873770366,0.0,-0.0010856569979458754,0.01599999990207986,0.0,-0.0005878147173637933,0.015999999983668377,0.0,-3.591995519031619e-08,0.015999999980795,0.0,-4.9064724500007275e-08,0.015999999975921105,0.00202044190624995,-0.001015033893744056,0.04799999999040869,0.0,-0.00012082840444579884,0.015999999981013785,0.0,-7.750853676312377e-09,0.01599999998904021,0.00242338620124995,-0.0007528668731996805,0.04799999996796096,0.0,-0.000703479589782532,0.01599999997212807,1.0,0.0,0.0,0.0,0.0,0.0,0.0,0.0,0.0,0.0,0.0,0.0,0.0,0.0,0.0,0.0,-18.0576923106267,,,,,,,,,,,,,,,,593,-142.18745447,100.0,0.0,0.0,1.0,0.06492208,0.0,0.0,-0.05148126,0.07706277,0.9058347,0.06075542,0.00132979,2.66e-06,-6.375e-05,-0.01410475,0.88209224,0.0635923,-6.58e-06,0.00023368,-0.03848192,-0.10700749,0.84183372,0.06357826,-0.00034453,0.00040634,-0.11017297,-0.15739243,0.89784719,0.06388717,-0.00097867,0.0,-0.04467864,-0.06378733,0.90166339,0.06075542,0.00132952,4.653e-05,-0.01638816,-0.02359738,0.90249559,0.06359173,0.00068434,9.707e-05,-0.00816386,-0.01127621,0.9025,0.06290353,0.00201346,0.0001053,-0.01180243,-0.01723744,0.9025,0.06290311,-0.00097867,0.0,-0.06026142,-0.08605786,0.90234624,0.06075542,0.0,0.0,-0.0165719,-0.02371564,0.90091659,0.06075542,0.00132929,6.407e-05,-0.01525272,-0.02196254,0.90249328,0.06359123,0.00068673,2.077e-05,-0.01139967,-0.01548434,0.9025,0.06290584,0.00132978,2.66e-06,-6.397e-05,-0.01410481,0.87156709,0.06359229,-0.00132978,0.0,-0.06606019,-0.09966872,0.90253026,0.06075542,0.0,0.0,-0.06546925,-0.04700444,0.9025,0.06075542,0.0,0.0,0.0,1.0,-0.00018173,0.0,-0.00394612,0.0,-0.00556417,0.0,-0.00644964,0.0,-0.00200445,0.0,-0.0015669,0.0,-0.0011163,0.0,-3.416e-05,0.0,-0.00393737,0.0,-0.00301455,0.0,-0.00244771,0.0,-0.00185539,0.0,0.00239179,0.0,0.00106889,0.0,0.00043481,0.0,0.0,-0.026132830000006907,0.556883060000001,-0.50659915,0.5566717799999988,-0.5310381700000001,0.5562465700000004,-0.4984686999999998,0.5535483999999995,-0.5008768300000002,0.5499618299999994,-0.50659834,0.5496879499999997,-0.49487548,0.5495077800000001,-0.4942692699999998,0.5492307000000001,-0.5112389500000003,0.5499068300000008,-0.5065999,0.5491571899999991,-0.5065988499999998,0.5489268500000001,-0.5045445400000002,0.5487114400000008,-0.5015987399999998,0.5569328300000004,-0.5465909699999999,0.5570843399999991,-0.50659867,0.5571525100000002,-0.5065984099999999,55.68830198,167.04878519,111.29184038,110.97947686,165.3417192,109.96499818,109.91954001,54.95082284,54.92303682,164.82950424,109.80838216,109.76381265,54.87113044,111.40171926,111.4238005,55.71512428,0.00036803
6,2013-11-01 06:00:00,1.8550827663857742e-11,0.021473186406509144,0.004772231704999951,0.0359999975694824,0.005518304999999999,0.002759152343114326,2.4725649176904876e-14,0.0027591524999999997,66.83012578815001,85.88988829544999,,76.3600070418,0.0078131,-3.4781966282291465,66.80363532421683,66.65477355982314,66.50907182022793,66.19974441719015,65.81589345788923,65.76522472409319,65.73466474151988,65.72124821537285,65.689281897495,65.70282350233599,65.65598259021358,65.62230532666004,65.61272518551732,66.65085581977743,66.65353295697757,66.65379098517789,8.8992e-07,0.0019999994045472153,0.014000000208431316,8.8992e-07,0.001999999543717899,0.014000000167019478,8.8992e-07,0.001999999848010241,0.014000000068471933,8.8992e-07,0.001999999824422026,0.014000000078620135,8.8992e-07,0.0019999997995617342,0.014000000091694893,0.0019273339624999502,0.009999999987349422,0.03799999994264082,8.8992e-07,0.001999999837079939,0.014000000072245288,8.8992e-07,0.001999999891889736,0.014000000049026682,0.0028377783825,0.009999999983171571,0.0379999999347583,8.8992e-07,0.0019999998214913664,0.0140000000734984,1.0,0.0,0.0,0.0,0.0,0.0,0.0,0.0,0.0,0.0,0.0,0.0,0.0,0.0,0.0,0.0,-22.970375851565947,,,,,,,,,,,,,,,,593,-142.18745447,100.0,0.0,0.0,1.0,0.06492208,0.0,0.0,-0.05163676,0.07707353,0.90583821,0.06075542,0.00132979,2.66e-06,-6.285e-05,-0.01409984,0.88209786,0.0635923,-6.58e-06,0.00023368,-0.03848271,-0.10700868,0.84183955,0.06357826,-0.00034453,0.00040634,-0.11017553,-0.15740027,0.89785071,0.06388717,-0.00097867,0.0,-0.04465399,-0.06378257,0.90166456,0.06075542,0.00132952,4.653e-05,-0.01641216,-0.02359747,0.90250085,0.06359173,0.00068434,9.707e-05,-0.00816696,-0.01125946,0.9025,0.06290353,0.00201346,0.0001053,-0.01181484,-0.01721519,0.9025,0.06290311,-0.00097867,0.0,-0.06024808,-0.08605887,0.90235106,0.06075542,0.0,0.0,-0.01656082,-0.02371017,0.9009182,0.06075542,0.00132929,6.407e-05,-0.01527672,-0.02196261,0.90249412,0.06359123,0.00068673,2.077e-05,-0.01141638,-0.01546762,0.9025,0.06290584,0.00132978,2.66e-06,-6.301e-05,-0.01409991,0.87158034,0.06359229,-0.00132978,0.0,-0.06603837,-0.09967067,0.90254764,0.06075542,0.0,0.0,-0.06543775,-0.04698914,0.9025,0.06075542,0.0,0.0,0.0,1.0,-0.02150118,0.0,-0.01917204,0.0,-0.01779369,0.0,-0.01673708,0.0,-0.00918897,0.0,-0.01098551,0.0,-0.01081937,0.0,-0.0008503,0.0,-0.00774288,0.0,-0.00955785,0.0,-0.01155693,0.0,-0.01161331,0.0,-0.00084568,0.0,0.00074632,0.0,0.00036951,0.0,0.0,-0.026132830000006907,0.6672949799999991,-0.50659915,0.6658189200000004,-0.5310381700000001,0.664391999999999,-0.4984686999999998,0.66134298,-0.5008768300000002,0.6579505200000001,-0.50659834,0.6575248699999994,-0.49487548,0.6573032700000008,-0.4942692699999998,0.6569881799999991,-0.5112389500000003,0.6578026400000002,-0.5065999,0.6568225200000001,-0.5065988499999998,0.6564353700000003,-0.5045445400000002,0.6561812699999998,-0.5015987399999998,0.6665198100000004,-0.5465909699999999,0.6665012699999988,-0.50659867,0.6665304400000003,-0.5065984099999999,66.72949828,199.96329668,133.02108696,132.57349693,197.7096062,131.54753545,131.48275421,65.7304333,65.69868668,197.16127039,131.32582056,131.26165112,65.61804022,133.30212477,133.30325435,66.65294209,0.00036803
7,2013-11-01 07:00:00,1.8835095178790012e-11,0.09657204917372965,0.004742699533749901,0.0999999991207861,0.008142427499998496,0.0040712135879280515,2.658282788776562e-14,0.004071213749999248,73.10616070455,92.16592321184999,,82.6360419582,0.0078131,-3.4781966282291465,72.98702418918086,72.83442649639868,72.7164116965311,72.49567001213096,72.23152946064656,72.18901305826755,72.16330227963115,72.15213783445172,72.15229995400992,72.1616625814019,72.13497146757965,72.11680439362598,72.1118411856227,72.80585284601383,72.78431302388726,72.77663860961846,1.3232805e-05,0.009999999813704908,0.004000000133910891,1.3232805e-05,0.009999999871443765,0.004000000104216209,1.3232805e-05,0.009999999986419265,0.004000000014865042,1.3232805e-05,0.009999999983044025,0.004000000017818869,1.3232805e-05,0.009999999976397923,0.004000000030625295,0.00227046559999995,0.009999999979910777,0.027999999902311425,1.3232805e-05,0.009999999983036658,0.0040000000175167425,1.3232805e-05,0.009999999991320768,0.00400000000958079,0.00236637149374995,0.009999999979718855,0.027999999905008278,1.3232805e-05,0.009999999968295922,0.004000000028039412,1.0,0.0,0.0,0.0,0.0,0.0,0.0,0.0,0.0,0.0,0.0,0.0,0.0,0.0,0.0,0.0,-33.497078967462144,,,,,,,,,,,,,,,,593,-142.18745447,100.0,0.0,0.0,1.0,0.06492208,0.0,0.0,-0.05161138,0.07708755,0.90584279,0.06075542,0.00132979,2.66e-06,-6.176e-05,-0.01409343,0.88210504,0.0635923,-6.58e-06,0.00023368,-0.03848373,-0.1070102,0.84184697,0.06357826,-0.00034453,0.00040634,-0.11017873,-0.15741042,0.89785529,0.06388717,-0.00097867,0.0,-0.04462112,-0.06377633,0.90166607,0.06075542,0.00132952,4.653e-05,-0.01644423,-0.02359759,0.90250633,0.06359173,0.00068434,9.707e-05,-0.0081844,-0.01123763,0.9025,0.06290353,0.00201346,0.0001053,-0.01183189,-0.01718618,0.9025,0.06290311,-0.00097867,0.0,-0.06022996,-0.08606016,0.90235726,0.06075542,0.0,0.0,-0.01654635,-0.02370307,0.90092027,0.06075542,0.00132929,6.407e-05,-0.01530882,-0.0219627,0.90249575,0.06359123,0.00068673,2.077e-05,-0.01141197,-0.01544582,0.9025,0.06290584,0.00132978,2.66e-06,-6.183e-05,-0.0140935,0.8715976,0.06359229,-0.00132978,0.0,-0.06600911,-0.09967322,0.90257029,0.06075542,0.0,0.0,-0.06539671,-0.04696921,0.9025,0.06075542,0.0,0.0,0.0,1.0,-0.09655427,0.0,-0.0779104,0.0,-0.06840506,0.0,-0.05894907,0.0,-0.02053955,0.0,-0.02113048,0.0,-0.01170548,0.0,-0.00941192,0.0,-0.02902416,0.0,-0.02032292,0.0,-0.021019,0.0,-0.0117288,0.0,-0.00905294,0.0,0.00061216,0.0,0.0003674,0.0,0.0,-0.026132830000006907,0.7291052799999985,-0.50659915,0.7277497000000002,-0.5310381700000001,0.7266219000000027,-0.4984686999999998,0.7244721200000002,-0.5008768300000002,0.7221356099999994,-0.50659834,0.7217803900000007,-0.49487548,0.72159444,-0.4942692699999998,0.7215866599999997,-0.5112389500000003,0.7220904900000008,-0.5065999,0.7214982100000008,-0.5065988499999998,0.7212829999999998,-0.5045445400000002,0.7211464700000012,-0.5015987399999998,0.728193090000001,-0.5465909699999999,0.7279667599999997,-0.50659867,0.7278058600000001,-0.5065984099999999,72.91061432,218.50492706,145.43719197,145.10938875,216.86984276,144.39160821,144.33751868,72.15960894,72.15854057,216.51754237,144.27813644,144.2429285,72.11448424,145.615981,145.57741566,72.78063516,0.00036803
8,2013-11-01 08:00:00,1.8700339195965235e-11,5.54660762107019e-10,0.0037550480249999994,0.007477550224178331,0.0079171275,0.003958563466850403,6.280284549954269e-14,0.00395856375,56.70623570455001,75.76599821184999,,66.2361169582,0.0078131,-3.4781966282291465,57.448133753877016,57.4447913046969,57.39982285700458,57.30323838573159,57.180453429719215,57.17107374106985,57.16686120399056,57.16676884777598,57.142605744160484,57.14909062322643,57.134345510512134,57.12531319721167,57.122970729579315,57.46946966679332,57.485604997050594,57.49102783298805,0.0001095102,-0.0007047704825947787,0.004704770396334834,0.0001095102,-0.0016459022859072348,0.005645902229603966,0.0001095102,-0.0010975272890767366,0.0050975272472545624,0.0001095102,-0.0028606130324265707,0.0068606129841122,0.0001095102,-2.7036610171135583e-08,0.004000027002536636,0.0016085304112500001,0.00843082124191972,0.01956917859997312,0.0001095102,-0.0012246466231792528,0.0052246465799541,0.0001095102,-2.9899884681210803e-09,0.004000002958615572,0.00127043601375,0.007330224828739748,0.020669775026237378,0.0001095102,-0.0007500057937188946,0.004750005756934601,1.0,0.0,0.0,0.0,0.0,0.0,0.0,0.0,0.0,0.0,0.0,0.0,0.0,0.0,0.0,0.0,-36.97527562648122,,,,,,,,,,,,,,,,593,-142.18745447,100.0,0.0,0.0,1.0,0.06492208,0.0,0.0,-0.05112483,0.07708635,0.90584238,0.06075542,0.00132979,2.66e-06,-6.255e-05,-0.01409397,0.88210325,0.0635923,-6.58e-06,0.00023368,-0.03848343,-0.10700991,0.84184484,0.06357826,-0.00034453,0.00040634,-0.11017735,-0.15740901,0.89785489,0.06388717,-0.00097867,0.0,-0.04461758,-0.06377668,0.9016657,0.06075542,0.00132952,4.653e-05,-0.01644851,-0.02359756,0.90250772,0.06359173,0.00068434,9.707e-05,-0.0081565,-0.0112395,0.9025,0.06290353,0.00201346,0.0001053,-0.01183809,-0.01718868,0.9025,0.06290311,-0.00097867,0.0,-0.06022516,-0.08605986,0.9023562,0.06075542,0.0,0.0,-0.0165476,-0.02370368,0.90091975,0.06075542,0.00132929,6.407e-05,-0.01531308,-0.02196268,0.9024962,0.06359123,0.00068673,2.077e-05,-0.01137682,-0.01544768,0.9025,0.06290584,0.00132978,2.66e-06,-6.26e-05,-0.01409404,0.87159611,0.06359229,-0.00132978,0.0,-0.06600459,-0.099673,0.90256835,0.06075542,0.0,0.0,-0.06540024,-0.04697092,0.9025,0.06075542,0.0,0.0,0.0,1.0,-0.00024929,0.0,-0.00581197,0.0,-0.008321,0.0,-0.01016727,0.0,-0.00855599,0.0,-0.00909408,0.0,-0.00951284,0.0,0.00164074,0.0,-0.00503042,0.0,-0.00720057,0.0,-0.00770727,0.0,-0.00809223,0.0,0.00369052,0.0,0.00196538,0.0,0.00083663,0.0,0.0,-0.026132830000006907,0.5744590299999999,-0.50659915,0.5742150700000005,-0.5310381700000001,0.5735928600000015,-0.4984686999999998,0.5725465799999998,-0.5008768300000002,0.5717608100000002,-0.50659834,0.5716915299999995,-0.49487548,0.5716696799999988,-0.4942692699999998,0.57146049,-0.5112389500000003,0.5716645200000012,-0.5065999,0.57141823,-0.5065988499999998,0.5713014300000001,-0.5045445400000002,0.57124111,-0.5015987399999998,0.5745643400000015,-0.5465909699999999,0.574772890000001,-0.50659867,0.5748830000000004,-0.5065984099999999,57.44591378,172.32385052,114.78080804,114.61394715,171.59715501,114.34521525,114.33615028,57.16694379,57.14598835,171.45430249,114.27196855,114.25429861,57.12418745,114.93374559,114.96546169,57.48810575,0.00036803
9,2013-11-01 09:00:00,4.658248091762842e-11,3.556167734511298e-11,0.00518351073374985,0.0062720537574588635,0.008143184999999997,0.004071592320494805,3.2245367546987805e-14,0.004071592499999999,46.45505674635001,65.51481925364999,,55.984938,0.0078131,-3.4781966282291465,57.450729885623005,57.446613177098804,57.40405752652677,57.306073875668616,57.18636622529289,57.17160672014263,57.1635966681319,57.15995565578734,57.14453615724051,57.14636540153947,57.1300311809329,57.11839444967136,57.11651097177832,57.471408844384904,57.48708232278786,57.492171547754616,0.0003303435,0.0007047582440546741,0.004000011932188034,0.0003303435,0.0016458931811691628,0.004000008887937072,0.0003303435,0.0010975263369215305,0.004000000853648903,0.0003303435,0.001754102623555792,0.00510651029442581,0.0003303435,8.358980154076508e-09,0.004000018570863005,0.00125275627249995,0.00030408348549727684,0.019265095054057536,0.0003303435,0.00026900269480247956,0.004955643824415754,0.0003303435,-1.2082764147121502e-08,0.004000015000378109,0.0012880064612499,-0.00025331311649839016,0.020923088092704708,0.0003303435,0.0007500043447213889,0.0040000013474665455,1.0,0.0,0.0,0.0,0.0,0.0,0.0,0.0,0.0,0.0,0.0,0.0,0.0,0.0,0.0,0.0,-40.45347225407721,,,,,,,,,,,,,,,,593,-142.18745447,100.0,0.0,0.0,1.0,0.06492208,0.0,0.0,-0.0518525,0.07708756,0.90584275,0.06075542,0.00132979,2.66e-06,-6.399e-05,-0.01409342,0.88210122,0.0635923,-6.58e-06,0.00023368,-0.0384831,-0.10700971,0.84184211,0.06357826,-0.00034453,0.00040634,-0.1101751,-0.15740866,0.89785529,0.06388717,-0.00097867,0.0,-0.0446004,-0.06377569,0.90166527,0.06075542,0.00132952,4.653e-05,-0.01646715,-0.02359756,0.90250933,0.06359173,0.00068434,9.707e-05,-0.00813031,-0.0112376,0.9025,0.06290353,0.00201346,0.0001053,-0.01185684,-0.01718618,0.9025,0.06290311,-0.00097867,0.0,-0.06020923,-0.08605952,0.90235552,0.06075542,0.0,0.0,-0.01654635,-0.02370307,0.90091917,0.06075542,0.00132929,6.407e-05,-0.0153317,-0.02196266,0.90249631,0.06359123,0.00068673,2.077e-05,-0.01136202,-0.01544577,0.9025,0.06290584,0.00132978,2.66e-06,-6.406e-05,-0.01409349,0.8715976,0.06359229,-0.00132978,0.0,-0.06598616,-0.09967322,0.9025703,0.06075542,0.0,0.0,-0.06539669,-0.0469692,0.9025,0.06075542,0.0,0.0,0.0,1.0,-0.00024882,0.0,-0.002524,0.0,-0.00152179,0.0,-0.00094531,0.0,-0.00023781,0.0,-0.00079844,0.0,-0.00101473,0.0,-5.659e-05,0.0,0.0006966,0.0,0.00020012,0.0,-0.00032751,0.0,-0.00051014,0.0,0.00202107,0.0,0.00200143,0.0,0.00085445,0.0,0.0,-0.026132830000006907,0.5744856999999998,-0.50659915,0.5742495000000004,-0.5310381700000001,0.573964520000001,-0.4984686999999998,0.573067750000001,-0.5008768300000002,0.5718111300000007,-0.50659834,0.5716882600000001,-0.49487548,0.5716292799999997,-0.4942692699999998,0.5714671199999993,-0.5112389500000003,0.5717611200000002,-0.5065999,0.5713946799999988,-0.5065988499999998,0.5712624000000003,-0.5045445400000002,0.571176950000001,-0.5015987399999998,0.5745831799999997,-0.5465909699999999,0.5747931200000009,-0.50659867,0.5748953400000011,-0.5065984099999999,57.44856771,172.33184089,114.82138415,114.7032394,171.66399861,114.34995333,114.33175864,57.16296012,57.14664521,171.46229834,114.26570572,114.24392393,57.11771369,114.93764994,114.96888706,57.48950878,0.00036803
10,2013-11-01 10:00:00,0.013910771500648943,1.8491470332893303e-11,0.00734509784124995,-0.013749607954684766,0.008226165000000002,0.004113082278004952,4.524170123853947e-14,0.004113082500000001,38.35789974635001,57.417662253649986,,47.887781,0.0078131,-3.4781966282291465,57.434823304424484,57.373741644851336,57.32679737003294,57.25919180168017,57.18553642548286,57.16939423714475,57.15875219724825,57.152377660963325,57.145423546699895,57.14975855910408,57.13066225923767,57.11703694712928,57.110698540506945,57.36352646493362,57.357278176623986,57.35496809846811,0.000549496,1.1555472069508731e-08,0.004000000156974687,0.000549496,8.608935465045019e-09,0.004000000117827558,0.000549496,7.831906190820395e-10,0.00400000001377586,0.000549496,0.0011065102113200025,0.004000000016984144,0.000549496,1.846128425430402e-08,0.004000000030569812,0.0011801358525,-0.008734905138740201,0.028000000132379715,0.000549496,0.0009556437467078249,0.004000000016980023,0.000549496,1.4951282153115605e-08,0.004000000008400478,0.00176899398874995,-0.007076912075044887,0.02800000011771862,0.000549496,1.253290904952045e-09,0.004000000029572715,1.0,0.0,0.0,0.0,0.0,0.0,0.0,0.0,0.0,0.0,0.0,0.0,0.0,0.0,0.0,0.0,-43.132706180200415,,,,,,,,,,,,,,,,593,-142.18745447,100.0,0.0,0.0,1.0,0.06492208,0.0,0.0,-0.05294726,0.07708801,0.90584287,0.06075542,0.00132979,2.66e-06,-6.549e-05,-0.01409321,0.88209881,0.0635923,-6.58e-06,0.00023368,-0.03848271,-0.10700942,0.841839,0.06357826,-0.00034453,0.00040634,-0.1101727,-0.15740777,0.89785544,0.06388717,-0.00097867,0.0,-0.04458506,-0.06377506,0.90166476,0.06075542,0.00132952,4.653e-05,-0.01648397,-0.02359755,0.90250975,0.06359173,0.00068434,9.707e-05,-0.00811249,-0.0112369,0.9025,0.06290353,0.00201346,0.0001053,-0.01187458,-0.01718526,0.9025,0.06290311,-0.00097867,0.0,-0.06019437,-0.08605912,0.90235452,0.06075542,0.0,0.0,-0.0165459,-0.02370283,0.90091847,0.06075542,0.00132929,6.407e-05,-0.01534849,-0.02196264,0.9024961,0.06359123,0.00068673,2.077e-05,-0.01135852,-0.01544506,0.9025,0.06290584,0.00132978,2.66e-06,-6.558e-05,-0.01409328,0.87159815,0.06359229,-0.00132978,0.0,-0.06596939,-0.09967329,0.90257102,0.06075542,0.0,0.0,-0.0653954,-0.04696857,0.9025,0.06075542,0.0,0.0,0.0,1.0,0.0139279,0.0,0.01354087,0.0,0.0135648,0.0,0.01354274,0.0,0.00866886,0.0,0.00810413,0.0,0.00810198,0.0,-0.00095663,0.0,0.00593889,0.0,0.00633995,0.0,0.00580674,0.0,0.00583807,0.0,0.00049799,0.0,0.00068131,0.0,0.00039818,0.0,0.0,-0.026132830000006907,0.5740383399999996,-0.50659915,0.5734953699999998,-0.5310381700000001,0.5730697200000007,-0.4984686999999998,0.5724348500000008,-0.5008768300000002,0.5717808200000003,-0.50659834,0.5716449299999998,-0.49487548,0.5715596999999996,-0.4942692699999998,0.5714793099999999,-0.5112389500000003,0.5717078699999995,-0.5065999,0.5714054500000004,-0.5065988499999998,0.5712452900000002,-0.5045445400000002,0.5711390400000004,-0.5015987399999998,0.5736794099999999,-0.5465909699999999,0.5736091799999992,-0.50659867,0.5735600499999997,-0.5065984099999999,57.40380008,172.12136154,114.65651114,114.55045573,171.59236045,114.34258032,114.32046443,57.15591063,57.14790171,171.45923279,114.26505753,114.23845527,57.11387159,114.72890829,114.71709538,57.35621378,0.00036803
11,2013-11-01 11:00:00,0.10820511906767537,6.977522129338889e-12,0.00699594669249975,-0.09999999945234808,0.008205142499999998,0.004102571054285187,3.731609799048755e-14,0.004102571249999999,28.253587746350007,47.313350253649986,,37.783469,0.0078131,-3.4781966282291465,47.460669815616555,47.45564690879761,47.404855747203875,47.31433904955178,47.205304606485704,47.189244034400794,47.17940884159579,47.17542481886538,47.15039076238662,47.156625553440996,47.13286049945487,47.11812653027654,47.11361689802539,47.482416257280846,47.4955935449117,47.50011029022567,0.000495516,-0.009999999643888377,0.013999999620658078,0.000495516,-0.009999999746782135,0.013999999728117603,0.000495516,-0.009999999983808988,0.013999999949003859,0.000495516,-0.00999999998017508,0.013999999939695917,0.000495516,-0.009999999969575938,0.013999999937316827,0.0010175997962499,-0.009999999985786686,0.038000000057748416,0.000495516,-0.009999999980100325,0.013999999944400307,0.000495516,-0.009999999991366412,0.013999999964174338,0.00201421889624985,-0.009999999982764352,0.03800000005045202,0.000495516,-0.009999999940494277,0.013999999915296017,1.0,0.0,0.0,0.0,0.0,0.0,0.0,0.0,0.0,0.0,0.0,0.0,0.0,0.0,0.0,0.0,-41.475415380330304,,,,,,,,,,,,,,,,593,-142.18745447,100.0,0.0,0.0,1.0,0.06492208,0.0,0.0,-0.05276925,0.0770879,0.90584285,0.06075542,0.00132979,2.66e-06,-6.516e-05,-0.01409326,0.88209941,0.0635923,-6.58e-06,0.00023368,-0.03848273,-0.10700949,0.84183977,0.06357826,-0.00034453,0.00040634,-0.11017333,-0.15740799,0.8978554,0.06388717,-0.00097867,0.0,-0.04458887,-0.06377522,0.90166489,0.06075542,0.00132952,4.653e-05,-0.01647982,-0.02359756,0.90251018,0.06359173,0.00068434,9.707e-05,-0.00811137,-0.01123708,0.9025,0.06290353,0.00201346,0.0001053,-0.01187022,-0.0171855,0.9025,0.06290311,-0.00097867,0.0,-0.06019805,-0.08605922,0.90235477,0.06075542,0.0,0.0,-0.01654602,-0.0237029,0.90091864,0.06075542,0.00132929,6.407e-05,-0.01534434,-0.02196264,0.90249597,0.06359123,0.00068673,2.077e-05,-0.01136852,-0.01544524,0.9025,0.06290584,0.00132978,2.66e-06,-6.518e-05,-0.01409334,0.87159801,0.06359229,-0.00132978,0.0,-0.06597355,-0.09967327,0.90257084,0.06075542,0.0,0.0,-0.06539573,-0.04696874,0.9025,0.06075542,0.0,0.0,0.0,1.0,0.10785316,0.0,0.08340331,0.0,0.07282077,0.0,0.06237193,0.0,0.02102146,0.0,0.02011911,0.0,0.00970953,0.0,0.01017927,0.0,0.03079528,0.0,0.01966734,0.0,0.01889262,0.0,0.0086338,0.0,0.01335572,0.0,0.00248181,0.0,0.00102128,0.0,0.0,-0.026132830000006907,0.474578490000001,-0.50659915,0.4742967200000002,-0.5310381700000001,0.47375659999999997,-0.4984686999999998,0.47284064000000003,-0.5008768300000002,0.47198072,-0.50659834,0.47184805000000013,-0.49487548,0.47177888000000046,-0.4942692699999998,0.4715406599999996,-0.5112389500000003,0.47184722000000007,-0.5065999,0.47145167000000016,-0.5065988499999998,0.47126229999999997,-0.5045445400000002,0.4711594299999999,-0.5015987399999998,0.47468448000000024,-0.5465909699999999,0.4749052900000003,-0.50659867,0.47498113000000025,-0.5065984099999999,47.45781782,142.35601733,94.80532771,94.65971192,141.66682461,94.38285535,94.36266374,47.17785179,47.15412462,141.4838452,94.27140152,94.24218482,47.11597584,94.95896945,94.98863165,47.49808118,0.00036803
12,2013-11-01 12:00:00,0.04204509224051383,1.8594505448590696e-11,0.006525500109999901,-0.03600000149988575,0.00862005,0.0043100244798528085,1.254827294861491e-13,0.004310025,30.848204704550014,49.90796721184999,,40.3780859582,0.0078131,-3.4781966282291465,49.9598362937271,50.05965627143293,50.15210496890154,50.41657364171645,50.76116572847345,50.79538144758534,50.81574651675579,50.82567170542597,50.86149316620938,50.85059874524,50.8832077851373,50.90820191996198,50.91484836827128,50.062242809227115,50.06617628776371,50.06730019810848,0.0004735215,-0.002000000430478907,0.015999999870908315,0.0004735215,-0.0020000003119273156,0.01599999990353581,0.0004735215,-0.0020000000778374735,0.015999999978258933,0.0004735215,-0.0020000000934749518,0.01599999997570316,0.0004735215,-0.0020000000971338097,0.015999999971614515,0.0011221164662499,-0.009999999989568128,0.047999999986898384,0.0004735215,-0.0020000000851048572,0.01599999997682179,0.0004735215,-0.0020000000571923607,0.01599999998577282,0.00161521164375,-0.009999999982679192,0.04799999998310017,0.0004735215,-0.0020000001078703286,0.015999999968370655,1.0,0.0,0.0,0.0,0.0,0.0,0.0,0.0,0.0,0.0,0.0,0.0,0.0,0.0,0.0,0.0,-42.8530460841977,,,,,,,,,,,,,,,,593,-142.18745447,100.0,0.0,0.0,1.0,0.06492208,0.0,0.0,-0.05253078,0.07709012,0.90584357,0.06075542,0.00132979,2.66e-06,-6.483e-05,-0.01409225,0.88210084,0.0635923,-6.58e-06,0.00023368,-0.03848287,-0.10700977,0.84184131,0.06357826,-0.00034453,0.00040634,-0.11017414,-0.15740973,0.89785612,0.06388717,-0.00097867,0.0,-0.04458524,-0.06377427,0.90166519,0.06075542,0.00132952,4.653e-05,-0.01648314,-0.02359758,0.90251089,0.06359173,0.00068434,9.707e-05,-0.00811742,-0.01123363,0.9025,0.06290353,0.00201346,0.0001053,-0.01187104,-0.0171809,0.9025,0.06290311,-0.00097867,0.0,-0.06019677,-0.08605947,0.90235588,0.06075542,0.0,0.0,-0.01654373,-0.02370177,0.90091905,0.06075542,0.00132929,6.407e-05,-0.01534767,-0.02196267,0.90249639,0.06359123,0.00068673,2.077e-05,-0.01136145,-0.01544179,0.9025,0.06290584,0.00132978,2.66e-06,-6.48e-05,-0.01409232,0.87160074,0.06359229,-0.00132978,0.0,-0.06597068,-0.09967368,0.90257442,0.06075542,0.0,0.0,-0.06538924,-0.04696558,0.9025,0.06075542,0.0,0.0,0.0,1.0,0.04204265,0.0,0.0366062,0.0,0.03445545,0.0,0.03221431,0.0,0.01320109,0.0,0.01220447,0.0,0.00967071,0.0,0.00232935,0.0,0.01638758,0.0,0.01281623,0.0,0.01177624,0.0,0.00919958,0.0,0.00330495,0.0,0.00118252,0.0,0.00058588,0.0,0.0,-0.026132830000006907,0.5000815899999996,-0.50659915,0.5010407799999992,-0.5310381700000001,0.5019587200000003,-0.4984686999999998,0.5045840300000007,-0.5008768300000002,0.5077297599999985,-0.50659834,0.5080264700000005,-0.49487548,0.5081794599999999,-0.4942692699999998,0.508530060000001,-0.5112389500000003,0.5078443399999996,-0.5065999,0.50863801,-0.5065988499999998,0.5089135899999999,-0.5045445400000002,0.5091082900000009,-0.5015987399999998,0.5006031999999995,-0.5465909699999999,0.5006319000000011,-0.50659867,0.5006658099999998,-0.5065984099999999,50.00814272,150.17257242,100.29994827,100.65426406,152.01578197,101.57562073,101.62070128,50.81819811,50.85290412,152.50121588,101.75518294,101.80223457,50.91079524,100.12351672,100.12964347,50.06647026,0.00036803
13,2013-11-01 13:00:00,3.8704656096797094e-11,4.134873899219987e-11,0.0048955931062498,-1.4034558550095207e-09,0.008245319999999997,0.0041226599105019844,-2.134787538260807e-15,0.0041226599999999985,57.920316767250014,76.98007927455,,67.4501980209,0.0078131,-3.4781966282291465,67.34302719223028,67.3360089559591,67.30042925920259,66.85076205009624,66.20399423701843,66.16698168527145,66.14593114029051,66.13089455562265,66.06256817336406,66.07951436771886,66.05071728335619,66.02173998355501,66.01567040002378,67.35067170748428,67.35705587148315,67.35943588351049,0.0003108665,-2.568971097886837e-10,0.015999999868195988,0.0003108665,-1.9229108644804321e-10,0.015999999901818697,0.0003108665,-7.305770845527589e-11,0.015999999983355308,0.0003108665,-8.223905477608363e-11,0.015999999979640245,0.0003108665,-8.860442984408828e-11,0.015999999974950628,0.0011488052799999001,-6.856621652030678e-11,0.04799999998361861,0.0003108665,-7.534541062397468e-11,0.015999999979996855,0.0003108665,-5.077760740465893e-11,0.015999999988083876,0.0012598558262499,-5.8097298931149463e-11,0.04799999998176864,0.0003108665,-8.183195957005718e-11,0.01599999997211579,1.0,0.0,0.0,0.0,0.0,0.0,0.0,0.0,0.0,0.0,0.0,0.0,0.0,0.0,0.0,0.0,-46.331242712604904,,,,,,,,,,,,,,,,593,-142.18745447,100.0,0.0,0.0,1.0,0.06492208,0.0,0.0,-0.05170682,0.07708811,0.90584293,0.06075542,0.00132979,2.66e-06,-6.39e-05,-0.01409317,0.88210177,0.0635923,-6.58e-06,0.00023368,-0.03848291,-0.1070098,0.84184272,0.06357826,-0.00034453,0.00040634,-0.1101756,-0.15740918,0.89785547,0.06388717,-0.00097867,0.0,-0.04460048,-0.06377549,0.90166538,0.06075542,0.00132952,4.653e-05,-0.0164669,-0.02359757,0.90250989,0.06359173,0.00068434,9.707e-05,-0.00812892,-0.01123676,0.9025,0.06290353,0.00201346,0.0001053,-0.01185598,-0.01718505,0.9025,0.06290311,-0.00097867,0.0,-0.0602099,-0.08605961,0.90235587,0.06075542,0.0,0.0,-0.01654579,-0.02370279,0.90091932,0.06075542,0.00132929,6.407e-05,-0.01533146,-0.02196267,0.90249638,0.06359123,0.00068673,2.077e-05,-0.01136315,-0.01544493,0.9025,0.06290584,0.00132978,2.66e-06,-6.377e-05,-0.01409324,0.87159827,0.06359229,-0.00132978,0.0,-0.06598657,-0.09967331,0.90257119,0.06075542,0.0,0.0,-0.0653951,-0.04696843,0.9025,0.06075542,0.0,0.0,0.0,1.0,-3.382e-05,0.0,-0.00197091,0.0,-0.00221951,0.0,-0.00235417,0.0,-0.00084052,0.0,-0.00098748,0.0,-0.00080977,0.0,1.08e-05,0.0,-0.00125727,0.0,-0.00115308,0.0,-0.00122398,0.0,-0.00096374,0.0,0.00160554,0.0,0.00127371,0.0,0.00061033,0.0,0.0,-0.026132830000006907,0.6734122399999996,-0.50659915,0.6731958899999994,-0.5310381700000001,0.6728120599999995,-0.4984686999999998,0.6682943099999994,-0.5008768300000002,0.6619712100000014,-0.50659834,0.6616296999999984,-0.49487548,0.6614435499999995,-0.4942692699999998,0.66077747,-0.5112389500000003,0.6619058000000007,-0.5065999,0.6607179900000001,-0.5065988499999998,0.6604622199999998,-0.5045445400000002,0.6601999300000005,-0.5015987399999998,0.6734254699999989,-0.5465909699999999,0.6735521600000001,-0.50659867,0.6735852000000006,-0.5065984099999999,67.34131065,202.00339695,134.60077861,134.11063599,199.21716812,132.36009734,132.30742285,66.14454966,66.07780641,198.34010138,132.11801322,132.06629004,66.02017682,134.69775503,134.71362386,67.35831742,0.00036803
14,2013-11-01 14:00:00,3.817493492194994e-11,4.1947539830216355e-11,0.004092683042499851,-1.3114602631483676e-09,0.009049620000000001,0.004524809766521402,4.86169729000014e-14,0.004524810000000001,68.79811874635001,87.85788125364999,,78.328,0.0078131,-3.4781966282291465,78.04005373429456,78.0425847178972,78.05608013925044,78.03378116849107,77.99512311815565,77.9960081736321,77.99700289915562,77.99665916305317,77.99634398142621,77.99690219133986,78.0022829537174,78.00497192492828,78.00633846497006,78.03132625463073,78.02453023777102,78.02216207206635,0.00017755700000000003,-1.3966450645072386e-10,0.015999999696646703,0.00017755700000000003,-9.326992354490049e-11,0.015999999765011895,0.00017755700000000003,-8.083956447087748e-11,0.01599999998305989,0.00017755700000000003,-9.11467363109115e-11,0.015999999976659154,0.00017755700000000003,-8.973054948112762e-11,0.015999999962062743,0.0012640828899998999,-9.430830270124174e-11,0.04799999999096503,0.00017755700000000003,-8.307920869676471e-11,0.015999999975603422,0.00017755700000000003,-6.060648790457896e-11,0.01599999999001566,0.00140814415249995,-6.222502596674956e-11,0.047999999971901165,0.00017755700000000003,-6.86156031103598e-11,0.015999999948251915,1.0,0.0,0.0,0.0,0.0,0.0,0.0,0.0,0.0,0.0,0.0,0.0,0.0,0.0,0.0,0.0,-49.80943934112847,,,,,,,,,,,,,,,,593,-142.18745447,100.0,0.0,0.0,1.0,0.06492208,0.0,0.0,-0.05129314,0.0770924,0.90584435,0.06075542,0.00132979,2.66e-06,-6.259e-05,-0.01409121,0.88210565,0.0635923,-6.58e-06,0.00023368,-0.0384834,-0.10701048,0.84184711,0.06357826,-0.00034453,0.00040634,-0.11017823,-0.15741305,0.89785687,0.06388717,-0.00097867,0.0,-0.0445994,-0.06377386,0.90166619,0.06075542,0.00132952,4.653e-05,-0.01646674,-0.02359761,0.90251154,0.06359173,0.00068434,9.707e-05,-0.00814458,-0.01123008,0.9025,0.06290353,0.00201346,0.0001053,-0.01185047,-0.01717616,0.9025,0.06290311,-0.00097867,0.0,-0.06021334,-0.08606029,0.90235852,0.06075542,0.0,0.0,-0.01654136,-0.0237006,0.90092043,0.06075542,0.00132929,6.407e-05,-0.01533134,-0.02196271,0.90249672,0.06359123,0.00068673,2.077e-05,-0.01137914,-0.01543827,0.9025,0.06290584,0.00132978,2.66e-06,-6.239e-05,-0.01409128,0.87160356,0.06359229,-0.00132978,0.0,-0.06598759,-0.0996741,0.90257813,0.06075542,0.0,0.0,-0.06538252,-0.04696232,0.9025,0.06075542,0.0,0.0,0.0,1.0,0.00019521,0.0,-0.00023359,0.0,-0.00030592,0.0,-0.00040849,0.0,-0.0003833,0.0,-0.00068273,0.0,-0.00080946,0.0,0.000282,0.0,7.43e-06,0.0,-0.00044457,0.0,-0.00077392,0.0,-0.00093539,0.0,0.00058413,0.0,0.00056767,0.0,0.00038844,0.0,0.0,-0.026132830000006907,0.7804068899999994,-0.50659915,0.7804835,-0.5310381700000001,0.7806338499999995,-0.4984686999999998,0.7804160099999999,-0.5008768300000002,0.7799636700000002,-0.50659834,0.7799699500000005,-0.49487548,0.7799734800000004,-0.4942692699999998,0.7799708799999995,-0.5112389500000003,0.7799999999999995,-0.5065999,0.7799998500000004,-0.5065988499999998,0.7800446399999998,-0.5045445400000002,0.7800577000000006,-0.5015987399999998,0.7803600200000006,-0.5465909699999999,0.7802799800000001,-0.50659867,0.7802336599999997,-0.5065984099999999,78.04077221,234.12505227,156.11175134,156.10499419,234.03795058,155.99337365,155.9943155,77.99714552,77.99709898,233.99704418,156.0044567,156.01017784,78.00585405,156.06401728,156.05123841,78.02314238,0.00036803
15,2013-11-01 15:00:00,2.2475979895374964e-11,1.320744910708238e-10,0.00376364743749975,0.004901104615818277,0.010439010000000004,0.0052195048649974485,1.7355872950572588e-14,0.005219505000000002,77.99186676725002,97.05162927455,,87.5217480209,0.0078131,-3.4781966282291465,81.04582307696137,81.04441871256826,81.02436082196945,80.89431797459022,80.71183318808491,80.69067301618875,80.6733278312223,80.65663390655875,80.67178359837793,80.67633855842843,80.66458034638336,80.65252098947913,80.64581973096463,81.05305350381916,81.05855999191027,81.06032344049943,2.842776e-05,-5.078836556359431e-10,0.01599999987599898,2.842776e-05,-3.761442453366145e-10,0.015999999901149402,2.842776e-05,-7.742980123714558e-11,0.015999999975982473,2.842776e-05,-9.382356775202653e-11,0.015999999972689097,2.842776e-05,-1.1295133990640053e-10,0.015999999968546428,0.0016953602962498499,0.002425440709223437,0.045574559191393936,2.842776e-05,-8.916225261919874e-11,0.015999999973862145,2.842776e-05,-5.451532680650131e-11,0.01599999998360151,0.0018408650612499002,0.002475665800711027,0.04552433409631186,2.842776e-05,-1.1507564726497696e-10,0.01599999996677479,1.0,0.0,0.0,0.0,0.0,0.0,0.0,0.0,0.0,0.0,0.0,0.0,0.0,0.0,0.0,0.0,-53.28763597824012,,,,,,,,,,,,,,,,593,-142.18745447,100.0,0.0,0.0,1.0,0.06492208,0.0,0.0,-0.05111283,0.07709984,0.90584679,0.06075542,0.00132979,2.66e-06,-6.081e-05,-0.01408783,0.88211135,0.0635923,-6.58e-06,0.00023368,-0.0384842,-0.10701153,0.84185343,0.06357826,-0.00034453,0.00040634,-0.11018185,-0.1574193,0.8978593,0.06388717,-0.00097867,0.0,-0.04459221,-0.06377088,0.90166739,0.06075542,0.00132952,4.653e-05,-0.01647237,-0.02359769,0.9025137,0.06359173,0.00068434,9.707e-05,-0.00817284,-0.01121852,0.9025,0.06290353,0.00201346,0.0001053,-0.01184733,-0.0171608,0.9025,0.06290311,-0.00097867,0.0,-0.06021395,-0.08606129,0.90236266,0.06075542,0.0,0.0,-0.01653371,-0.02369684,0.90092207,0.06075542,0.00132929,6.407e-05,-0.01533701,-0.02196278,0.90249723,0.06359123,0.00068673,2.077e-05,-0.0114053,-0.01542674,0.9025,0.06290584,0.00132978,2.66e-06,-6.059e-05,-0.01408789,0.8716127,0.06359229,-0.00132978,0.0,-0.06598348,-0.09967545,0.90259012,0.06075542,0.0,0.0,-0.06536079,-0.04695175,0.9025,0.06075542,0.0,0.0,0.0,1.0,-0.00024424,0.0,-0.00498353,0.0,-0.00607783,0.0,-0.00695129,0.0,-0.00341667,0.0,-0.00359332,0.0,-0.00370799,0.0,0.0003655,0.0,-0.00370642,0.0,-0.00390387,0.0,-0.00396501,0.0,-0.0039634,0.0,0.00335118,0.0,0.00217597,0.0,0.00095818,0.0,0.0,-0.026132830000006907,0.8104493599999998,-0.50659915,0.8103379199999984,-0.5310381700000001,0.8101295799999995,-0.4984686999999998,0.8088227400000004,-0.5008768300000002,0.8070410100000004,-0.50659834,0.8068367399999996,-0.49487548,0.8066653800000009,-0.4942692699999998,0.8067562100000001,-0.5112389500000003,0.8070650599999991,-0.5065999,0.8067203799999995,-0.5065988499999998,0.8066110700000007,-0.5045445400000002,0.8064945400000005,-0.5015987399999998,0.8104777199999998,-0.5465909699999999,0.8105592200000008,-0.50659867,0.8105943499999997,-0.5065984099999999,81.04485056,243.12647401,162.04674883,161.89524366,242.29288802,161.38778142,161.35021661,80.66659439,80.6755371,242.05418259,161.33313944,161.31059386,80.64945495,162.10370561,162.11528163,81.05960184,0.00036803
16,2013-11-01 16:00:00,1.8571585067452198e-11,0.02713697699637867,0.00441610608499985,0.03599999624076097,0.0122540474999985,0.006127023668571039,-6.0626987660167525e-15,0.00612702374999925,100.19785574635002,119.25761825365,,109.727737,0.0078131,-3.4781966282291465,100.16437812162913,100.09089793230285,100.00599492037531,99.49796503288509,98.79050008066842,98.74138246343543,98.71321358583964,98.69576323278648,98.62123233769303,98.6412750797038,98.60011927919157,98.56328655221566,98.55501292891515,100.09468070000665,100.09450870605978,100.09475284200711,4.02895e-07,0.0019999990812292604,0.014000000387327918,4.02895e-07,0.001999999288948193,0.014000000308545438,4.02895e-07,0.001999999765193998,0.014000000104350017,4.02895e-07,0.001999999731353458,0.014000000119188914,4.02895e-07,0.00199999970496817,0.014000000130716193,0.0020197366637499,0.009999999976197006,0.03557455912484821,4.02895e-07,0.001999999748900339,0.014000000111046485,4.02895e-07,0.001999999833872141,0.014000000073544384,0.00239314626124995,0.009999999977365196,0.035524334044067955,4.02895e-07,0.001999999722346278,0.014000000122221476,1.0,0.0,0.0,0.0,0.0,0.0,0.0,0.0,0.0,0.0,0.0,0.0,0.0,0.0,0.0,0.0,-59.48399102955228,,,,,,,,,,,,,,,,593,-142.18745447,100.0,0.0,0.0,1.0,0.06492208,0.0,0.0,-0.05142929,0.07710954,0.90584995,0.06075542,0.00132979,2.66e-06,-5.962e-05,-0.0140834,0.88211679,0.0635923,-6.58e-06,0.00023368,-0.03848501,-0.10701264,0.84185913,0.06357826,-0.00034453,0.00040634,-0.11018463,-0.15742653,0.89786247,0.06388717,-0.00097867,0.0,-0.04457191,-0.06376664,0.90166852,0.06075542,0.00132952,4.653e-05,-0.01649178,-0.02359777,0.90251723,0.06359173,0.00068434,9.707e-05,-0.00819038,-0.01120343,0.9025,0.06290353,0.00201346,0.0001053,-0.01185626,-0.01714074,0.9025,0.06290311,-0.00097867,0.0,-0.06020385,-0.08606225,0.90236715,0.06075542,0.0,0.0,-0.01652371,-0.02369192,0.90092363,0.06075542,0.00132929,6.407e-05,-0.01535644,-0.02196285,0.9024979,0.06359123,0.00068673,2.077e-05,-0.01142707,-0.01541167,0.9025,0.06290584,0.00132978,2.66e-06,-5.944e-05,-0.01408346,0.87162464,0.06359229,-0.00132978,0.0,-0.06596602,-0.09967721,0.90260579,0.06075542,0.0,0.0,-0.0653324,-0.04693797,0.9025,0.06075542,0.0,0.0,0.0,1.0,-0.02713185,0.0,-0.02626083,0.0,-0.02503054,0.0,-0.02382828,0.0,-0.01120975,0.0,-0.01217019,0.0,-0.01113069,0.0,-0.00110238,0.0,-0.01158762,0.0,-0.0115353,0.0,-0.01251361,0.0,-0.01149361,0.0,0.00035167,0.0,0.00156978,0.0,0.0007945,0.0,0.0,-0.026132830000006907,1.0012912900000015,-0.50659915,1.0004939200000003,-0.5310381700000001,0.9996455999999987,-0.4984686999999998,0.9945712699999989,-0.5008768300000002,0.9877786299999985,-0.50659834,0.9873398299999989,-0.49487548,0.9871070400000007,-0.4942692699999998,0.9863807100000002,-0.5112389500000003,0.9876638699999978,-0.5065999,0.9862757499999987,-0.5065988499999998,0.9859204599999991,-0.5045445400000002,0.9856060499999991,-0.5015987399999998,1.0009160199999991,-0.5465909699999999,1.0009626600000014,-0.50659867,1.0009492000000009,-0.5065984099999999,100.12896421,300.2701148,200.01397288,199.42170823,297.00137957,197.51185981,197.44463158,98.71067344,98.63819957,296.0321106,197.2196054,197.15257711,98.56056511,200.18788827,200.19108742,100.09463712,0.00036803
17,2013-11-01 17:00:00,1.2920878968023161e-11,0.10430924226676541,0.0043092425074998,0.09999999889641384,0.012793762499999996,0.0063968811332511125,1.0579580626790749e-14,0.006396881249999998,113.21988868365001,132.27965119094998,,122.7497699373,0.0078131,-3.4781966282291465,111.42657426837944,111.42546821943233,111.4173725573644,111.20004931049917,110.88394912738018,110.86774634865769,110.85896278815909,110.85199513822793,110.8203060955552,110.82848151753127,110.81844114012159,110.80684665205584,110.80477829516977,111.42451299788722,111.4227678393935,111.42175524711666,0.0,0.00999999985495393,0.004000000124908503,0.0,0.009999999903192837,0.004000000101679804,0.0,0.00999999998290543,0.0040000000150051005,0.0,0.009999999979342316,0.004000000017695471,0.0,0.00999999997472163,0.004000000023125299,0.0020157293612498997,0.009999999961046556,0.02557455907345282,0.0,0.009999999979772535,0.004000000017355297,0.0,0.009999999987906929,0.0040000000094511465,0.0022935131462499,0.00999999996594297,0.02552433400324623,0.0,0.009999999972039842,0.0040000000279498075,1.0,0.0,0.0,0.0,0.0,0.0,0.0,0.0,0.0,0.0,0.0,0.0,0.0,0.0,0.0,0.0,-74.58500918665781,,,,,,,,,,,,,,,,593,-142.18745447,100.0,0.0,0.0,1.0,0.06492208,0.0,0.0,-0.05137346,0.07711242,0.90585089,0.06075542,0.00132979,2.66e-06,-5.924e-05,-0.01408208,0.88211833,0.0635923,-6.58e-06,0.00023368,-0.03848522,-0.10701296,0.84186071,0.06357826,-0.00034453,0.00040634,-0.11018545,-0.15742864,0.89786341,0.06388717,-0.00097867,0.0,-0.04456539,-0.06376536,0.90166885,0.06075542,0.00132952,4.653e-05,-0.01649804,-0.02359779,0.90251857,0.06359173,0.00068434,9.707e-05,-0.00819211,-0.01119893,0.9025,0.06290353,0.00201346,0.0001053,-0.01185964,-0.01713478,0.9025,0.06290311,-0.00097867,0.0,-0.06020036,-0.08606252,0.90236844,0.06075542,0.0,0.0,-0.01652074,-0.02369046,0.90092407,0.06075542,0.00132929,6.407e-05,-0.01536273,-0.02196287,0.90249824,0.06359123,0.00068673,2.077e-05,-0.01142655,-0.01540719,0.9025,0.06290584,0.00132978,2.66e-06,-5.909e-05,-0.01408215,0.87162819,0.06359229,-0.00132978,0.0,-0.06596032,-0.09967774,0.90261045,0.06075542,0.0,0.0,-0.06532395,-0.04693387,0.9025,0.06075542,0.0,0.0,0.0,1.0,-0.10408805,0.0,-0.0858083,0.0,-0.07615935,0.0,-0.06635558,0.0,-0.02227862,0.0,-0.02201524,0.0,-0.0117334,0.0,-0.00973936,0.0,-0.03342831,0.0,-0.02279414,0.0,-0.02243913,0.0,-0.01206104,0.0,-0.00845912,0.0,0.00110697,0.0,0.00065508,0.0,0.0,-0.026132830000006907,1.1142601400000005,-0.50659915,1.1142096199999987,-0.5310381700000001,1.1141286399999988,-0.4984686999999998,1.1119514600000004,-0.5008768300000002,1.108814770000001,-0.50659834,1.1086656299999993,-0.49487548,1.1085846499999996,-0.4942692699999998,1.1082763,-0.5112389500000003,1.1088057199999999,-0.5065999,1.1082662999999993,-0.5065988499999998,1.1081763300000012,-0.5045445400000002,1.1080637899999994,-0.5015987399999998,1.1142367799999997,-0.5465909699999999,1.11424395,-0.50659867,1.1142218300000009,-0.5065984099999999,111.42623688,334.2707603,222.83382634,222.60800445,332.95720255,221.74804996,221.72503614,110.85839829,110.82755101,332.53481232,221.64429278,221.62408137,110.80659298,222.84808838,222.84665715,111.42211791,0.00036803
18,2013-11-01 18:00:00,1.8247178717507305e-11,0.004722634855192405,0.00242451504874995,0.019999998174814956,0.012662017499999996,0.0063310085640866515,3.451511096681236e-14,0.006331008749999998,90.41664870455001,109.47641121184999,,99.9465299582,0.0078131,-3.4781966282291465,90.41082268692175,90.39365648070441,90.37301016799087,90.3903457037681,90.42725542158944,90.42497184119944,90.42374436203963,90.42382344788258,90.42531080687091,90.42543371176667,90.41991463229225,90.41775350034082,90.41666326553609,90.39284936465823,90.3940363197175,90.39423376646491,0.0,-3.8170242635579853e-10,0.004000000135484329,0.0,-2.703704889813148e-10,0.0040000001006875495,0.0,-9.624841481558779e-11,0.004000000015557294,0.0,-1.1180437407974022e-10,0.004000000018650382,0.0,-1.212766691637502e-10,0.004000000023647935,0.00114777915874995,0.009999999986028515,0.015574558997075555,0.0,-1.0434115314803463e-10,0.004000000018286523,0.0,-7.021920719388451e-11,0.004000000010421855,0.0012767358900000001,0.00999999998285213,0.01552433394551538,0.0,-1.090795445151879e-10,0.004000000027891093,1.0,0.0,0.0,0.0,0.0,0.0,0.0,0.0,0.0,0.0,0.0,0.0,0.0,0.0,0.0,0.0,-78.4901831157451,,,,,,,,,,,,,,,,593,-142.18745447,100.0,0.0,0.0,1.0,0.06492208,0.0,0.0,-0.05043164,0.07711172,0.90585066,0.06075542,0.00132979,2.66e-06,-5.923e-05,-0.01408241,0.88211799,0.0635923,-6.58e-06,0.00023368,-0.0384851,-0.10701288,0.84186034,0.06357826,-0.00034453,0.00040634,-0.1101854,-0.15742813,0.89786318,0.06388717,-0.00097867,0.0,-0.04456704,-0.06376568,0.90166877,0.06075542,0.00132952,4.653e-05,-0.01649636,-0.02359779,0.90252076,0.06359173,0.00068434,9.707e-05,-0.00816574,-0.01120003,0.9025,0.06290353,0.00201346,0.0001053,-0.0118589,-0.01713624,0.9025,0.06290311,-0.00097867,0.0,-0.06020127,-0.08606246,0.90236812,0.06075542,0.0,0.0,-0.01652146,-0.02369082,0.90092397,0.06075542,0.00132929,6.407e-05,-0.01536108,-0.02196287,0.90250179,0.06359123,0.00068673,2.077e-05,-0.01125046,-0.01540829,0.9025,0.06290584,0.00132978,2.66e-06,-5.909e-05,-0.01408248,0.87162732,0.06359229,-0.00132978,0.0,-0.06596184,-0.09967761,0.90260932,0.06075542,0.0,0.0,-0.06532602,-0.04693487,0.9025,0.06075542,0.0,0.0,0.0,1.0,-0.00472634,0.0,-0.00807301,0.0,-0.00896911,0.0,-0.00998585,0.0,-0.00722798,0.0,-0.0086194,0.0,-0.01002228,0.0,0.00114682,0.0,-0.00428356,0.0,-0.00715828,0.0,-0.00862473,0.0,-0.01010876,0.0,0.00248058,0.0,0.00164142,0.0,0.0008242,0.0,0.0,-0.026132830000006907,0.9040105400000003,-0.50659915,0.9038174200000004,-0.5310381700000001,0.9036276199999987,-0.4984686999999998,0.9038165299999995,-0.5008768300000002,0.9042473700000002,-0.50659834,0.9042365099999988,-0.49487548,0.9042309399999999,-0.4942692699999998,0.9042459899999988,-0.5112389500000003,0.9042148599999996,-0.5065999,0.9042182699999993,-0.5065988499999998,0.9041786399999995,-0.5045445400000002,0.9041701500000001,-0.5015987399999998,0.9039216900000007,-0.5465909699999999,0.9039298799999996,-0.50659867,0.9039401100000007,-0.5065984099999999,90.40093869,271.17494373,180.74450944,180.74445994,271.22784021,180.84836868,180.84680779,90.42298985,90.42466754,271.26783901,180.83967529,180.83486742,90.41695335,180.78516549,180.78688602,90.39419296,0.00036803
19,2013-11-01 19:00:00,3.2692660413712906e-11,5.1228065083121656e-11,0.0014369531149999498,0.007098890689201881,0.011588145000000001,0.005794072256531751,5.154764875793042e-14,0.0057940725000000005,72.90054970455002,91.96031221185,,82.4304309582,0.0078131,-3.4781966282291465,80.46069679027634,80.4640224746011,80.47364345876241,80.5320421378485,80.6152421366978,80.62946720783981,80.64334338740007,80.65759729095168,80.63044977120775,80.6294391114944,80.63458955009169,80.64130758274415,80.64671300704896,80.45688337410968,80.45456298279932,80.45332773084499,0.0,-5.755382523402002e-10,0.0040000003889057575,0.0,-4.3196087991709207e-10,0.004000000294488083,0.0,-8.568788645646623e-11,0.004000000017167939,0.0,-9.907078741525203e-11,0.004000000020073877,0.0,-1.1369936281609295e-10,0.0040000000309122034,0.00045474257625,0.003574558897973463,0.012000000008754041,0.0,-9.273391332926107e-11,0.004000000020169809,0.0,-5.92017454513067e-11,0.004000000008703518,0.0009822105387499499,0.003524333848600739,0.012000000022036212,0.0,-1.3520512413689745e-10,0.004000000067346616,1.0,0.0,0.0,0.0,0.0,0.0,0.0,0.0,0.0,0.0,0.0,0.0,0.0,0.0,0.0,0.0,-81.96837974546561,,,,,,,,,,,,,,,,593,-142.18745447,100.0,0.0,0.0,1.0,0.06492208,0.0,0.0,-0.04994251,0.07710598,0.90584879,0.06075542,0.00132979,2.66e-06,-5.968e-05,-0.01408502,0.88211501,0.0635923,-6.58e-06,0.00023368,-0.03848458,-0.10701226,0.84185724,0.06357826,-0.00034453,0.00040634,-0.11018414,-0.15742395,0.89786131,0.06388717,-0.00097867,0.0,-0.04458021,-0.06376821,0.90166815,0.06075542,0.00132952,4.653e-05,-0.01648352,-0.02359774,0.90254193,0.06359173,0.00068434,9.707e-05,-0.00791544,-0.01120896,0.9025,0.06290353,0.00201346,0.0001053,-0.01185237,-0.0171481,0.9025,0.06290311,-0.00097867,0.0,-0.0602084,-0.08606192,0.90236555,0.06075542,0.0,0.0,-0.01652738,-0.02369373,0.90092311,0.06075542,0.00132929,6.407e-05,-0.01534824,-0.02196283,0.90250355,0.06359123,0.00068673,2.077e-05,-0.01113413,-0.0154172,0.9025,0.06290584,0.00132978,2.66e-06,-5.954e-05,-0.01408509,0.87162026,0.06359229,-0.00132978,0.0,-0.06597353,-0.09967657,0.90260004,0.06075542,0.0,0.0,-0.06534281,-0.04694303,0.9025,0.06075542,0.0,0.0,0.0,1.0,-0.00016645,0.0,-0.00464354,0.0,-0.0057006,0.0,-0.00656222,0.0,-0.00313069,0.0,-0.00334422,0.0,-0.00354443,0.0,0.00044615,0.0,-0.00360722,0.0,-0.00388973,0.0,-0.00399419,0.0,-0.0040808,0.0,0.00321467,0.0,0.00209322,0.0,0.00095696,0.0,0.0,-0.026132830000006907,0.8046116500000008,-0.50659915,0.80467332,-0.5310381700000001,0.8047900999999992,-0.4984686999999998,0.80538881,-0.5008768300000002,0.8062064799999991,-0.50659834,0.8063551100000002,-0.49487548,0.8064967199999993,-0.4942692699999998,0.8062897900000002,-0.5112389500000003,0.8061637400000006,-0.5065999,0.8063101399999998,-0.5065988499999998,0.8063674499999999,-0.5045445400000002,0.8064378799999996,-0.5015987399999998,0.8045948499999989,-0.5465909699999999,0.8045496700000025,-0.50659867,0.8045367100000007,-0.5065984099999999,80.46128029,241.38801558,160.94635276,161.01788699,241.77591972,161.25616268,161.28515288,80.64964625,80.62909118,241.87636214,161.26777636,161.2805212,80.64381621,160.9144523,160.90864364,80.45386045,0.00036803
20,2013-11-01 20:00:00,2.692913052116766e-10,2.291709303154284e-11,0.00101452696124985,-1.526460065739407e-09,0.010776644999998503,0.005388322405606201,5.616596924334261e-16,0.005388322499999251,60.642213788150016,79.70197629545,,70.1720950418,0.0078131,-3.4781966282291465,78.20064219580746,78.19324711500077,78.14349740999309,77.73592109987665,77.15832605973632,77.12140367582182,77.10013040170797,77.08606207094441,77.02114781322076,77.03711344878714,77.00342026506362,76.97286339899341,76.96571012619029,78.21747234632878,78.23115806911109,78.235781882919,0.0,-2.363532427641823e-10,0.004000000313929678,0.0,-1.7552144541076727e-10,0.004000000239645652,0.0,-8.034789428682246e-11,0.004000000016725348,0.0,-9.503435128977671e-11,0.004000000022072446,0.0,-1.0555563768272762e-10,0.004000000035196578,0.00015893200249994998,-8.589539927213396e-11,0.012000000008847735,0.0,-8.884663661940423e-11,0.0040000000227943715,0.0,-5.855382903807947e-11,0.004000000009462205,0.0008555949587499,-7.476760943977667e-11,0.01200000002581044,0.0,-7.85221715717896e-11,0.004000000053138266,1.0,0.0,0.0,0.0,0.0,0.0,0.0,0.0,0.0,0.0,0.0,0.0,0.0,0.0,0.0,0.0,-85.44657635442813,,,,,,,,,,,,,,,,593,-142.18745447,100.0,0.0,0.0,1.0,0.06492208,0.0,0.0,-0.04973481,0.07710164,0.90584738,0.06075542,0.00132979,2.66e-06,-6.003e-05,-0.014087,0.88211277,0.0635923,-6.58e-06,0.00023368,-0.03848414,-0.10701179,0.8418549,0.06357826,-0.00034453,0.00040634,-0.11018322,-0.1574208,0.89785989,0.06388717,-0.00097867,0.0,-0.04459017,-0.06377014,0.90166768,0.06075542,0.00132952,4.653e-05,-0.0164738,-0.0235977,0.9025469,0.06359173,0.00068434,9.707e-05,-0.00784075,-0.01121571,0.9025,0.06290353,0.00201346,0.0001053,-0.01184744,-0.01715707,0.9025,0.06290311,-0.00097867,0.0,-0.06021381,-0.08606152,0.9023636,0.06075542,0.0,0.0,-0.01653185,-0.02369593,0.90092246,0.06075542,0.00132929,6.407e-05,-0.01533852,-0.0219628,0.90250391,0.06359123,0.00068673,2.077e-05,-0.0110935,-0.01542394,0.9025,0.06290584,0.00132978,2.66e-06,-5.986e-05,-0.01408707,0.87161492,0.06359229,-0.00132978,0.0,-0.06598239,-0.09967578,0.90259304,0.06075542,0.0,0.0,-0.06535551,-0.04694919,0.9025,0.06075542,0.0,0.0,0.0,1.0,0.00027799,0.0,-0.00043116,0.0,-0.00055895,0.0,-0.00064535,0.0,0.00022941,0.0,0.00021384,0.0,0.00020414,0.0,0.00035678,0.0,-0.00056206,0.0,-0.00055738,0.0,-0.00053968,0.0,-0.00051199,0.0,0.0008293,0.0,0.00065007,0.0,0.00045777,0.0,0.0,-0.026132830000006907,0.7819817899999989,-0.50659915,0.7816924299999994,-0.5310381700000001,0.7811634500000013,-0.4984686999999998,0.7770699499999996,-0.5008768300000002,0.7714979999999998,-0.50659834,0.7711634399999988,-0.49487548,0.77098162,-0.4942692699999998,0.770348789999999,-0.5112389500000003,0.7713968599999993,-0.5065999,0.7702597400000009,-0.5065988499999998,0.7699673700000002,-0.5045445400000002,0.7697037500000001,-0.5015987399999998,0.7820442599999993,-0.5465909699999999,0.7822516800000006,-0.50659867,0.7823357000000003,-0.5065984099999999,78.19815362,234.57190766,156.28558617,155.82333776,231.99648325,154.26611871,154.21458208,77.09829147,77.0349675,231.20051922,154.02272149,153.96721241,76.97038279,156.42956526,156.4586941,78.23371391,0.00036803
21,2013-11-01 21:00:00,1.6879148935578444e-10,2.4053423679023626e-11,0.00056975631874995,-1.3799823906892066e-09,0.009486915000000002,0.004743457410244087,-1.8690031168415635e-15,0.004743457500000001,58.58610574635,77.64586825364998,,68.11598699999999,0.0078131,-3.4781966282291465,75.28041464134807,75.27388976844492,75.23793248192491,74.8138588449787,74.20524744054286,74.16972098365332,74.14950432581401,74.13556507303251,74.07057885776253,74.08691148799758,74.05889341383556,74.03109518161172,74.02543407232244,75.28891768304835,75.29569432659422,75.2976953228227,0.0,-8.411506205531403e-11,0.0040000001065263364,0.0,-1.0696022788190385e-10,0.004000000125971816,0.0,-9.82738373677538e-11,0.004000000037652218,0.0,-1.0996290693992117e-10,0.00400000004297171,0.0,-1.0884176410309635e-10,0.004000000047044433,3.47468025e-05,-1.1236450571836989e-10,0.012000000039169205,0.0,-1.0040690331496752e-10,0.004000000040762789,0.0,-7.240511802050948e-11,0.004000000026577854,0.0005350095162499499,-7.637273998248074e-11,0.01200000003429491,0.0,-8.245325696141277e-11,0.004000000046807875,1.0,0.0,0.0,0.0,0.0,0.0,0.0,0.0,0.0,0.0,0.0,0.0,0.0,0.0,0.0,0.0,-88.92477297176134,,,,,,,,,,,,,,,,593,-142.18745447,100.0,0.0,0.0,1.0,0.06492208,0.0,0.0,-0.049518,0.07709474,0.90584513,0.06075542,0.00132979,2.66e-06,-6.062e-05,-0.01409015,0.8821092,0.0635923,-6.58e-06,0.00023368,-0.03848349,-0.10701103,0.84185117,0.06357826,-0.00034453,0.00040634,-0.11018169,-0.15741578,0.89785764,0.06388717,-0.00097867,0.0,-0.04460599,-0.0637732,0.90166692,0.06075542,0.00132952,4.653e-05,-0.01645837,-0.02359764,0.90254407,0.06359173,0.00068434,9.707e-05,-0.00783324,-0.01122644,0.9025,0.06290353,0.00201346,0.0001053,-0.01183957,-0.01717132,0.9025,0.06290311,-0.00097867,0.0,-0.06022237,-0.08606087,0.90236052,0.06075542,0.0,0.0,-0.01653895,-0.02369942,0.90092143,0.06075542,0.00132929,6.407e-05,-0.01532312,-0.02196275,0.9025053,0.06359123,0.00068673,2.077e-05,-0.01098899,-0.01543465,0.9025,0.06290584,0.00132978,2.66e-06,-6.043e-05,-0.01409022,0.87160644,0.06359229,-0.00132978,0.0,-0.06599642,-0.09967452,0.90258191,0.06075542,0.0,0.0,-0.06537568,-0.04695899,0.9025,0.06075542,0.0,0.0,0.0,1.0,0.00016414,0.0,-0.00115377,0.0,-0.00139494,0.0,-0.00152933,0.0,-3.823e-05,0.0,8.139e-05,0.0,0.00021336,0.0,0.00022942,0.0,-0.00108446,0.0,-0.000754,0.0,-0.00055459,0.0,-0.00033349,0.0,0.00118697,0.0,0.00085414,0.0,0.00049834,0.0,0.0,-0.026132830000006907,0.75278616,-0.50659915,0.7525699799999996,-0.5310381700000001,0.7521846299999998,-0.4984686999999998,0.7479255099999993,-0.5008768300000002,0.741983290000002,-0.50659834,0.7416570000000001,-0.49487548,0.7414825000000004,-0.4942692699999998,0.7408488299999996,-0.5112389500000003,0.7419176400000007,-0.5065999,0.7407914600000004,-0.5065988499999998,0.7405434500000001,-0.5045445400000002,0.7402958400000004,-0.5015987399999998,0.7528050199999997,-0.5465909699999999,0.7529359400000007,-0.50659867,0.7529670700000004,-0.5065984099999999,75.27856698,225.81616624,150.47545106,150.01099117,223.18265451,148.36405187,148.313853,74.14833266,74.08503816,222.35592036,148.13348477,148.08389084,74.02961272,150.5741095,150.59047092,75.29691839,0.00036803
22,2013-11-01 22:00:00,0.10784828486254082,1.6196296006795725e-11,0.00048723429249989997,-0.09999999959529474,0.007848285,0.003924142355030371,2.0721291190060716e-14,0.0039241425,17.600978767250012,36.660741274549984,,27.1308600209,0.0078131,-3.4781966282291465,39.73492439454345,39.7313904560916,39.70719079355418,39.51358155175708,39.23957883802984,39.221825886348164,39.21158719467662,39.205065726979015,39.174058794356824,39.18179978743818,39.16562992347245,39.150984348018845,39.14759950318326,39.743054877053844,39.749466197145416,39.7518670551878,0.0,-0.009999999716802623,0.013999999610727091,0.0,-0.009999999833484517,0.01399999984332489,0.0,-0.00999999998609619,0.01399999998279429,0.0,-0.00999999998246321,0.013999999977582845,0.0,-0.009999999972995086,0.013999999967083347,4.0513166249999996e-05,-0.009999999990913666,0.021999999986714,0.0,-0.009999999981949819,0.013999999979184913,0.0,-0.00999999999173461,0.013999999988924827,0.0004467211262499,-0.009999999980751167,0.02199999997924715,0.0,-0.009999999961625882,0.013999999961824544,1.0,0.0,0.0,0.0,0.0,0.0,0.0,0.0,0.0,0.0,0.0,0.0,0.0,0.0,0.0,0.0,-88.11762615553981,,,,,,,,,,,,,,,,593,-142.18745447,100.0,0.0,0.0,1.0,0.06492208,0.0,0.0,-0.04948381,0.07708598,0.90584227,0.06075542,0.00132979,2.66e-06,-6.138e-05,-0.01409415,0.88210466,0.0635923,-6.58e-06,0.00023368,-0.03848266,-0.10701008,0.84184644,0.06357826,-0.00034453,0.00040634,-0.11017975,-0.15740941,0.89785477,0.06388717,-0.00097867,0.0,-0.04462608,-0.06377707,0.90166597,0.06075542,0.00132952,4.653e-05,-0.01643879,-0.02359757,0.90253997,0.06359173,0.00068434,9.707e-05,-0.00782898,-0.01124008,0.9025,0.06290353,0.00201346,0.0001053,-0.01182956,-0.01718943,0.9025,0.06290311,-0.00097867,0.0,-0.06023326,-0.08606006,0.9023566,0.06075542,0.0,0.0,-0.01654798,-0.02370387,0.90092012,0.06075542,0.00132929,6.407e-05,-0.01530354,-0.0219627,0.90250448,0.06359123,0.00068673,2.077e-05,-0.01098179,-0.01544827,0.9025,0.06290584,0.00132978,2.66e-06,-6.116e-05,-0.01409422,0.87159566,0.06359229,-0.00132978,0.0,-0.06601423,-0.09967293,0.90256775,0.06075542,0.0,0.0,-0.06540131,-0.04697144,0.9025,0.06075542,0.0,0.0,0.0,1.0,0.10761444,0.0,0.08365278,0.0,0.0726805,0.0,0.06186057,0.0,0.02083258,0.0,0.02057666,0.0,0.01033764,0.0,0.01035949,0.0,0.03068507,0.0,0.02025932,0.0,0.02007169,0.0,0.00989799,0.0,0.01274256,0.0,0.00175084,0.0,0.00075777,0.0,0.0,-0.026132830000006907,0.3973365200000003,-0.50659915,0.39719641999999966,-0.5310381700000001,0.39693929000000017,-0.4984686999999998,0.39499529999999994,-0.5008768300000002,0.3923538899999993,-0.50659834,0.3921933999999999,-0.49487548,0.3921081899999998,-0.4942692699999998,0.39180577000000016,-0.5112389500000003,0.39230539999999936,-0.5065999,0.3917642400000001,-0.5065988499999998,0.3916235999999994,-0.5045445400000002,0.3914983100000001,-0.5015987399999998,0.3973671100000002,-0.5465909699999999,0.39746789999999915,-0.50659867,0.39750845000000007,-0.5065984099999999,39.73351211,119.19004897,79.41359755,79.19346986,117.96546095,78.45473394,78.43009067,39.21056919,39.18057296,117.58759624,78.33878444,78.31222209,39.14974485,79.48350327,79.49749873,39.75067267,0.00036803
23,2013-11-01 23:00:00,1.8355773989575633e-11,0.006652635932285068,0.0005875416774999,0.015999997655461853,0.005696002499999999,0.0028480010025967117,4.172440277879832e-14,0.0028480012499999996,44.24228878815001,63.30205129544999,,53.7721700418,0.0078131,-3.4783351537853004,44.23408179338372,44.17598101530518,44.122416761086804,43.99253972406201,43.82825950732155,43.80941336467481,43.79835292944048,43.79316034391434,43.77785785422863,43.783377210092596,43.76590091815121,43.753207534161795,43.74968546307817,44.171457941748756,44.16769982935828,44.16640905373107,0.0,0.0039999991606897425,0.010000000237411795,0.0,0.003999999591713842,0.010000000135462584,0.0,0.003999999899756601,0.010000000042082027,0.0,0.003999999880311309,0.010000000049415059,0.0,0.003999999858494091,0.010000000055625886,0.00020605399249995,-0.008000000100461535,0.030000000043806836,0.0,0.003999999890484835,0.010000000045169053,0.0,0.003999999929548863,0.010000000029987,0.00038148768499995,-0.008000000094301163,0.030000000037749403,0.0,0.0039999998643978785,0.010000000050792712,1.0,0.0,0.0,0.0,0.0,0.0,0.0,0.0,0.0,0.0,0.0,0.0,0.0,0.0,0.0,0.0,-91.89023455048346,,,,,,,,,,,,,,,,593,-142.18745447,100.0,0.0,0.0,1.0,0.06492219,0.0,0.0,-0.0495432,0.07707449,0.90583852,0.0607555,0.00132979,2.66e-06,-6.242e-05,-0.0140994,0.88209872,0.06359241,-6.58e-06,0.00023368,-0.03848149,-0.10700882,0.84184024,0.06357836,-0.00034453,0.00040635,-0.11017736,-0.15740104,0.89785101,0.06388727,-0.00097867,0.0,-0.04465252,-0.06378216,0.90166472,0.06075552,0.00132952,4.653e-05,-0.01641294,-0.02359747,0.90253413,0.06359183,0.00068434,9.707e-05,-0.00782821,-0.01125798,0.9025,0.06290364,0.00201346,0.0001053,-0.01181636,-0.01721322,0.9025,0.06290321,-0.00097867,0.0,-0.06024769,-0.08605898,0.90235145,0.06075552,0.0,0.0,-0.01655983,-0.0237097,0.9009184,0.06075552,0.00132929,6.407e-05,-0.01527774,-0.02196261,0.90250336,0.06359133,0.00068673,2.077e-05,-0.01097442,-0.01546614,0.9025,0.06290594,0.00132978,2.66e-06,-6.225e-05,-0.01409945,0.87158151,0.06359239,-0.00132978,0.0,-0.06603771,-0.09967084,0.90254917,0.06075551,0.0,0.0,-0.06543497,-0.04698779,0.9025,0.06075388,0.0,0.0,0.0,1.0,-0.00667497,0.0,-0.00052982,0.0,0.00293525,0.0,0.00631436,0.0,0.00592838,0.0,0.00515863,0.0,0.00837679,0.0,-0.00340972,0.0,0.00347357,0.0,0.00588193,0.0,0.00506252,0.0,0.00822822,0.0,-0.00264853,0.0,0.00088793,0.0,0.00042288,0.0,0.0,-0.02613302000000721,0.44205083999999983,-0.50659994,0.4414906599999997,-0.5310374499999999,0.4409693700000001,-0.49846882,0.4396890599999996,-0.50087641,0.43820993999999897,-0.5065984600000001,0.4380512199999999,-0.49487533000000006,0.43796931999999966,-0.49427026999999996,0.4378193400000009,-0.5112388400000001,0.4381507499999994,-0.50660052,0.43775844999999963,-0.50659963,0.4376143800000005,-0.5045443,0.4375168899999996,-0.5015993399999998,0.44173322000000015,-0.5465918800000001,0.4417008000000004,-0.50659992,0.44167113000000024,-0.5065989,44.20512757,132.52749676,88.2459888,88.06582835,131.6049409,87.62610815,87.60201009,43.79689284,43.78202478,131.37274587,87.53729043,87.51314002,43.75148675,88.34337963,88.33719462,44.16731711,0.00036803
