,Timestep,P Feed In,P Feed Out,P Local Gen,P Local Dem,Q Feed In,Q Feed Out,Q Local Gen,Q Local Dem,FT,GT,Alpha,Surplus,Spot,Shadow Price 0,Shadow Price 1,Shadow Price 2,Shadow Price 3,Shadow Price 4,Shadow Price 5,Shadow Price 6,Shadow Price 7,Shadow Price 8,Shadow Price 9,Shadow Price 10,Shadow Price 11,Shadow Price 12,Shadow Price 13,Shadow Price 14,Shadow Price 15,B_min1,Bat_SOC0[1],B_max1,u_bat1,u_load1,batt_self1,GenP0[1],B_min2,Bat_SOC0[2],B_max2,u_bat2,u_load2,batt_self2,GenP0[2],B_min3,Bat_SOC0[3],B_max3,u_bat3,u_load3,batt_self3,GenP0[3],B_min4,Bat_SOC0[4],B_max4,u_bat4,u_load4,batt_self4,GenP0[4],B_min6,Bat_SOC0[6],B_max6,u_bat6,u_load6,batt_self6,GenP0[6],B_min7,Bat_SOC0[7],B_max7,u_bat7,u_load7,batt_self7,GenP0[7],B_min8,Bat_SOC0[8],B_max8,u_bat8,u_load8,batt_self8,GenP0[8],B_min11,Bat_SOC0[11],B_max11,u_bat11,u_load11,batt_self11,GenP0[11],B_min12,Bat_SOC0[12],B_max12,u_bat12,u_load12,batt_self12,GenP0[12],B_min13,Bat_SOC0[13],B_max13,u_bat13,u_load13,batt_self13,GenP0[13],GenQ0[1],GenQ0[2],GenQ0[3],GenQ0[4],GenQ0[6],GenQ0[7],GenQ0[8],GenQ0[11],GenQ0[12],GenQ0[13],Alpha0[0],Alpha0[1],Alpha0[2],Alpha0[3],Alpha0[4],Alpha0[5],Alpha0[6],Alpha0[7],Alpha0[8],Alpha0[9],Alpha0[10],Alpha0[11],Alpha0[12],Alpha0[13],Alpha0[14],Alpha0[15],FloP0[1],FloP0[2],FloP0[3],FloP0[4],FloP0[5],FloP0[6],FloP0[7],FloP0[8],FloP0[9],FloP0[10],FloP0[11],FloP0[12],FloP0[13],FloP0[14],FloP0[15],FloQ0[1],FloQ0[2],FloQ0[3],FloQ0[4],FloQ0[5],FloQ0[6],FloQ0[7],FloQ0[8],FloQ0[9],FloQ0[10],FloQ0[11],FloQ0[12],FloQ0[13],FloQ0[14],FloQ0[15],Balance N0,Balance N1,Balance N2,Balance N3,Balance N4,Balance N5,Balance N6,Balance N7,Balance N8,Balance N9,Balance N10,Balance N11,Balance N12,Balance N13,Balance N14,Balance N15
0,2013-11-01 00:00:00,-2.0265882238687375e-14,0.0702609033599368,0.06764624705192464,0.004165080000000001,0.509531658261791,0.5074491182617966,1.833466928176197e-15,0.0020825400000000003,64.14682420276118,84.06027979723883,0.0024237007660041646,-2.8202731816584503e-11,74.10355200000001,64.14682420276266,64.1468242027625,64.14682420276233,64.14682420274819,64.14682420272673,64.14682420272565,64.14682420272491,64.14682420272398,64.14682420272196,64.14682420272293,64.14682420272223,64.14682420272119,64.1468242027209,64.1468242027625,64.14682420276331,64.14682420276355,0.004,0.004000000002763482,0.016,-1.2926632341295767e-14,3.935353727805448e-14,-2.7381104796218743e-14,0.005999999997256312,0.004,0.0040000000027634805,0.016,-1.292650832811943e-14,3.935397181259809e-14,-2.7381778237773088e-14,0.005999999997256314,0.004,0.004000000002763422,0.016,-1.291350752446059e-14,3.938228940226821e-14,-2.743568715202615e-14,0.005999999997256493,0.004,0.004000000002763334,0.016,-1.2893620000835392e-14,3.9424775365802876e-14,-2.7517343172991335e-14,0.005999999997256765,0.004,0.004000000002763325,0.016,-1.2891927789739148e-14,3.942876018423061e-14,-2.7524651043680268e-14,0.005999999997256789,0.010000000000000002,0.015177104424224822,0.04000000000000001,-1.3030001886253929e-14,0.0024485786550417607,-2.767830914858995e-14,0.00982289557580284,0.004,0.004000000002763314,0.016,-1.2889217902951655e-14,3.943477785577284e-14,-2.753600023654336e-14,0.0059999999972568255,0.004,0.00400000000276331,0.016,-1.2888489176627968e-14,3.943642287987812e-14,-2.753907799366887e-14,0.005999999997256837,0.010000000000000002,0.015176648502072053,0.04000000000000001,-1.3100726398485017e-14,0.004331157652541915,-2.7691592023850462e-14,0.00982335149795554,0.004,0.004000000002763482,0.016,-1.2926693485516268e-14,3.93537093766396e-14,-2.738114857157471e-14,0.005999999997256312,3.228550622535765e-17,6.731534458543341e-17,1.0511986418275083e-16,1.6300089037799927e-16,1.671196892792931e-16,1.6939821283080241e-16,1.7525142143264583e-16,1.7659834442237105e-16,1.7711114719561883e-16,3.023604427812576e-17,8.036201352549812e-05,7.806730307987347e-09,7.806729403663338e-09,7.806728508472594e-09,7.806727358775205e-09,6.386386391145604e-12,7.806724643684866e-09,0.5006041435302978,7.806727006083525e-09,6.386436945742501e-12,6.386449140027617e-12,7.806723845345091e-09,0.49931543197042416,7.80673076048684e-09,6.385739132469967e-12,6.385734209743398e-12,-0.07026090335995079,-0.0593715913652765,-0.05364926336797456,-0.04792693537067236,-0.017438458228189242,-0.017716130228153656,-0.011993802230851022,-0.005722327997302689,-0.024766149145180515,-0.019321493147842213,-0.01959916514780659,-0.013876837150503887,-0.00516698399737235,0.00055534399992959,0.0002776719999647962,0.0020825399999945,0.00152719599999486,0.0013883599999950618,0.0012495239999953773,0.0004165079999984939,0.00027767199999899047,0.00013883599999949182,0.00013883599999947425,0.0006941799999973723,0.00041650799999841626,0.00027767199999893886,0.00013883599999946867,0.00041650799999973676,0.0002776719999998274,0.0001388359999999143,-4.5070136213849885,0.366907588039169,0.36690758803916806,0.36690758803909707,0.3669075880389892,-0.01797335701961097,0.36690758803898,0.7704160578175241,0.36690758803896517,-0.017973357019609774,-0.017973357019609466,0.3669075880389614,0.8912036443248478,0.366907588039169,-0.017973357019627306,-0.01797335701962741
1,2013-11-01 01:00:00,2.82711775416733e-15,-2.5145639304783947e-14,-0.0026710620545056796,0.0034434975000000017,0.5093504868030126,0.5076287380530118,-2.612251150007476e-16,0.0017217487500000008,43.44653426996118,63.359989864438816,0.006427318353628366,-3.6560062269264115e-11,53.4032620672,57.223432938398474,57.22343293839852,57.22343293839854,57.22343293840078,57.22343293840393,57.22343293840407,57.223432938404166,57.22343293840429,57.22343293840455,57.223432938404414,57.22343293840447,57.22343293840457,57.223432938404585,57.22343293839853,57.22343293839933,57.22343293839957,0.004,0.004029245430974457,0.016,-1.0620195611844795e-14,4.2619720501621105e-14,-3.508509581195194e-14,-2.9245428173232816e-05,0.004,0.0040292454309744565,0.016,-1.0620258595766875e-14,4.26197703794573e-14,-3.5085017865943306e-14,-2.9245428173233562e-05,0.004,0.004029245430974418,0.016,-1.0622385028449542e-14,4.261873063945374e-14,-3.507969551213281e-14,-2.924542817326757e-05,0.004,0.004029245430974363,0.016,-1.0625294276397043e-14,4.261746677979004e-14,-3.507256843331045e-14,-2.9245428173318387e-05,0.004,0.0040292454309743585,0.016,-1.0625584496611056e-14,4.2617688631166656e-14,-3.5072198128431564e-14,-2.9245428173322002e-05,0.010000000000000002,0.016396621441808066,0.04000000000000001,-1.2916380242743193e-14,0.002074837276298683,-3.464544827902996e-14,-0.0012195170175486885,0.004,0.004029245430974351,0.016,-1.0625903667950934e-14,4.2617554301946316e-14,-3.507141864796444e-14,-2.9245428173327752e-05,0.004,0.004029245430974344,0.016,-1.0625977948948798e-14,4.261778679721646e-14,-3.507149641447092e-14,-2.9245428173324462e-05,0.010000000000000002,0.01639423011380522,0.04000000000000001,-1.3021685138094415e-14,0.004039722277548932,-3.463458467895736e-14,-0.0012175816116987398,0.004,0.004029245430974457,0.016,-1.0620246106918857e-14,4.2619860746428695e-14,-3.5085130497387244e-14,-2.9245428173231566e-05,-7.113131794053751e-18,-1.1757911829671523e-17,-1.5830700992838904e-17,-2.1140955869267723e-17,-2.1597293662325046e-17,-2.18084177587198e-17,-2.222751482199847e-17,-2.2318055701364823e-17,-2.2359855965776065e-17,-8.957011135824546e-18,0.0001228788713850861,0.09998771209612471,0.09998771209612475,0.09998771209611886,0.09998771209611015,1.3163130327677753e-11,0.09998771209610906,0.09998771214693712,0.09998771209610754,1.3163153291370471e-11,1.3163160359782453e-11,0.09998771209610603,0.09998771214693664,0.09998771209612468,1.3162882074641181e-11,1.3162877706870065e-11,4.174993240756468e-14,-0.0009767568560856187,-0.0012355687842024552,-0.0014943807123193322,-0.0001373753306999476,-0.00036694183064681855,-0.0006257537587637587,0.0002588119281169468,-0.0016158173097363213,-0.0021041957378001405,-0.002333762237747013,-0.0025925741658639565,0.0007179449280105327,0.0004591329998936981,0.0002295664999468502,0.0017217487500007839,0.001262615750000674,0.0011478325000006384,0.001033049250000591,0.0003443497500001945,0.00022956650000013022,0.00011478325000006542,0.0001147832500000667,0.0005739162500003331,0.00034434975000020043,0.00022956650000013405,0.00011478325000006709,0.00034434975000008854,0.00022956650000006173,0.0001147832500000314,-4.507012831601762,0.3523116459909724,0.3523116459909714,0.3523116459908981,0.3523116459907868,-0.03153842812595746,0.35231164599077736,0.8064380010325037,0.35231164599076215,-0.03153842812595635,-0.031538428125956045,0.35231164599075854,1.039773803207412,0.3523116459909725,-0.03153842812597253,-0.031538428125972726
2,2013-11-01 02:00:00,0.09768280409976392,-2.030803393234137e-14,-0.09973434228150761,0.003127927500000001,0.5092712711492406,0.5077073073992315,-3.0166777718483543e-15,0.0015639637500000005,25.80007220276118,45.71352779723882,0.005105559475666162,-1.957317988243723e-11,35.7568,45.71352779723783,45.71352779723813,45.713527797238434,45.71352779726379,45.7135277973017,45.71352779730354,45.713527797304735,45.71352779730626,45.71352779731004,45.7135277973083,45.71352779730939,45.71352779731106,45.71352779731144,45.71352779723815,45.71352779723898,45.71352779723924,0.004,0.014002679659130879,0.016,-1.3443770714462886e-14,3.801773212899105e-14,-2.454330281247848e-14,-0.009973434228138603,0.004,0.014002679659130879,0.016,-1.3444059769314922e-14,3.801734446670303e-14,-2.4542339921692896e-14,-0.009973434228138605,0.004,0.014002679659130842,0.016,-1.3467442371076525e-14,3.7980938954062485e-14,-2.4459517923091725e-14,-0.009973434228138756,0.004,0.014002679659130799,0.016,-1.3502349035841386e-14,3.792656833731868e-14,-2.4335855534620826e-14,-0.009973434228138983,0.004,0.014002679659130794,0.016,-1.3505150907396254e-14,3.7922281886025866e-14,-2.4326005035796077e-14,-0.009973434228139,0.010000000000000002,0.026370055670076296,0.04000000000000001,-1.2973454693881404e-14,0.001784897878788664,-2.4318906707311285e-14,-0.009973434228244246,0.004,0.014002679659130787,0.016,-1.351004499306559e-14,3.791474836352144e-14,-2.4308753952448058e-14,-0.009973434228139032,0.004,0.01400267965913077,0.016,-1.3510983838634392e-14,3.791330601342841e-14,-2.430544734994133e-14,-0.009973434228139032,0.010000000000000002,0.026367664342073452,0.04000000000000001,-1.3080291471797321e-14,0.0033945678025388607,-2.43020953682702e-14,-0.009973434228244378,0.004,0.014002679659130879,0.016,-1.3443809726333544e-14,3.801779860256317e-14,-2.4543288730990994e-14,-0.009973434228138603,-5.916361756093197e-17,-1.159624370413353e-16,-1.7494361275854128e-16,-2.631252684757359e-16,-2.6954488515998005e-16,-2.7296642345535244e-16,-2.8187603132986303e-16,-2.8381876410106156e-16,-2.845917013987213e-16,-6.093679910200447e-17,0.00010559898424348901,0.09998944012092063,0.09998944012092147,0.09998944012091032,0.09998944012089288,1.952109625020886e-11,0.0999894401208932,0.09998943997545,0.0999894401208907,1.9520810628291487e-11,1.952073530202555e-11,0.09998944012089071,0.0999894399754527,0.09998944012092084,1.95252147723018e-11,1.9525177676681876e-11,0.09768280409978876,0.07690182164365152,0.06671985891555544,0.05653789618745911,0.018787556077521163,0.01857902757754806,0.008397064849451285,0.01018196272809683,0.0275683773818412,0.01717788615377122,0.016969357653798072,0.006787394925701236,0.010599019728041196,0.0004170569999451299,0.00020852849997256607,0.00156396375000905,0.0011469067500083164,0.0010426425000079685,0.0009383782500074437,0.00031279275000242876,0.00020852850000162754,0.00010426425000081888,0.0001042642500008456,0.0005213212500042256,0.0003127927500025459,0.0002085285000017052,0.00010426425000085376,0.00031279275000055607,0.00020852850000037325,0.00010426425000018714,-0.04158671193224439,-0.11297165880985327,-0.11297165880985749,-0.11297165881019378,-0.11297165881069843,-0.04141137213801314,-0.11297165881073928,0.42274867502104313,-0.11297165881080962,-0.041411372138013415,-0.04141137213801343,-0.11297165881082338,0.7296681679997534,-0.11297165880985344,-0.0414113721380093,-0.04141137213800958
3,2013-11-01 03:00:00,0.03446104151499038,-2.0306941342697954e-14,-0.0357223399079911,0.0029431799999999997,0.5092249565465382,0.5077533665465339,-1.4553025053988107e-15,0.0014715899999999998,27.500934269961185,47.414389864438824,0.004624737106420662,-1.7194780321805325e-11,37.457662067200005,47.41438986443557,47.41438986443572,47.414389864435854,47.41438986444738,47.41438986446449,47.414389864465356,47.41438986446592,47.41438986446666,47.41438986446818,47.414389864467445,47.41438986446794,47.41438986446871,47.41438986446892,47.41438986443573,47.414389864436515,47.41438986443676,0.004,0.01597500373741896,0.016,-1.340260916654755e-14,3.817269242160796e-14,-2.485783184287769e-14,-0.0019723240782729312,0.004,0.015975003305433003,0.016,-1.3402745767026608e-14,3.8172517097796126e-14,-2.485738437771459e-14,-0.001972323646286974,0.004,0.015975003196616,0.016,-1.3413498269176432e-14,3.815468680098552e-14,-2.4818238531398346e-14,-0.001972323537470092,0.004,0.01597500291608751,0.016,-1.3429395548983872e-14,3.812822645258427e-14,-2.4760266635983508e-14,-0.0019723232569417827,0.004,0.015975002046495594,0.016,-1.3430607937629555e-14,3.812606657973812e-14,-2.4755702074648157e-14,-0.001972322387349883,0.010000000000000002,0.03634505886678261,0.04000000000000001,-1.2922845818036683e-14,0.001807936686288994,-2.4769500107850314e-14,-0.009975003196682285,0.004,0.01597500147284139,0.016,-1.3432825824638464e-14,3.812264913934656e-14,-2.474788564731499e-14,-0.0019723218136957006,0.004,0.015968752672934912,0.016,-1.3436390640178616e-14,3.8123457191476694e-14,-2.4741599605014435e-14,-0.0019660730137892545,0.010000000000000002,0.03634266753877975,0.04000000000000001,-1.2977222012418612e-14,0.002396541706289145,-2.476189614923492e-14,-0.00997500319668234,0.004,0.015975001440060678,0.016,-1.3402634312715779e-14,3.817276530117055e-14,-2.485785130563062e-14,-0.001972321780914647,-2.956228330010868e-17,-5.682145149201188e-17,-8.475534324010427e-17,-1.2611456259651857e-16,-1.2919293867463501e-16,-1.3084533256864623e-16,-1.3477675306955734e-16,-1.357302412490175e-16,-1.3609187887228775e-16,-3.1284668054227563e-17,0.00010124616036179811,0.09998987539980177,0.09998987539980284,0.09998987539980321,0.09998987539980345,1.8904832948125438e-11,0.09998987539980426,0.09998987527334117,0.09998987539980356,1.8904695635164957e-11,1.8904662444141825e-11,0.0999898753998041,0.0999898752733447,0.0999898753998012,1.8906827922788616e-11,1.8906813969446066e-11,0.034461041515015375,0.029731547655970237,0.027563012009726124,0.02539447647229883,0.010728024897667771,0.010531812897695883,0.008363278510388709,0.002168533813653001,0.012497916317731997,0.010133170504107088,0.009936958504135177,0.007774673490388621,0.002560957780815065,0.00039242399994327703,0.00019621199997163957,0.001471590000004366,0.0010791660000039882,0.0009810600000038177,0.0008829540000035635,0.00029431800000116417,0.00019621200000078014,9.810600000039253e-05,9.810600000040434e-05,0.000490530000002021,0.0002943180000012176,0.00019621200000081548,9.810600000040828e-05,0.000294318000000289,0.0001962120000001951,9.810600000009804e-05,1.5923630138318465,-0.2156373627796161,-0.21563734229726997,-0.21563733713814418,-0.2156373238376058,-0.05102296020820893,-0.2156372826064803,0.026363038262313454,-0.21563725540709228,-0.05102296020820981,-0.05102296020820997,-0.21534097237215755,0.3611908791354733,-0.2156372538517749,-0.051022960208196744,-0.05102296020819709
4,2013-11-01 04:00:00,-1.2445031884209447e-14,-8.084081654028582e-15,-0.0008323802574987793,0.0029299500000000006,0.5092216716677149,0.507756696667714,-2.919041713914712e-16,0.0014649750000000003,42.83770516916118,62.75116076363882,0.00413407944423746,-2.6338735359399124e-10,52.7944329664,57.22335600179378,57.223356001793825,57.223356001793846,57.22335600179605,57.22335600179916,57.223356001799296,57.22335600179937,57.22335600179947,57.2233560017998,57.22335600179967,57.223356001799736,57.223356001799836,57.22335600179984,57.223356001793825,57.2233560017946,57.22335600179484,0.004,0.01597276486844062,0.016,3.7811855473447333e-13,-1.6078840800740835e-13,-6.091708842023664e-13,2.2388705529960313e-06,0.004,0.01597276439355495,0.016,3.7840392660565524e-13,-1.609310788320314e-13,-6.095989545557938e-13,2.238913453846156e-06,0.004,0.01597276423073396,0.016,3.8146163187658255e-13,-1.6246301279545806e-13,-6.14182426783029e-13,2.238967470055042e-06,0.004,0.01597276386171176,0.016,3.8583799587638025e-13,-1.6465542779176078e-13,-6.207427324726715e-13,2.2390559812668723e-06,0.004,0.01597276295136047,0.016,3.832572025984395e-13,-1.6336507255428656e-13,-6.168714928163431e-13,2.2390967303184485e-06,0.010000000000000002,0.03677082180051709,0.04000000000000001,2.1856036933715004e-15,0.001772670032516005,-3.2221238442502726e-14,-0.00042576293368967386,0.004,0.015972762271400005,0.016,3.8705004810553434e-13,-1.6526207185812754e-13,-6.225601845319851e-13,2.239203051747711e-06,0.004,0.01596595520745803,0.016,1.8173899321157486e-13,-6.260507352716155e-14,-3.145950724859788e-13,2.7974662660012605e-06,0.010000000000000002,0.03676775551063461,0.04000000000000001,2.1517587657469818e-15,0.0019896602262661125,-3.2211135617885824e-14,-0.00042508797181010373,0.004,0.01597276236708428,0.016,3.7796680835677594e-13,-1.6071242161095413e-13,-6.089433725524309e-13,2.2390745504425502e-06,-7.583317943805075e-18,-1.2814499399942266e-17,-1.7549085396532873e-17,-2.391852404847459e-17,-2.4431959357160526e-17,-2.467662845018092e-17,-2.5248152793930415e-17,-2.5382304057026464e-17,-2.543611999403473e-17,-9.33548099744171e-18,9.002468339113925e-05,0.09999099752504706,0.0999909975250464,0.09999099752504706,0.09999099752504675,1.3229644626186182e-11,0.09999099752504709,0.0999909975250428,0.09999099752504695,1.3229649253577857e-11,1.3229647630074475e-11,0.0999909975250466,0.09999099752504295,0.09999099752504698,1.3229604125978326e-11,1.322959919911419e-11,-8.07443809930618e-15,-0.000776842055272124,-0.0009699331419829226,-0.0011630241746790504,-0.0007631561953677082,-0.000958486195385826,-0.0011515770988226018,0.00019309079711724456,-0.0005929589234984591,-0.0009813797206338238,-0.0011767097206519445,-0.0013692422544522784,0.0005837509256525438,0.0003906600000385605,0.00019533000002047474,0.0014649750000008757,0.0010743150000007613,0.000976650000000723,0.0008789850000006702,0.00029299500000022003,0.00019533000000014733,9.766500000007403e-05,9.766500000007574e-05,0.0004883250000003786,0.00029299500000022784,0.00019533000000015245,9.766500000007631e-05,0.0002929950000000915,0.00019533000000006352,9.766500000003226e-05,1.59236338600079,-0.22654891983361553,-0.22654889689637142,-0.22654888864660724,-0.22654887028166176,-0.062476003632878196,-0.22654882671844345,0.09239790998132279,-0.2265487934354206,-0.06247600363287918,-0.062476003632879355,-0.22622056468233676,0.4396812815442679,-0.22654879923233845,-0.062476003632864714,-0.06247600363300173
5,2013-11-01 05:00:00,-1.550557395064002e-14,-1.0859980427776628e-14,-0.0009394381082383045,0.0035043899999999987,0.5093657580296179,0.5076135630296171,-2.814378169061941e-16,0.0017521949999999994,47.97895316916118,67.89240876363883,5.710248380897458e-06,2.781870220291971e-11,57.9356809664,57.223355991111504,57.223355991111546,57.223355991111575,57.223355991113884,57.22335599111714,57.22335599111729,57.22335599111736,57.22335599111749,57.223355991117806,57.223355991117664,57.223355991117735,57.22335599111785,57.22335599111787,57.223355991111546,57.223355991112356,57.223355991112605,0.004,0.01597023741231323,0.016,-7.588975628360265e-14,6.957805448429712e-14,6.844822910698174e-14,2.5274558927891264e-06,0.004,0.015970236897955344,0.016,-7.553210213955719e-14,6.93992412898212e-14,6.791173696452484e-14,2.527495366437967e-06,0.004,0.015970236768387852,0.016,-7.177222086234155e-14,6.751658032066335e-14,6.227465000183394e-14,2.5274621279772646e-06,0.004,0.015970236434366257,0.016,-6.63841255570774e-14,6.481878445729542e-14,5.41962738308348e-14,2.527427148916611e-06,0.004,0.01597023539895969,0.016,-6.95440005676998e-14,6.639867291818027e-14,5.893614067555043e-14,2.527552191552163e-06,0.010000000000000002,0.037251348473238285,0.04000000000000001,-8.476149771732431e-15,0.0020204419062846758,-2.951814606935337e-14,-0.00048052667269244184,0.004,0.015970234715919348,0.016,-6.486906043632634e-14,6.406072857257129e-14,5.1924210196505877e-14,2.5275552901285254e-06,0.004,0.01596279438547275,0.016,-1.6426206665379584e-13,1.1375406226724278e-13,2.0101664434671647e-13,3.1608213971738424e-06,0.010000000000000002,0.03724752040568843,0.04000000000000001,-8.516751432309047e-15,0.002423386201284748,-2.9509848857568716e-14,-0.00047976489502512377,0.004,0.01597023467689127,0.016,-7.603919988725493e-14,6.965287275967791e-14,6.867230236169396e-14,2.5276899578205948e-06,-7.425463736932487e-18,-1.244903996804952e-17,-1.6961159394941618e-17,-2.2960321371528508e-17,-2.3444946043029262e-17,-2.3666209426128703e-17,-2.422660831778689e-17,-2.4340889068342238e-17,-2.4391017971405064e-17,-9.220025818843806e-18,1.2902408250105163e-07,0.09999998736456658,0.09999998724159967,0.099999987132421,0.099999987039229,7.599833824275338e-12,0.09999998698002854,0.09999998698189058,0.09999998697872894,7.59983585240241e-12,7.599835192734301e-12,0.09999998693333133,0.09999998693580305,0.09999998735031963,7.599804924780921e-12,7.599801603153907e-12,-4.291144686247264e-16,-0.0009294488539427102,-0.0011605473585026564,-0.0013916458963029524,-0.0008415647858882841,-0.0010751907858585884,-0.0013062892335964356,0.0002310984446416099,-0.0007811796831967306,-0.0012459041278086473,-0.0014795301277789543,-0.0017099953062638252,0.0006983503099088648,0.0004672519999405548,0.00023362599997027892,0.0017521950000008444,0.0012849430000007312,0.001168130000000694,0.0010513170000006431,0.0003504390000002111,0.00023362600000014131,0.000116813000000071,0.00011681300000007269,0.000584065000000363,0.0003504390000002185,0.0002336260000001462,0.00011681300000007318,0.00035043900000009066,0.00023362600000006304,0.00011681300000003202,1.592363386001261,-0.23977296374265117,-0.23977293854663406,-0.2397729321993176,-0.23977291583660928,-0.07584524808166596,-0.2397728651176705,0.16714835416238447,-0.23977283165787183,-0.07584524808166704,-0.07584524808166723,-0.2394083652815325,0.5375331420373525,-0.23977282974737046,-0.07584524808165102,-0.07584524808178818
6,2013-11-01 06:00:00,-2.0271984591536328e-14,0.03491463374356346,0.03566070704374313,0.005518304999999999,0.5098715170872257,0.5071123645872281,8.265898635441329e-16,0.0027591524999999997,65.41280626996118,85.32626186443883,0.004893299641929791,-2.7482217890284488e-11,75.36953406720001,65.41280626996439,65.41280626996432,65.41280626996425,65.41280626995767,65.41280626994754,65.41280626994697,65.41280626994659,65.41280626994607,65.41280626994528,65.4128062699457,65.41280626994534,65.41280626994481,65.41280626994462,65.41280626996432,65.41280626996523,65.4128062699655,0.004,0.013999999999997969,0.016,3.439918245447468e-13,8.899193276575018e-07,-2.7596633124054304e-14,0.001970237412692282,0.004,0.013999999999997969,0.016,3.4399160925384515e-13,8.89919327658243e-07,-2.759694400760388e-14,0.0019702368983343923,0.004,0.013999999999997941,0.016,3.439877656600941e-13,8.89919327691426e-07,-2.7622439750619967e-14,0.0019702367687669743,0.004,0.013999999999997905,0.016,3.4398226412869273e-13,8.899193277415265e-07,-2.7661537517359193e-14,0.001970236434745493,0.004,0.013999999999997901,0.016,3.439813045653716e-13,8.899193277470948e-07,-2.7665186031390674e-14,0.0019702353993389355,0.010000000000000002,0.027298218298093098,0.04000000000000001,-1.3126994900386594e-14,0.0019273339625418405,-2.7653106832085933e-14,0.009953130175165152,0.004,0.013999999999997898,0.016,3.439808698711143e-13,8.899193277532889e-07,-2.7670510888444683e-14,0.001970234716298609,0.004,0.01399999999999788,0.016,3.439859750582671e-13,8.899193277503194e-07,-2.767769471579122e-14,0.0019627943858520455,0.010000000000000002,0.0272943902305432,0.04000000000000001,-1.3193836361527707e-14,0.0028377783825420297,-2.765895219466547e-14,0.009953130175165116,0.004,0.013999999999997972,0.016,3.4399166150661907e-13,8.899193276578354e-07,-2.7596640965927876e-14,0.0019702346772703175,1.328548842407709e-17,2.928208588680524e-17,4.698343642692278e-17,7.45647871943171e-17,7.65367225703738e-17,7.766813009492703e-17,8.034317934932306e-17,8.1029086810242e-17,8.127507003745043e-17,1.1245570871174352e-17,5.5240483160913845e-05,0.09999447603377204,0.0999944760337725,0.09999447603377269,0.0999944760337732,5.035324264878726e-12,0.09999447603377407,0.09999447561075314,0.09999447603377379,5.035342183720603e-12,5.035345905358452e-12,0.09999447603377483,0.09999447561072428,0.0999944760337725,5.035053118837459e-12,5.035048210804179e-12,-0.03491463374357734,-0.03244392981487563,-0.030840689997207186,-0.029237450309106107,-0.012747928456422293,-0.013115815456386596,-0.011512577137713455,-0.0016032376356328278,-0.014886282498604124,-0.013650931862935587,-0.014018818862899875,-0.012423021557713614,-0.0008674635966753828,0.0007357739999289837,0.0003678869999644931,0.0027591524999975208,0.002023378499997653,0.0018394349999977405,0.0016554914999978815,0.0005518304999993101,0.0003678869999995374,0.000183943499999767,0.000183943499999759,0.0009197174999987949,0.0005518304999992735,0.0003678869999995131,0.0001839434999997562,0.0005518304999999077,0.0003678869999999414,0.00018394349999997133,-0.6915005167463071,-0.1347374315442004,-0.13473743999377635,-0.13473744212183836,-0.13473744760842804,-0.10023598911651196,-0.13473746461833916,0.9203814150927857,-0.13473747583812712,-0.10023598911651238,-0.10023598911651238,-0.13485970235587463,1.3503209274327586,-0.13473747648054668,-0.10023598911650672,-0.10023598911664401
7,2013-11-01 07:00:00,-2.026452347374388e-14,0.09590872241669354,0.0993084503828073,0.008142427499998496,0.5105319556441928,0.5064607418942002,2.1655535191876456e-15,0.004071213749999248,71.60743413556118,91.52088973003883,0.012318040269985992,-3.422961913912559e-11,81.5641619328,71.6074341355622,71.607434135562,71.6074341355618,71.6074341355441,71.60743413551727,71.60743413551592,71.607434135515,71.60743413551387,71.60743413551127,71.6074341355125,71.60743413551167,71.6074341355104,71.60743413551008,71.60743413556202,71.60743413556301,71.60743413556332,0.004,0.0040691549617695826,0.016,1.322663137888587e-14,1.3232804989936983e-05,-2.842651700544153e-14,0.009930845038272261,0.004,0.004069154961769582,0.016,1.3226585542850754e-14,1.3232804989937838e-05,-2.842728006582875e-14,0.009930845038272264,0.004,0.004069154961769508,0.016,1.3226286045654814e-14,1.3232804990001713e-05,-2.8490557273436767e-14,0.009930845038272402,0.004,0.004069154961769398,0.016,1.322591920872155e-14,1.3232804990098219e-05,-2.8586327216643097e-14,0.009930845038272608,0.004,0.004069154961769387,0.016,1.322586547848652e-14,1.3232804990106664e-05,-2.8594669165971866e-14,0.009930845038272627,0.010000000000000002,0.01736737325985785,0.04000000000000001,-1.3106993205719689e-14,0.002270465600042727,-2.8598854278789733e-14,0.009930845038255693,0.004,0.004069154961769372,0.016,1.322583715435142e-14,1.3232804990120135e-05,-2.860808288686024e-14,0.009930845038272657,0.004,0.004069154961769362,0.016,1.3225801398297292e-14,1.3232804990123411e-05,-2.861128700569234e-14,0.009930845038272662,0.010000000000000002,0.017363545192307917,0.04000000000000001,-1.3114177965436267e-14,0.0023663714937927553,-2.861269831976253e-14,0.009930845038255729,0.004,0.004069154961769583,0.016,1.322659827664659e-14,1.3232804989937088e-05,-2.842655905344553e-14,0.009930845038272261,3.846445702310496e-17,7.986646957608959e-17,1.2434222788208863e-16,1.9226965756757856e-16,1.9711907565211838e-16,1.9977309362685645e-16,2.0671882842428894e-16,2.0825366316373286e-16,2.0885225539501186e-16,3.6234534523978923e-17,9.711280763794205e-05,0.09999028871787592,0.0999902887178756,0.09999028871782052,0.09999028871773867,3.4866703835253406e-12,0.09999028871773019,0.09999028871629771,0.09999028871771858,3.4866954437624825e-12,3.4867008000158684e-12,0.0999902887177131,0.09999028871628109,0.09999028871787809,3.486307201428809e-12,3.4863032352911192e-12,-0.0959087224167068,-0.07819188073009366,-0.06879063138682436,-0.05938938204355478,-0.02051690298161341,-0.021059731481575705,-0.011658482138305698,-0.009401249343270064,-0.029471229718671395,-0.020612808875363597,-0.02115563737532585,-0.011754388032055777,-0.00831559234334383,0.001085656999925475,0.0005428284999627389,0.004071213749992753,0.002985556749993385,0.0027141424999936746,0.002442728249994098,0.0008142427499980735,0.0005428284999987093,0.0002714142499993507,0.0002714142499993298,0.0013570712499966508,0.0008142427499979823,0.0005428284999986487,0.0002714142499993234,0.0008142427499995337,0.0005428284999996924,0.0002714142499998468,-7.559276843987583,0.5388723933117834,0.5388723848622057,0.5388723827339864,0.5388723772471584,-0.1399277478600927,0.5388723602372272,1.7556258886473632,0.5388723490174061,-0.13992774786009074,-0.13992774786009016,0.5387501224996508,2.192432975957206,0.5388723483754372,-0.1399277478601204,-0.1399277478602579
8,2013-11-01 08:00:00,-1.9202862580384676e-14,3.711939757414992e-14,0.004162079474558103,0.0079171275,0.5104751569952731,0.5065165932452719,-4.0172362018679885e-16,0.00395856375,55.42023413556118,75.33368973003883,0.00414461375863668,-2.1216240569943423e-11,65.3769619328,57.36446667695577,57.364466676955814,57.364466676955864,57.36446667695902,57.36446667696349,57.364466676963666,57.364466676963765,57.3644666769639,57.36446667696442,57.36446667696422,57.36446667696432,57.36446667696446,57.36446667696448,57.36446667695583,57.36446667695687,57.36446667695719,0.004,0.00406724583940994,0.016,-1.2129853984054009e-14,0.0001095102000368088,-2.43791332720186e-14,1.9091223744548975e-06,0.004,0.00406724583940994,0.016,-1.2129870743329398e-14,0.00010951020003680873,-2.4379046986424146e-14,1.9091223744530908e-06,0.004,0.004067245839409937,0.016,-1.213002951684783e-14,0.00010951020003680006,-2.437003580162291e-14,1.909122374364438e-06,0.004,0.004067245839409934,0.016,-1.2130216534727e-14,0.00010951020003678787,-2.4357475357162616e-14,1.909122374233182e-06,0.004,0.004067245839409934,0.016,-1.2130249032683114e-14,0.00010951020003678743,-2.4356974996810744e-14,1.909122374222039e-06,0.010000000000000002,0.015295614700902039,0.04000000000000001,-1.3129163091447332e-14,0.001608530411290938,-2.659041742776014e-14,0.0020717585589740714,0.004,0.004067245839409931,0.016,-1.2130259152720144e-14,0.00010951020003678561,-2.4355123259347906e-14,1.909122374204782e-06,0.004,0.004067245839409931,0.016,-1.2130273733903674e-14,0.00010951020003678564,-2.4355123203347753e-14,1.909122374193874e-06,0.010000000000000002,0.015288497255846396,0.04000000000000001,-1.3068101696264535e-14,0.0012704360137908099,-2.6584802694056203e-14,0.002075047936479829,0.004,0.00406724583940994,0.016,-1.2129870778832152e-14,0.00010951020003680884,-2.437914994060536e-14,1.9091223744561447e-06,-1.0168044416254629e-17,-1.7393522386190804e-17,-2.4050631695522904e-17,-3.3095005618443663e-17,-3.3799826886142194e-17,-3.4123476874876176e-17,-3.503404036541573e-17,-3.5220908586437505e-17,-3.5299777689690324e-17,-1.2404881699065464e-17,3.2293341939827694e-05,0.099996770664396,0.09999677066439662,0.09999677066439507,0.09999677066439262,3.77736705403549e-12,0.09999677066439272,0.09999677066201065,0.09999677066439128,3.777367065142876e-12,3.77736625788637e-12,0.09999677066439112,0.09999677066201118,0.0999967706643962,3.777355489953172e-12,3.77735188782466e-12,-5.049384476543146e-14,-0.0018883953551491527,-0.0023047845327320623,-0.002721173710315078,-0.0022082827927211654,-0.0027360912926876315,-0.0031524804702708154,0.0004163891775832049,-0.0009292800951770844,-0.0018734777727267588,-0.002401286272693228,-0.002817675450276444,0.001472006177515751,0.0010556169999328443,0.0005278084999664237,0.003958563750001205,0.002902946750001053,0.002639042500001001,0.0023751382500009285,0.0007917127500003043,0.0005278085000002038,0.00026390425000010235,0.0002639042500001051,0.0013195212500005252,0.0007917127500003162,0.0005278085000002115,0.00026390425000010593,0.0007917127500001215,0.0005278085000000844,0.00026390425000004283,-7.559276710147384,0.5151245906155566,0.5151245821659788,0.5151245800377531,0.5151245745509158,-0.17048150855279687,0.5151245575409837,1.9366043899397303,0.5151245463211613,-0.17048150855279523,-0.1704815085527947,0.5150023198034055,2.3542055658368275,0.5151245456792104,-0.1704815085528205,-0.17048150855295818
9,2013-11-01 09:00:00,-8.582347402752624e-15,-1.677658575389893e-14,0.0029596742657284074,0.008143184999999997,0.5105320899062299,0.5064604974062284,-4.751208387354809e-16,0.004071592499999999,45.30202420276118,65.21547979723883,2.9670295963729977e-05,-2.5939868308899605e-11,55.258752,57.36403555095214,57.364035550952195,57.36403555095224,57.36403555095578,57.36403555096083,57.36403555096104,57.36403555096117,57.36403555096134,57.36403555096188,57.36403555096166,57.364035550961766,57.364035550961944,57.36403555096198,57.3640355509522,57.364035550953254,57.36403555095358,0.004,0.00400000000213153,0.016,-7.690366680467184e-15,0.0003303435000356046,-3.2058373264298204e-14,6.72458373130213e-05,0.004,0.00400000000213153,0.016,-7.690372056244704e-15,0.00033034350003560453,-3.2058257115370784e-14,6.724583731302151e-05,0.004,0.004000000002131514,0.016,-7.69034982087462e-15,0.0003303435000355935,-3.2047281083842747e-14,6.724583731301315e-05,0.004,0.004000000002131491,0.016,-7.690278733459228e-15,0.00033034350003557786,-3.203182011200773e-14,6.724583731300051e-05,0.004,0.004000000002131489,0.016,-7.690268765290767e-15,0.000330343500035577,-3.2030991409578256e-14,6.724583731300076e-05,0.010000000000000002,0.014085727309655847,0.04000000000000001,-1.4132121577235524e-14,0.0012527562725428176,-2.6514037189967397e-14,0.0012098873912632796,0.004,0.004000000002131486,0.016,-7.690275880179771e-15,0.0003303435000355749,-3.202882699971166e-14,6.724583731299789e-05,0.004,0.004000000002131485,0.016,-7.690261130949912e-15,0.0003303435000355747,-3.202869490095579e-14,6.724583731299849e-05,0.010000000000000002,0.014076677080016028,0.04000000000000001,-1.4144609332688142e-14,0.0012880064612927867,-2.650842856358823e-14,0.0012118201758474405,0.004,0.00400000000213153,0.016,-7.690385217550983e-15,0.00033034350003560464,-3.2058385839307845e-14,6.724583731302151e-05,-1.1562603454405337e-17,-2.017285215196639e-17,-2.828165544024587e-17,-3.9539187246528356e-17,-4.0412359267536265e-17,-4.083674397913172e-17,-4.191668003597671e-17,-4.216069099710461e-17,-4.2258183000348713e-17,-1.3810468597000944e-17,5.037291564629792e-07,1.8523749396637748e-09,1.8523749225406529e-09,1.8523749119047244e-09,1.8523749000825193e-09,3.251504176683914e-12,1.8523748523097492e-09,0.4999997408207127,1.8523748953201138e-09,3.251503847826031e-12,3.251503973776256e-12,1.8523748389088935e-09,0.499999740614874,1.8523749476179798e-09,3.2515134151968823e-12,3.25151188394753e-12,1.5025441706458408e-14,-0.0013763373252012926,-0.0015216269878458356,-0.0016669166504904092,-0.0012315960012046071,-0.0017744750011682814,-0.0019197646638129003,0.0001452896626446258,-0.000580610311930419,-0.0012687789745387235,-0.001811657974502403,-0.0019569476371470284,0.001231047662571775,0.0010857579999272325,0.0005428789999636178,0.004071592500001425,0.0029858345000012567,0.0027143950000011957,0.0024429555000011114,0.0008143185000003641,0.0005428790000002437,0.0002714395000001226,0.0002714395000001258,0.0013571975000006287,0.0008143185000003784,0.0005428790000002533,0.0002714395000001268,0.0008143185000001344,0.0005428790000000928,0.0002714395000000471,-7.559276710131968,0.5067882112205224,0.5067882027709446,0.5067882006427179,0.506788195155879,-0.20162521682709467,0.506788178145947,2.0467426954828225,0.5067881669261244,-0.20162521682709342,-0.20162521682709295,0.5066659404083685,2.4664768367841448,0.5067881662841762,-0.20162521682711335,-0.20162521682725126
10,2013-11-01 10:00:00,0.01255393028553478,-2.038038765580097e-14,-0.011672863127322592,0.008226165000000002,0.5105529815353185,0.5064398990353154,-1.012101999812319e-15,0.004113082500000001,37.30989620276118,57.22335179723882,2.9972639594531272e-05,-2.2284077361156562e-11,47.266624,57.22335179722948,57.22335179722959,57.22335179722969,57.223351797237676,57.223351797249414,57.22335179725,57.22335179725037,57.22335179725088,57.2233517972519,57.223351797251404,57.22335179725174,57.22335179725225,57.22335179725238,57.2233517972296,57.22335179723066,57.22335179723099,0.004,0.004000000000010903,0.016,-1.2450878199810025e-14,0.0005494960000397036,-2.6629432568470956e-14,2.1396283511820687e-12,0.004,0.004000000000010903,0.016,-1.2450886406645031e-14,0.0005494960000397034,-2.6629131403251698e-14,2.139628161791048e-12,0.004,0.004000000000010876,0.016,-1.2450890794425322e-14,0.0005494960000396771,-2.6603009411196047e-14,2.1395858755988366e-12,0.004,0.004000000000010836,0.016,-1.2450871744832132e-14,0.000549496000039639,-2.6564779620473465e-14,2.1395270166170275e-12,0.004,0.004000000000010834,0.016,-1.2450879670513177e-14,0.000549496000039636,-2.656179733931773e-14,2.1395209552455956e-12,0.010000000000000002,0.0199267885154643,0.04000000000000001,-1.2791087829421137e-14,0.00118013585254035,-2.651269463517966e-14,-0.0058410612057901165,0.004,0.004000000000010827,0.016,-1.2450874280485693e-14,0.0005494960000396311,-2.6556875433262046e-14,2.1395146330950923e-12,0.004,0.004000000000010814,0.016,-1.2450878815795956e-14,0.00054949600003963,-2.6555792963191636e-14,2.1395243593707574e-12,0.010000000000000002,0.019908479018793914,0.04000000000000001,-1.2903771075095043e-14,0.001768993988790519,-2.6506797875898275e-14,-0.005831801938759675,0.004,0.004000000000010903,0.016,-1.24508921717285e-14,0.0005494960000397036,-2.6629441567050118e-14,2.1396287745080876e-12,-2.1728989364495036e-17,-4.050242197087148e-17,-5.92971750823177e-17,-8.669490690689355e-17,-8.877718722471945e-17,-8.988038235687736e-17,-9.240807218222466e-17,-9.305285613175631e-17,-9.329294575248111e-17,-2.398200125675634e-17,5.036922748018708e-07,2.338078769871974e-11,2.338078767356983e-11,2.3380787653295612e-11,2.3380787615017858e-11,3.226702413783549e-12,2.3380787562230642e-11,0.49999974807049574,2.338078752254177e-11,3.2266981364514635e-12,3.2266977808604825e-12,2.3380406359629463e-11,0.49999974803404995,2.3380787558417078e-11,3.2267721828083774e-12,3.226771541559136e-12,0.01255393028556088,0.011459278289998149,0.0114603632921832,0.011461448294368157,0.005756662351025883,0.005208251351059306,0.0052093363532441156,-1.085002184793283e-06,0.005705870945527096,0.0051585449477453,0.0046101339477787094,0.00461121894996351,0.0010957369977477821,0.0010968219999328349,0.0005484109999664188,0.004113082500003036,0.003016260500002745,0.0027420550000026235,0.0024678495000024455,0.0008226165000007999,0.000548411000000536,0.0002742055000002696,0.0002742055000002772,0.0013710275000013857,0.0008226165000008348,0.000548411000000559,0.00027420550000027986,0.0008226165000002259,0.0005484110000001538,0.0002742055000000776,-6.840898740948655,0.506848300504435,0.5068482920548572,0.5068482899266281,0.5068482844397858,-0.23300913058428369,0.5068482674298534,1.7486599968453593,0.5068482562100305,-0.23300913058428335,-0.23300913058428308,0.5067260296922752,2.2026204207306583,0.5068482555680889,-0.2330091305842897,-0.23300913058442785
11,2013-11-01 11:00:00,0.10051229307362856,-2.0290805735268464e-14,-0.09930309726662408,0.008205142499999998,0.5105476453028127,0.5064450740528021,-3.520323220206274e-15,0.004102571249999999,27.336648202761182,47.25010379723882,0.006948800570951231,-2.1168299751961328e-11,37.293376,47.25010379723786,47.25010379723822,47.25010379723856,47.2501037972676,47.25010379731104,47.25010379731312,47.25010379731447,47.25010379731623,47.25010379732058,47.2501037973186,47.25010379731984,47.250103797321756,47.250103797322204,47.25010379723823,47.25010379723934,47.25010379723969,0.004,0.013912887159092108,0.016,-1.2412971074832706e-14,0.00049551600003808,-2.4809013630626157e-14,-0.009912887159061903,0.004,0.013912887159092108,0.016,-1.2412977180892817e-14,0.0004955160000380788,-2.48078929186305e-14,-0.009912887159061905,0.004,0.013912887159092094,0.016,-1.2412993858864002e-14,0.0004955160000379825,-2.4711487074282358e-14,-0.009912887159062066,0.004,0.013912887159092073,0.016,-1.2412991963630423e-14,0.0004955160000378384,-2.4567443452597467e-14,-0.009912887159062307,0.004,0.013912887159092075,0.016,-1.2413000208209133e-14,0.000495516000037827,-2.455608280690458e-14,-0.009912887159062328,0.010000000000000002,0.029926788512596923,0.04000000000000001,-1.2784715975108804e-14,0.0010175997962884908,-2.4575970246535653e-14,-0.009999999997116486,0.004,0.013912887159092068,0.016,-1.2412996935705011e-14,0.0004955160000378069,-2.4535920354551333e-14,-0.00991288715906236,0.004,0.013912887159092032,0.016,-1.2413000165298336e-14,0.000495516000037803,-2.4532017585634603e-14,-0.009912887159062352,0.010000000000000002,0.02990847901591877,0.04000000000000001,-1.2976561921561822e-14,0.0020142188962888044,-2.4556290811952906e-14,-0.009999999997108946,0.004,0.013912887159092108,0.016,-1.2412982124935343e-14,0.00049551600003808,-2.4808992171128586e-14,-0.009912887159061901,-6.920767141368363e-17,-1.3542585221087044e-16,-2.0411038161290413e-16,-3.0684662490561833e-16,-3.1431901994135364e-16,-3.183068200530941e-16,-3.287356916841155e-16,-3.3104074103435044e-16,-3.319479613751173e-16,-7.149177814252238e-17,5.8905642490052486e-05,0.12499263575528517,0.12499263575528372,0.12499263575525472,0.12499263575521168,5.1254498012469825e-12,0.12499263575520322,4.1394062341428214e-09,0.12499263575520177,5.125383119164387e-12,5.125371119246895e-12,0.1249926357552002,4.150547890740786e-09,0.12499263575528623,5.126358960875841e-12,5.126359348691822e-12,0.10051229307365349,0.07948951275567331,0.06952513209665415,0.05956075143763461,0.02004079985981525,0.0194937903598437,0.0095294097008236,0.009964380659020172,0.029555570918799307,0.01904418075980754,0.01849717125983594,0.008532790600815767,0.011058399658961006,0.0010940189999418374,0.0005470094999709202,0.00410257125001056,0.0030085522500096994,0.002735047500009293,0.0024615427500086808,0.0008205142500028321,0.0005470095000018978,0.0002735047500009549,0.00027350475000098616,0.0013675237500049282,0.0008205142500029694,0.0005470095000019889,0.0002735047500009958,0.0008205142500006535,0.000547009500000439,0.0002735047500002202,-2.0916820509967913,0.03643557561649852,0.03643556716691704,0.03643556503839096,0.03643555955110406,-0.2593186396078331,0.036435542541136345,1.2979311460102902,0.0364355313212511,-0.2593186396078362,-0.25931863960783674,0.036313304803484325,1.7989819258173756,0.03643553068015232,-0.25931863960779206,-0.25931863960793045
12,2013-11-01 12:00:00,0.03818744398690486,-2.0291761866668272e-14,-0.0360928940974115,0.00862005,0.5106522303781962,0.5063422053781905,-1.8645323882437762e-15,0.004310025,29.89761013556118,49.81106573003882,0.0030991700248340667,-1.8775467292009296e-11,39.8543379328,49.81106573003591,49.81106573003609,49.81106573003626,49.81106573005078,49.81106573007233,49.8110657300734,49.8110657300741,49.81106573007503,49.81106573007696,49.81106573007604,49.81106573007666,49.811065730077615,49.81106573007787,49.811065730036105,49.8110657300372,49.81106573003754,0.004,0.015926790399142403,0.016,-1.2387303819597854e-14,0.0004735215000384018,-2.52792795042286e-14,-0.00201390324003348,0.004,0.015926789133927578,0.016,-1.2387181430802627e-14,0.00047352150003840117,-2.5278824942604845e-14,-0.002013901974818659,0.004,0.01592678881522239,0.016,-1.2387282163106408e-14,0.00047352150003835113,-2.5228593088428727e-14,-0.002013901656113583,0.004,0.015926787993612003,0.016,-1.238754019871968e-14,0.0004735215000382771,-2.5154001478835052e-14,-0.0020139008345033647,0.004,0.015926785446702233,0.016,-1.2386398166444039e-14,0.00047352150003826993,-2.5149106722723475e-14,-0.0020138982875935975,0.010000000000000002,0.03992678851257089,0.04000000000000001,-1.2796387201173017e-14,0.0011221164662890458,-2.514492832332356e-14,-0.009999999999957912,0.004,0.015926783766600616,0.016,-1.2387485535754226e-14,0.00047352150003826115,-2.5138151186657515e-14,-0.0020138966074920157,0.004,0.015908482144665864,0.016,-1.2399374702655612e-14,0.00047352150003827074,-2.5124145651715452e-14,-0.0019955949855573417,0.010000000000000002,0.03990847901589275,0.04000000000000001,-1.2903628853125748e-14,0.0016152116437893502,-2.5135115129443268e-14,-0.009999999999958034,0.004,0.01592678367059574,0.016,-1.2387381263154413e-14,0.00047352150003840193,-2.527920740448353e-14,-0.0020138965114868176,-3.781663458016698e-17,-7.271960430168578e-17,-1.0851716638266751e-16,-1.6157384376978954e-16,-1.6551592454664294e-16,-1.6763053902500847e-16,-1.7270935913032403e-16,-1.739423811783919e-16,-1.7440841881392246e-16,-4.0046665436027256e-17,2.472848551916759e-05,0.12499690892396419,0.12499690892396409,0.12499690892396378,0.12499690892396469,3.925705973904471e-12,0.12499690892396448,5.1568234085538894e-11,0.12499690892396349,3.925683098427898e-12,3.925678230330404e-12,0.12499690892396434,5.1570047552867854e-11,0.12499690892396442,3.92603404298937e-12,3.926032790217449e-12,0.03818744398693006,0.03280800723555739,0.030692956760782042,0.028577906604711663,0.01214227032118446,0.011567600321214648,0.009452553533664095,0.0021150451074489897,0.0143205869490669,0.011630871841648072,0.01105620184167823,0.008959458356163921,0.0032643850113824894,0.0011493399999389798,0.0005746699999694913,0.004310025000005594,0.00316068500000511,0.0028733500000048917,0.0025860150000045663,0.0008620050000014915,0.0005746700000009995,0.0002873350000005029,0.00028733500000051814,0.00143667500000259,0.0008620050000015605,0.0005746700000010452,0.00028733500000052324,0.0008620050000003704,0.0005746700000002502,0.0002873350000001258,-0.18952469186421728,-0.0687366302897376,-0.06873657571762086,-0.06873656197113812,-0.06873652653318998,-0.28815017608488336,-0.06873641667887173,0.8268827692915758,-0.06873634421111259,-0.28815017608488824,-0.28815017608488924,-0.06794694743572449,1.3524951453962808,-0.06873634007000376,-0.28815017608481786,-0.28815017608495647
13,2013-11-01 13:00:00,0.0033831455325184483,-2.1408117009680966e-14,-3.3418639331695147e-05,0.008245319999999997,0.5105578704272263,0.5064352104272247,-5.74484640332765e-16,0.0041226599999999985,56.61856723636118,76.53202283083883,0.004142859079623754,-4.1842772302569387e-11,66.5752950336,76.53202283080351,76.53202283080358,76.53202283080363,76.53202283080822,76.53202283081481,76.53202283081511,76.5320228308153,76.53202283081555,76.5320228308162,76.5320228308159,76.53202283081608,76.53202283081633,76.53202283081639,76.53202283080358,76.53202283080464,76.53202283080498,0.004,0.015929972959933012,0.016,3.739681017044807e-15,0.0003108665000264362,-4.591528310567141e-14,-3.182560717586483e-06,0.004,0.015929971749720655,0.016,2.0105469142965306e-15,0.00031086650002816517,-4.418602460958023e-14,-3.182615725237044e-06,0.004,0.01592997144486937,0.016,3.128580024869871e-15,0.0003108665000270336,-4.5290461577970644e-14,-3.1826295758196874e-06,0.004,0.015929970658970782,0.016,9.48359943980724e-15,0.0003108665000206591,-5.1625981637765316e-14,-3.182665268587089e-06,0.004,0.015929968222793682,0.016,-7.463424619606779e-15,0.00031086650003760494,-3.4677832029766e-14,-3.182776052103835e-06,0.010000000000000002,0.03992997115539143,0.04000000000000001,-1.7696455110608466e-14,0.0011488052800486285,-2.5335434676069618e-14,-3.182642810107487e-06,0.004,0.015929966615715725,0.016,9.04376793216456e-15,0.00031086650002109514,-5.1182370501941306e-14,-3.1828490262489227e-06,0.004,0.015912460600179007,0.016,-1.4131368749566901e-14,0.00031086650004426996,-2.799803542154437e-14,-3.978455493820937e-06,0.010000000000000002,0.03991245760744326,0.04000000000000001,-5.4705516812447746e-14,0.0012598558263356655,1.1654724027797205e-14,-3.978591651067565e-06,0.004,0.015929966523884426,0.016,8.830369549573248e-15,0.00031086650002134554,-5.100600203261824e-14,-3.182853200386713e-06,-1.3524968007808121e-17,-2.4017361779457056e-17,-3.406584797290135e-17,-4.819333893640595e-17,-4.929172268089991e-17,-4.983543774886869e-17,-5.117746851244996e-17,-5.149524118242812e-17,-5.161947024489189e-17,-1.583069331706167e-17,3.098213958787924e-05,0.09999690178475537,0.09999690178475597,0.09999690178475576,0.09999690178475719,2.575592007965795e-12,0.09999690178475631,0.09999690178474348,0.09999690178475576,2.575591741588417e-12,2.575591696736391e-12,0.09999690178475538,0.09999690178474333,0.09999690178475573,2.5755950157512172e-12,2.5755854756203573e-12,0.0033831455325484937,0.001799761118796362,0.001557757003107928,0.001315752873567766,0.000195757638700556,-0.00035393036124122847,-0.0005959346372471239,0.00024200434899655302,0.0008779910696278863,8.629872068954312e-05,-0.00046338927925224793,-0.0007061892346931983,0.0013413803530696192,0.0010993759998992158,0.0005496879999575082,0.004122660000001724,0.0030232840000015302,0.002748440000001458,0.002473596000001356,0.0008245320000004441,0.0005496880000002974,0.0002748440000001495,0.0002748440000001535,0.0013742200000007676,0.0008245320000004622,0.0005496880000003093,0.0002748440000001549,0.0008245320000001527,0.0005496880000001052,0.0002748440000000533,0.06939440762669224,-0.08711960812402891,-0.08711955776149428,-0.08711954507519688,-0.08711951236986276,-0.33049510125286763,-0.08711941099143727,0.872628935019634,-0.08711934411106395,-0.330495101252873,-0.3304951012528741,-0.08639083670446848,1.4066793184961162,-0.08711934028937462,-0.33049510125279513,-0.330495101254143
14,2013-11-01 14:00:00,0.0048852090103175295,-2.1147189691317413e-14,7.172794652503051e-05,0.009049620000000001,0.5107606671578031,0.5062358571578012,-6.358461456137991e-16,0.004524810000000001,67.35527220276117,87.26872779723882,1.4745957179454502e-05,-4.296604738662779e-11,77.312,87.26872779721444,87.26872779721452,87.26872779721457,87.26872779721963,87.26872779722694,87.26872779722729,87.26872779722748,87.26872779722775,87.2687277972285,87.26872779722818,87.26872779722835,87.26872779722865,87.26872779722869,87.26872779721452,87.26872779721562,87.26872779721597,0.004,0.015923142084996383,0.016,-1.0660012208056442e-14,0.00017755700004092956,-3.173799814011121e-14,6.83087496665372e-06,0.004,0.01592314075673501,0.016,-1.0899660231988847e-14,0.0001775570000411691,-3.1498227495369625e-14,6.830993014945342e-06,0.004,0.015923140422145893,0.016,-1.0829226004553389e-14,0.0001775570000410835,-3.1553491979299953e-14,6.8310227529612e-06,0.004,0.015923139559582525,0.016,-1.0445617738631128e-14,0.00017755700004067797,-3.1915178875995485e-14,6.831099418843441e-06,0.004,0.015923136885777435,0.016,-1.155692121834159e-14,0.00017755700004178795,-3.0802547594071446e-14,6.83133704350096e-06,0.010000000000000002,0.03992314010441894,0.04000000000000001,-1.1597591954885055e-14,0.0012640828900435399,-3.2573247977665085e-14,6.831051003238541e-06,0.004,0.015923135121923074,0.016,-1.0417543731907714e-14,0.0001775570000406456,-3.1938971697353125e-14,6.831493823317282e-06,0.004,0.015903921460351748,0.016,-2.4593827794237117e-14,0.0001775570000548216,-1.777124979205083e-14,8.539139815411845e-06,0.010000000000000002,0.03990391817567501,0.04000000000000001,-2.1462582910128746e-14,0.0014081441525534844,-2.2746544210131856e-14,8.539431769479618e-06,0.004,0.015923135021133943,0.016,-1.0413031427645058e-14,0.00017755700004068263,-3.198502358941621e-14,6.831502781238407e-06,-1.473960237531926e-17,-2.63760073305963e-17,-3.7627167106611866e-17,-5.3528376416564474e-17,-5.4760091127416165e-17,-5.5372611644355386e-17,-5.689120133142624e-17,-5.724697601567095e-17,-5.738713974988611e-17,-1.7105166636291923e-17,1.1118394241111739e-07,0.09999998893689428,0.09999998890917734,0.09999998888446557,0.0999999888633606,1.870189064444154e-12,0.0999999888508739,0.09999998887402084,0.0999999888502109,1.8701884833581945e-12,1.8701882705166463e-12,0.09999998884041915,0.09999998886382937,0.09999998893345453,1.8701933151917427e-12,1.870190839217119e-12,0.004885209010348105,0.002840753388287628,0.00242183338135317,0.0020029134041566273,0.0003546217218030513,-0.0002486862781508447,-0.0006676059410561665,0.00041891950612665097,0.001229371781822488,0.00020714427574193447,-0.00039616372421196925,-0.0008133755843323498,0.0016255354970774877,0.0012066159999088368,0.0006033079999550276,0.004524810000001908,0.0033181940000016987,0.00301654000000162,0.002714886000001507,0.0009049620000004934,0.0006033080000003305,0.0003016540000001661,0.0003016540000001707,0.001508270000000853,0.0009049620000005137,0.0006033080000003439,0.00030165400000017217,0.0009049620000001644,0.0006033080000001131,0.00030165400000005724,0.49572038298407706,-0.12367774295179411,-0.12367768228729385,-0.1236776670058124,-0.1236776276100146,-0.3831460059441846,-0.12367750549419401,0.9308905476935567,-0.12367742493204487,-0.3831460059441906,-0.38314600594419185,-0.12279989342971796,1.4776620624910655,-0.12367742032860288,-0.3831460059441035,-0.38314600594555764
15,2013-11-01 15:00:00,9.762123257730485e-16,-1.9608506587728024e-14,0.006675362561984978,0.010439010000000004,0.5111113462557594,0.5058918412557579,-4.768725020585045e-16,0.005219505000000002,76.42976723636117,96.34322283083883,1.7009907180654855e-05,-5.0523071837282885e-11,86.3864950336,91.31860294667581,91.31860294667587,91.3186029466759,91.31860294667938,91.31860294668428,91.31860294668448,91.31860294668458,91.31860294668472,91.31860294668529,91.31860294668508,91.31860294668517,91.31860294668533,91.31860294668533,91.31860294667587,91.31860294667705,91.31860294667742,0.004,0.015911342073829916,0.016,-6.108940530212403e-16,2.84277600218206e-05,-3.270832889366398e-14,1.1800011208395639e-05,0.004,0.015911340541637318,0.016,-6.106863408081684e-16,2.8427760021820334e-05,-3.270847885136775e-14,1.1800215139621732e-05,0.004,0.015911340155679424,0.016,-6.108351257008188e-16,2.8427760021809936e-05,-3.269777982156052e-14,1.1800266508379407e-05,0.004,0.01591133916068989,0.016,-6.111580028337325e-16,2.842776002179526e-05,-3.268246268040501e-14,1.1800398934519529e-05,0.004,0.015911336076362123,0.016,-6.099369696051392e-16,2.8427760021793327e-05,-3.268296914368866e-14,1.1800809457191693e-05,0.010000000000000002,0.03663089394609563,0.04000000000000001,-1.3127297522351625e-14,0.001695360296296561,-3.264968848631139e-14,0.003292246158352636,0.004,0.01591133404171568,0.016,-6.111043842331753e-16,2.8427760021792406e-05,-3.2679711031229534e-14,1.1801080249268025e-05,0.004,0.01588917050273717,0.016,-6.157720126374614e-16,2.842776002179715e-05,-3.2675197127642137e-14,1.4750957656435205e-05,0.010000000000000002,0.03661815660708339,0.04000000000000001,-1.3144005841752367e-14,0.0018408650612966452,-3.264995113916387e-14,0.0032857615686209415,0.004,0.01591133392545237,0.016,-6.10970952887265e-16,2.8427760021820734e-05,-3.2708312077874255e-14,1.180109572350166e-05,-1.1805623903210199e-17,-2.0403922556599293e-17,-2.846102042963255e-17,-3.9492754573834054e-17,-4.035451573926762e-17,-4.075371006435669e-17,-4.186024731508845e-17,-4.208107073429629e-17,-4.2176843095835766e-17,-1.4262078135818982e-17,1.0950793552082994e-07,0.09999998909539345,0.099999989073298,0.09999998905346476,0.09999998903641598,1.5412485707595369e-12,0.09999998902645467,0.09999998903529354,0.0999999890261021,1.5412481699008945e-12,1.5412480676892905e-12,0.09999998901803678,0.09999998902720533,0.09999998909269366,1.5412505347626199e-12,1.5412499882515943e-12,3.1400833201571006e-14,-0.0027032793728745327,-0.0033589853977022744,-0.00401469137116128,-0.002940033024198155,-0.0036359670241497615,-0.004291672454659987,0.000655705159718152,-0.0017303641879960194,-0.0030820033476657823,-0.0037779373476173944,-0.004430692629928374,0.0020475731441469656,0.0013918679999031043,0.0006959339999515538,0.005219505000001431,0.0038276370000012564,0.0034796700000011955,0.0031317030000011102,0.0010439010000003637,0.0006959340000002435,0.0003479670000001223,0.00034796700000012563,0.0017398350000006277,0.0010439010000003778,0.0006959340000002529,0.00034796700000012655,0.0010439010000001395,0.0006959340000000967,0.00034796700000004903,0.49572038298781956,-0.18355535271275056,-0.18355527342553607,-0.183555253453134,-0.18355520196436959,-0.44669886055864594,-0.18355504236019266,1.3228006475506284,-0.18355493706968967,-0.4466988605586525,-0.4466988605586538,-0.18240802688367558,1.8822672905350524,-0.183554931053155,-0.4466988605585586,-0.44669886056001307
16,2013-11-01 16:00:00,-2.0275333682700688e-14,0.027430595057651587,0.035268536484793354,0.0122540474999985,0.5115701866437423,0.5054431628937442,3.6309397646197814e-16,0.00612702374999925,98.34772020276117,118.26117579723882,2.2324266748452847e-05,-5.125465329935963e-11,108.304448,98.34772020276532,98.34772020276529,98.34772020276527,98.34772020276222,98.34772020275734,98.34772020275703,98.34772020275679,98.34772020275649,98.34772020275622,98.34772020275643,98.34772020275621,98.34772020275591,98.34772020275577,98.34772020276532,98.34772020276657,98.34772020276696,0.004,0.014000000000008644,0.016,7.858096377736722e-13,4.0289344786094746e-07,-3.1627996699938555e-14,0.0019113420746473613,0.004,0.014000000000008644,0.016,7.858082550278281e-13,4.028934478637576e-07,-3.162804150426047e-14,0.0019113405424547609,0.004,0.014000000000008648,0.016,7.857950878684091e-13,4.02893447903735e-07,-3.164168477891487e-14,0.0019113401564968815,0.004,0.01400000000000865,0.016,7.857775627096486e-13,4.028934479599074e-07,-3.166280580161229e-14,0.0019113391615073654,0.004,0.01400000000000865,0.016,7.857750745579123e-13,4.028934479662184e-07,-3.166414084828303e-14,0.0019113360771796026,0.010000000000000002,0.026630893946112608,0.04000000000000001,-1.3139646876476346e-14,0.002019736663795616,-3.1648049156292253e-14,0.010000000000009397,0.004,0.01400000000000865,0.016,7.857738297735224e-13,4.028934479724549e-07,-3.1667888284017814e-14,0.0019113340425331623,0.004,0.014000000000008606,0.016,7.857873959519157e-13,4.0289344796170664e-07,-3.168409682197181e-14,0.00188917050355474,0.010000000000000002,0.026618156607100363,0.04000000000000001,-1.3170725808715237e-14,0.002393146261295732,-3.165158712196837e-14,0.010000000000009368,0.004,0.014000000000008648,0.016,7.858080312840488e-13,4.0289344786414416e-07,-3.162798003096516e-14,0.0019113339262698142,3.8337525030102574e-18,1.1191948869220157e-17,1.9981211293039087e-17,3.4492911572222156e-17,3.5502659292880054e-17,3.613169619237174e-17,3.748894602031666e-17,3.78734680517027e-17,3.8003139030797477e-17,1.1249318382727857e-18,1.315335882196054e-07,0.12499998358536073,0.1249999835676907,0.12499998355276605,0.12499998354099481,1.2089964610997326e-12,0.12499998353580564,1.6457950617854335e-11,0.1249999835323663,1.2089980135057253e-12,1.2089984542726527e-12,0.12499998353007206,1.6458277592758433e-11,0.12499998358239442,1.2089718942872453e-12,1.2089714092346646e-12,-0.027430595057662252,-0.02687485926973897,-0.025780052333826638,-0.024685245783872125,-0.011480666134497669,-0.012297602634452082,-0.011202800163814763,-0.0010948004359908863,-0.012109774094409387,-0.011831910158372906,-0.012648846658327308,-0.011576209761314854,0.0005390726801816587,0.0016338729999090485,0.0008169364999545261,0.006127023749998161,0.00449315074999837,0.004084682499998454,0.0036762142499985636,0.0012254047499995295,0.0008169364999996851,0.0004084682499998415,0.00040846824999983756,0.0020423412499991876,0.0012254047499995104,0.0008169364999996724,0.00040846824999983593,0.001225404749999852,0.0008169364999999053,0.0004084682499999534,-2.2020161047365137,-0.07588213357147705,-0.07588220497191187,-0.0758822229575884,-0.07588226932377666,-0.5270441911659297,-0.0758824130562038,2.4245690152603663,-0.0758825078685401,-0.5270441911659356,-0.5270441911659366,-0.0769153312126818,3.020759640860744,-0.07588251328623632,-0.527044191165853,-0.5270441911673078
17,2013-11-01 17:00:00,-2.026478389655319e-14,0.09042891259380424,0.09891343258566611,0.012793762499999996,0.5117067756592827,0.5053098944092881,1.8229236098337765e-15,0.006396881249999998,111.20084310196117,131.11429869643882,0.021594394907101595,-6.495190496558223e-11,121.1575708992,111.20084310196226,111.2008431019621,111.20084310196195,111.20084310194716,111.20084310192469,111.20084310192357,111.20084310192276,111.2008431019218,111.20084310191965,111.20084310192068,111.20084310191997,111.20084310191889,111.20084310191861,111.20084310196214,111.20084310196337,111.20084310196377,0.004,0.0041358209260144475,0.016,-1.1372632864347186e-14,4.167953757646509e-14,-3.307224836588131e-14,0.009864179074021213,0.004,0.004135820926038309,0.016,-1.137272358120382e-14,4.168030163259134e-14,-3.3072810465202083e-14,0.009864179073997354,0.004,0.004135820926174046,0.016,-1.1360089440302701e-14,4.1709324122180034e-14,-3.3126689742561866e-14,0.0098641790738617,0.004,0.004135820926371716,0.016,-1.134053334374109e-14,4.1751716810840854e-14,-3.3207624613067736e-14,0.009864179073664157,0.004,0.004135820926445457,0.016,-1.1338819759688058e-14,4.175522867478478e-14,-3.3214524960295233e-14,0.009864179073590426,0.010000000000000002,0.016630893948532195,0.04000000000000001,-1.3106171539972751e-14,0.002015729361297103,-3.3193160157343925e-14,0.009999999997607895,0.004,0.00413582092642192,0.016,-1.1335946323797553e-14,4.1761264981168706e-14,-3.3226224979546085e-14,0.009864179073613982,0.004,0.0041358209264956225,0.016,-1.1335582092354402e-14,4.176322048528056e-14,-3.3228871793673527e-14,0.009864179073540254,0.010000000000000002,0.01661815660952682,0.04000000000000001,-1.3130435592235077e-14,0.002293513146297164,-3.320532121506429e-14,0.009999999997601022,0.004,0.004135820926002206,0.016,-1.1372920312068744e-14,4.168020291646299e-14,-3.307231183528627e-14,0.009864179074033457,3.1480477711601056e-17,6.651391306986663e-17,1.0438192672446343e-16,1.6264953301960367e-16,1.6678789547078793e-16,1.6906526849766863e-16,1.7503567793385168e-16,1.763499875591374e-16,1.7686240036219934e-16,2.8747788276570714e-17,0.00012256010493065286,0.12498467921294276,0.12498467923490059,0.1249846793598291,0.12498467954175811,1.2522981610146839e-12,0.12498467960961748,2.2390005293663403e-09,0.12498467958796408,1.252302929059463e-12,1.2523040875995458e-12,0.12498467965580023,2.245317764617307e-09,0.12498467920167726,1.2522303450890715e-12,1.2522296872372686e-12,-0.09042891259381362,-0.0741122244455566,-0.06510096287150667,-0.05608970129759233,-0.019321155932608247,-0.020174073432559236,-0.011162811858916027,-0.00901126157366678,-0.02775728379126715,-0.01959893971755133,-0.020451857217502284,-0.011440595643909228,-0.00730542657418326,0.001705834999902759,0.0008529174999513813,0.006396881249994532,0.004691046249994872,0.004264587499995072,0.003838128749995385,0.0012793762499984968,0.0008529174999989925,0.0004264587499994928,0.00042645874999947485,0.002132293749997376,0.0012793762499984185,0.0008529174999989403,0.0004264587499994694,0.0012793762499997536,0.0008529174999998398,0.0004264587499999207,-12.257784779352146,0.9274370930660747,0.9274370216634595,0.9274370036652599,0.9274369572808265,-0.6233289625864292,0.9274368135416481,3.6644434790762515,0.927436718731435,-0.623328962586432,-0.6233289625864321,0.9264038953805527,4.291523895768013,0.927436713352434,-0.6233289625863968,-0.6233289625878521
18,2013-11-01 18:00:00,-1.987007437490026e-14,2.1999553549146166e-14,0.010237502450706945,0.012662017499999996,0.51167342207695,0.5053424133269485,-4.917208786221673e-16,0.006331008749999998,88.69338613556117,108.60684173003882,2.480864149579471e-05,-4.2392464538743013e-11,98.6501139328,91.31859836631357,91.31859836631364,91.31859836631368,91.31859836631752,91.31859836632292,91.31859836632313,91.31859836632323,91.31859836632337,91.31859836632404,91.31859836632378,91.31859836632388,91.31859836632407,91.31859836632407,91.31859836631365,91.31859836631494,91.31859836631536,0.004,0.004101932321557501,0.016,-1.2815170166244196e-14,4.0810821935142364e-14,-2.9234799488803984e-14,3.3888604479726085e-05,0.004,0.004101932321582844,0.016,-1.2815267000138706e-14,4.0811012707785264e-14,-2.923478646160567e-14,3.388860447824472e-05,0.004,0.004101932321638531,0.016,-1.281660482357722e-14,4.0806569897119005e-14,-2.922765752436071e-14,3.38886045582786e-05,0.004,0.004101932321720786,0.016,-1.2818171581803164e-14,4.079980267343295e-14,-2.921775782734911e-14,3.3888604673671483e-05,0.004,0.004101932321827067,0.016,-1.2818148874839862e-14,4.079947158532064e-14,-2.921747118871791e-14,3.38886046411323e-05,0.010000000000000002,0.011642784395088809,0.04000000000000001,-1.2989189100989507e-14,0.0011477791587937503,-3.001493546316681e-14,0.004988109553467614,0.004,0.004101932321739945,0.016,-1.2818274171095351e-14,4.079847460746165e-14,-2.921622396899607e-14,3.3888604704714794e-05,0.004,0.004101932321862824,0.016,-1.2818357862220386e-14,4.0798884131010996e-14,-2.921645108839507e-14,3.388860465553987e-05,0.010000000000000002,0.01163987254911662,0.04000000000000001,-1.3015043213341402e-14,0.0012767358900438596,-3.0022140803150616e-14,0.0049782840604344165,0.004,0.004101932321537571,0.016,-1.2815330615158632e-14,4.081116948958309e-14,-2.923481307087234e-14,3.3888604487414136e-05,-1.235585615212286e-17,-2.1190772985823417e-17,-2.9417083511692276e-17,-4.055425417408093e-17,-4.142514543983476e-17,-4.181740866430499e-17,-4.296012517865984e-17,-4.317586727960235e-17,-4.327246152136878e-17,-1.50663711336087e-17,1.2665128661535558e-07,0.0947757610466681,0.0947757610702308,0.09477576112201383,0.09477576119850177,1.2655630781315924e-12,0.09477576129731698,0.12089689200248525,0.09477576121631721,1.2655630140139197e-12,1.2655630084579955e-12,0.0947757613305638,0.12089689203014914,0.0947757610281386,1.2655603397445196e-12,1.2655598473275233e-12,-3.371554531522018e-14,-0.0033087607908855593,-0.00411900668635835,-0.0049292525817511215,-0.0036373738170010425,-0.004481508316959552,-0.005291754212269492,0.0008102458952463611,-0.0021021246600274788,-0.0037565050552323537,-0.0046006395551908665,-0.005410885450486402,0.0024985148953805356,0.0016882689999169148,0.0008441344999584593,0.006331008750001475,0.004642739750001291,0.004220672500001228,0.003798605250001139,0.0012662017500003732,0.0008441345000002498,0.0004220672500001255,0.00042206725000012887,0.0021103362500006443,0.0012662017500003878,0.0008441345000002593,0.00042206725000012985,0.001266201750000148,0.0008441345000001027,0.0004220672500000521,-12.257784779352829,0.853447270904607,0.8534471995018572,0.8534471815109645,0.8534471351370665,-0.7004157958662148,0.8534469913949188,4.147680402014524,0.8534468965905093,-0.7004157958662182,-0.7004157958662184,0.8524140732351393,4.785639716401903,0.8534468911916681,-0.7004157958661745,-0.7004157958676303
19,2013-11-01 19:00:00,0.007037250266749096,-2.0580314765309226e-14,0.0031139416176249866,0.011588145000000001,0.5114017389978169,0.5056076664978146,-7.83084202293528e-16,0.0057940725000000005,71.40449013556119,91.31794573003884,0.011930878008495108,-4.783209939240862e-11,81.36121793280002,91.31794573002199,91.31794573002207,91.31794573002215,91.31794573002821,91.31794573003702,91.31794573003742,91.31794573003766,91.31794573003799,91.31794573003889,91.31794573003849,91.31794573003872,91.31794573003904,91.31794573003911,91.31794573002209,91.31794573002333,91.31794573002371,0.004,0.004017902737087507,0.016,-1.0308844358564627e-14,4.019230652428842e-14,-3.3628186432015575e-14,8.402958450406833e-05,0.004,0.004017902737121869,0.016,-1.0307787079128216e-14,4.019180832708821e-14,-3.362979628161117e-14,8.402958449505331e-05,0.004,0.0040179027371680925,0.016,-1.0309807676388587e-14,4.0182184462150466e-14,-3.361618709945627e-14,8.402958450448837e-05,0.004,0.0040179027372301635,0.016,-1.031261769291229e-14,4.0167951755841104e-14,-3.3596426568680874e-14,8.402958452462936e-05,0.004,0.004017902737335017,0.016,-1.0309202555245834e-14,4.016534537271605e-14,-3.360065057557166e-14,8.402958452606842e-05,0.010000000000000002,0.010420717093971289,0.04000000000000001,-1.327775630921556e-14,0.0004547425762946593,-3.0296086004145084e-14,0.0012220673011419695,0.004,0.004017902737247554,0.016,-1.031300107961958e-14,4.016515305552244e-14,-3.3592873655455923e-14,8.402958452639086e-05,0.004,0.0040179027373679795,0.016,-1.0308751293409357e-14,4.016292379589118e-14,-3.359913845980405e-14,8.402958452886066e-05,0.010000000000000002,0.01042023490889689,0.04000000000000001,-1.3719527846623215e-14,0.0009822105387955,-3.030313577444629e-14,0.0012196376402437536,0.004,0.004017902737070254,0.016,-1.0309568172594915e-14,4.0192812281153885e-14,-3.362723814745509e-14,8.40295845013885e-05,-1.775966078408778e-17,-3.2139250127480874e-17,-4.620302179829406e-17,-6.624484463344008e-17,-6.778546287420599e-17,-6.855905485261408e-17,-7.048268581441938e-17,-7.09264975756567e-17,-7.110240031184951e-17,-2.035534941789104e-17,0.00012364103665826902,0.018188374612637462,0.018188374647596928,0.018188374694628324,0.01818837475778619,1.6129963165341063e-12,0.018188374864460403,0.4274296197145428,0.018188374775480333,1.6129952110921192e-12,1.612994988893578e-12,0.018188374897996847,0.4269397413950617,0.01818837459508592,1.6130071915532076e-12,1.613006232352427e-12,0.007037250266778934,0.004115137435971657,0.003426624020516159,0.002738110605070067,0.0005567895379346488,-0.0002157534620212784,-0.0009042668774458362,0.0006885134154242393,0.0014928076517094259,3.1751236329251024e-05,-0.0007407917636266861,-0.001429305179048458,0.0022335994153607954,0.0015450859999116347,0.0007725429999558192,0.0057940725000023485,0.0042489865000021,0.003862715000002004,0.003476443500001866,0.0011588145000006106,0.000772543000000409,0.00038627150000020567,0.0003862715000002114,0.0019313575000010565,0.0011588145000006364,0.0007725430000004261,0.00038627150000021326,0.0011588145000001947,0.0007725430000001337,0.00038627150000006765,-11.615156066257248,0.789995251606,0.7899951802028438,0.7899951622133701,0.7899951158420592,-0.7717582274792062,0.7899949721013145,4.234560414433785,0.7899948772958727,-0.7717582274792105,-0.771758227479211,0.7889620539421891,4.920459303274636,0.789994871892607,-0.7717582274791528,-0.771758227480609
20,2013-11-01 20:00:00,0.009693291532669457,-2.0427516013614196e-14,6.882650546994315e-05,0.010776644999998503,0.511196612019516,0.5058082895195142,-8.609261701366711e-16,0.005388322499999251,59.30515826996119,79.21861386443884,0.0018672940823428936,-3.623953220843745e-11,69.26188606720001,79.21861386442666,79.21861386442676,79.21861386442684,79.21861386443358,79.2186138644434,79.21861386444385,79.21861386444414,79.21861386444452,79.21861386444547,79.21861386444505,79.21861386444529,79.21861386444569,79.21861386444577,79.21861386442677,79.21861386442797,79.21861386442835,0.004,0.004012169508264594,0.016,-1.0652651558473223e-14,3.949956497157104e-14,-3.220357290047204e-14,5.733228854051569e-06,0.004,0.0040121695082844635,0.016,-1.0683388883046559e-14,3.9514896645359145e-14,-3.215742553191032e-14,5.733228868421483e-06,0.004,0.0040121695083118174,0.016,-1.073082166073072e-14,3.9526475133666043e-14,-3.207420951185049e-14,5.733228887076815e-06,0.004,0.004012169508348653,0.016,-1.0795002177717749e-14,3.9540720284041774e-14,-3.196020877420021e-14,5.733228912019652e-06,0.004,0.004012169508409402,0.016,-1.088838670780663e-14,3.958637192203863e-14,-3.181908951826718e-14,5.733228955749333e-06,0.010000000000000002,0.01040922628405537,0.04000000000000001,-2.3239962944029925e-14,0.00015893200255151431,-1.7195609700467646e-14,1.1490809904453946e-05,0.004,0.004012169508358889,0.016,-1.0812533118134382e-14,3.9546040641036676e-14,-3.193048150073591e-14,5.733228919097618e-06,0.004,0.004012169508428484,0.016,-1.0919632488845621e-14,3.9599331087578514e-14,-3.17695719999692e-14,5.733228969499391e-06,0.010000000000000002,0.010408765044659424,0.04000000000000001,-2.512981850948407e-14,0.0008555949588052565,-1.7207887209691294e-14,1.1469864224137527e-05,0.004,0.004012169508254617,0.016,-1.0637487103730811e-14,3.9492078988985585e-14,-3.2226410432075515e-14,5.733228846837227e-06,-1.914127312283866e-17,-3.5012932507394206e-17,-5.066853319697308e-17,-7.316710882354875e-17,-7.488635006752814e-17,-7.576349460289978e-17,-7.790711388772262e-17,-7.841058741643957e-17,-7.860755036729652e-17,-2.16482812404792e-17,2.1298038370724697e-05,0.01329467818276787,0.013294678204534163,0.013294678234503464,0.013294678274861577,1.783747221554646e-12,0.013294678341407948,0.4470625803108006,0.013294678286075353,1.7837458033308357e-12,1.7837454951151156e-12,0.013294678362313387,0.44655869558360806,0.013294678171838029,1.78376432706695e-12,1.7837599983733926e-12,0.009693291532697806,0.006830985990576263,0.006118276219492219,0.0054055664484268205,0.0019791729584909597,0.0012607299585327672,0.000548020187536068,0.0007127097710333954,0.0027136837188953883,0.0012825309479037907,0.0005640879479455869,-0.00014862182303735413,0.002149595771023113,0.0014368859999174628,0.000718442999959399,0.0053883225000018325,0.003951436500001769,0.003592215000001714,0.0032329935000016117,0.0010776645000005246,0.000718443000000352,0.0003592215000001773,0.0003592215000001837,0.0017961075000009182,0.0010776645000005534,0.000718443000000371,0.0003592215000001858,0.001077664500000056,0.0007184430000000411,0.0003592215000000213,-10.84726690748407,0.7334357102505122,0.7334356388485398,0.7334356208606025,0.7334355744913461,-0.828796772349906,0.7334354307542043,4.191857325843955,0.7334353359457426,-0.8287967723499113,-0.828796772349912,0.7324025125962109,4.932942288221202,0.7334353305365249,-0.828796772349839,-0.8287967723514009
21,2013-11-01 21:00:00,0.008807242370147456,-2.04923265617452e-14,0.0001099163104754081,0.009486915000000002,0.5108709722669129,0.5061275147669106,-7.784523741102227e-16,0.004743457500000001,57.27572020276117,77.18917579723882,0.027440468884640565,-3.190839953370883e-11,67.23244799999999,77.1891757972254,77.18917579722549,77.18917579722557,77.1891757972318,77.18917579724088,77.1891757972413,77.18917579724156,77.18917579724192,77.1891757972428,77.18917579724241,77.18917579724264,77.18917579724301,77.18917579724308,77.1891757972255,77.18917579722662,77.18917579722698,0.004,0.004000000008332448,0.016,-1.0752682882079618e-14,3.9463637167617025e-14,-3.196068558456701e-14,1.2169499962753474e-05,0.004,0.004000000008332543,0.016,-1.0819984388870542e-14,3.9497258036385304e-14,-3.1859699522211354e-14,1.2169499982257073e-05,0.004,0.0040000000083326845,0.016,-1.092070155109475e-14,3.953704078993947e-14,-3.1698097115310464e-14,1.2169500009046667e-05,0.004,0.004000000008332876,0.016,-1.1057060595388778e-14,3.958972755166739e-14,-3.147814562954215e-14,1.2169500045116127e-05,0.004,0.004000000008333167,0.016,-1.1261630674440928e-14,3.9691187878752565e-14,-3.117046035639628e-14,1.216950010475275e-05,0.010000000000000002,0.010402938501769198,0.04000000000000001,-3.3854501964102966e-14,3.474680255398321e-05,1.665266574803037e-15,6.287782226425127e-06,0.004,0.004000000008332928,0.016,-1.1094601322800697e-14,3.9605577615018267e-14,-3.141892039302117e-14,1.2169500055141619e-05,0.004,0.004000000008333263,0.016,-1.1329544099850229e-14,3.972284356229326e-14,-3.10662978716724e-14,1.2169500123461375e-05,0.010000000000000002,0.010402492516693682,0.04000000000000001,-4.3502506327783224e-14,0.0005350095163232432,1.651337138157138e-15,6.2725278963737694e-06,0.004,0.0040000000083324,0.016,-1.0719334774239502e-14,3.944706338693326e-14,-3.201080397018653e-14,1.2169499952956946e-05,-1.7508921836564758e-17,-3.1844397586073064e-17,-4.589328175682604e-17,-6.599498275400397e-17,-6.753761315052146e-17,-6.832063293239e-17,-7.02304130986356e-17,-7.068322182401081e-17,-7.085948846089732e-17,-1.9931427045980233e-17,0.0004793876894386457,1.0369370899466742e-08,1.036936541899438e-08,1.036935720462061e-08,1.0369346062473949e-08,3.801204268571685e-12,1.036932938118802e-08,0.5000369930464257,1.036934299953303e-08,3.801201223977032e-12,3.801200078487405e-12,1.0369323840099445e-08,0.4994835362903203,1.0369373627692042e-08,3.801243057657218e-12,3.801233091502314e-12,0.008807242370175734,0.006301737370263718,0.005681445870293259,0.005061154370349609,0.0018441789150207106,0.0012117179150596745,0.0005914264152118556,0.0006202914998975193,0.0025966839554213434,0.0013439314555627794,0.0007114704556017333,9.117895577265034e-05,0.0018852134999220193,0.0012649219999222097,0.0006324609999612866,0.004743457500002336,0.0034785355000020923,0.003162305000001997,0.00284607450000186,0.0009486915000006085,0.0006324610000004075,0.00031623050000020495,0.0003162305000002107,0.0015811525000010529,0.0009486915000006343,0.0006324610000004246,0.00031623050000021254,0.00094869150000019,0.0006324610000001303,0.0003162305000000659,-10.167429973261427,0.6837265563014228,0.6837264849009659,0.683726466915108,0.6837264205486508,-0.8794452802541971,0.683726276816143,4.1580974932651165,0.6837261820038257,-0.8794452802542032,-0.8794452802542041,0.6826933586596031,4.937780957618244,0.6837261765866741,-0.8794452802541189,-0.8794452802557089
22,2013-11-01 22:00:00,0.10669444312571914,-2.0279696290094284e-14,-0.09933339241866342,0.007848285,0.5104576956730262,0.5065335531730147,-3.8742830489667616e-15,0.0039241425,16.82221523636118,36.73567083083882,0.004227657906091524,-1.6707482619615632e-11,26.7789430336,36.73567083083793,36.73567083083831,36.73567083083868,36.73567083086997,36.73567083091685,36.7356708309191,36.735670830920554,36.735670830922444,36.73567083092716,36.73567083092503,36.735670830926374,36.73567083092845,36.735670830928946,36.73567083083833,36.73567083083942,36.73567083083976,0.004,0.013916674061615689,0.016,-1.3752625966700836e-14,3.7119980927884583e-14,-2.2502585336816233e-14,-0.009916674053268215,0.004,0.013916674061581223,0.016,-1.3752894070041804e-14,3.7119389201199693e-14,-2.2501463000445063e-14,-0.009916674053233656,0.004,0.013916674061440145,0.016,-1.3781234856254626e-14,3.706999897440714e-14,-2.2395919058760514e-14,-0.009916674053092586,0.004,0.013916674061237288,0.016,-1.3823651251931051e-14,3.6995979505606764e-14,-2.2237860796779032e-14,-0.009916674052889755,0.004,0.013916674061140907,0.016,-1.3826839438564788e-14,3.699004762209606e-14,-2.2225614627747716e-14,-0.009916674052793105,0.010000000000000002,0.020402938499095163,0.04000000000000001,-4.214187364983411e-15,4.051316626965425e-05,-2.224534416583538e-14,-0.009999999997304878,0.004,0.013916674061182174,0.016,-1.3832966331139581e-14,3.6979747931594424e-14,-2.2203171413807628e-14,-0.00991667405283464,0.004,0.013916674061082003,0.016,-1.3833933544109814e-14,3.69775917812059e-14,-2.2199103305482864e-14,-0.00991667405273414,0.010000000000000002,0.02040249251401987,0.04000000000000001,-1.2301755877253721e-14,0.0004467211262857073,-2.2223246590567626e-14,-0.009999999997313215,0.004,0.013916674061632729,0.016,-1.3752702157060656e-14,3.712004323802294e-14,-2.2502493365529462e-14,-0.009916674053285305,-7.564337714602305e-17,-1.4853219218629294e-16,-2.2436501310576924e-16,-3.381001462265733e-16,-3.46336667461775e-16,-3.5074866424720367e-16,-3.623787306249818e-16,-3.649525263802232e-16,-3.6596150199422583e-16,-7.775896854494997e-17,3.7162738477159626e-05,0.12499535326910796,0.12499535332095016,0.12499535353290578,0.12499535383767543,6.627209209459792e-12,0.12499535398269519,4.025097097350583e-09,0.12499535392046451,6.6270617998773665e-12,6.627029568858682e-12,0.12499535407123252,4.024782582488115e-09,0.12499535324347204,6.629182213480412e-12,6.629176480803169e-12,0.10669444312574304,0.08476821901932007,0.07432832596612714,0.06388843291307512,0.021445817883760845,0.02092259888378468,0.010482705831031898,0.01043989305279435,0.03200272197646485,0.02103960992369429,0.02051639092371806,0.010076497871024203,0.011486331053195508,0.001046437999950936,0.0005232189999754695,0.003924142500011623,0.0028777045000106865,0.002616095000010241,0.002354485500009568,0.0007848285000031207,0.0005232190000020913,0.0002616095000010523,0.00026160950000108713,0.0013080475000054328,0.0007848285000032736,0.0005232190000021927,0.00026160950000109787,0.0007848285000007092,0.000523219000000476,0.00026160950000023864,-6.24793787400336,0.30045667532100984,0.3004566039220379,0.3004565859419337,0.3004565395837298,-0.8989479250704275,0.30045639585534706,3.7727264185946088,0.30045630104117244,-0.8989479250704372,-0.8989479250704389,0.29942347770126576,4.567332204855415,0.3004562956055247,-0.898947925070302,-0.898947925071892
23,2013-11-01 23:00:00,-2.0287981701717175e-14,0.01654665651669495,0.021655117338751917,0.005696002499999999,0.5099161247253241,0.5070681234753233,-2.8125100198273266e-16,0.0028480012499999996,43.11795826996118,63.03141386443882,0.01603802112116261,-1.4006115711673317e-11,53.0746860672,43.11795826996821,43.11795826996825,43.11795826996827,43.11795826997016,43.11795826997283,43.11795826997298,43.11795826997307,43.117958269973236,43.11795826997331,43.117958269973236,43.117958269973315,43.11795826997343,43.117958269973485,43.117958269968256,43.11795826996916,43.11795826996945,0.004,0.01006046326992386,0.016,-1.3678888110571296e-14,3.782791176916119e-14,-2.3814591577071314e-14,0.003856210791705094,0.004,0.010060463269967727,0.016,-1.3679376286801999e-14,3.782817196273398e-14,-2.3813872955187824e-14,0.0038562107916267586,0.004,0.01006046327002481,0.016,-1.3683177271702258e-14,3.7827062449546113e-14,-2.3805166304409383e-14,0.0038562107914285795,0.004,0.010060463270101242,0.016,-1.3688552816292245e-14,3.782557119930585e-14,-2.3792932175632432e-14,0.0038562107911492586,0.004,0.01006046327023036,0.016,-1.3690183012505734e-14,3.782618192908081e-14,-2.3790277928336233e-14,0.003856210790923753,0.010000000000000002,0.02500000000245911,0.04000000000000001,-1.1752837732100354e-14,0.0002060539925355948,-2.3531790659254064e-14,-0.004597061503349417,0.004,0.010060463270124935,0.016,-1.36897358559276e-14,3.7825679181918327e-14,-2.3790667950823798e-14,0.0038562107910704454,0.004,0.01006046327027415,0.016,-1.3691315810250625e-14,3.7826294810769125e-14,-2.3788123302962894e-14,0.0038562107908210507,0.010000000000000002,0.025000000002458937,0.04000000000000001,-1.2583857268716037e-14,0.00038148768503725285,-2.3527786563445914e-14,-0.004597507488425381,0.004,0.010060463269901822,0.016,-1.3678726278435648e-14,3.782793867003866e-14,-2.381493712950559e-14,0.003856210791744173,-7.578293784328691e-18,-1.2541126827382636e-17,-1.692060663756071e-17,-2.2793665312037585e-17,-2.3320834469313698e-17,-2.3606127351778953e-17,-2.3932236143135234e-17,-2.4119686820803575e-17,-2.4173092261814304e-17,-9.551557100172798e-18,0.00023062528777153691,0.12497117024251968,0.12497117033318877,0.12497117045115183,0.12497117060910133,2.3683285763426493e-11,0.12497117087596862,5.1303682663074085e-09,0.12497117065807005,2.3683304157918153e-11,2.368327555748916e-11,0.12497117096647728,5.129997350822239e-09,0.12497117019696877,2.368327803596256e-11,2.368323499588904e-11,-0.016546656516711042,-0.010353168933137927,-0.0068766916414691485,-0.003400214349998555,0.0016739972198240105,0.0012942637198438873,0.004770741010809644,-0.003476477291112449,-0.0015977342786313022,0.0014990095125010216,0.001119276012520896,0.00459575330338395,-0.002717010291826,0.0007594669999601933,0.00037973349998009784,0.002848001250000844,0.0020885342500007267,0.001898667500000689,0.0017088007500006383,0.0005696002500002102,0.0003797335000001408,0.00018986675000007083,0.0001898667500000718,0.0009493337500003596,0.0005696002500002166,0.0003797335000001449,0.00018986675000007253,0.0005696002500000946,0.00037973350000006597,0.00018986675000003358,-6.961392220425349,0.4512903669716549,0.4512902955707596,0.45129027758400914,0.4512902312163045,-0.9163904596843393,0.45129008748247934,3.5659526054466775,0.4512899926711359,-0.9163904596843491,-0.9163904596843507,0.45025716932542265,4.368103504374016,0.4512899872571243,-0.9163904596842121,-0.9163904596858022
