,Timestep,Status,Obj,P Feed In,P Feed Out,P Local Gen,P Local Dem,Q Feed In,Q Feed Out,Q Local Gen,Q Local Dem,FT,GT,Alpha,Surplus,Spot,Shadow Price 0,Shadow Price 1,Shadow Price 2,Shadow Price 3,Shadow Price 4,Shadow Price 5,Shadow Price 6,Shadow Price 7,Shadow Price 8,Shadow Price 9,Shadow Price 10,Shadow Price 11,Shadow Price 12,Shadow Price 13,Shadow Price 14,Shadow Price 15,GenP[1],GenP[2],GenP[3],GenP[4],GenP[6],GenP[7],GenP[8],GenP[11],GenP[12],GenP[13],GenQ[1],GenQ[2],GenQ[3],GenQ[4],GenQ[6],GenQ[7],GenQ[8],GenQ[11],GenQ[12],GenQ[13],Alpha[0],Alpha[1],Alpha[2],Alpha[3],Alpha[4],Alpha[5],Alpha[6],Alpha[7],Alpha[8],Alpha[9],Alpha[10],Alpha[11],Alpha[12],Alpha[13],Alpha[14],Alpha[15],FloP[1],FloP[2],FloP[3],FloP[4],FloP[5],FloP[6],FloP[7],FloP[8],FloP[9],FloP[10],FloP[11],FloP[12],FloP[13],FloP[14],FloP[15],FloQ[1],FloQ[2],FloQ[3],FloQ[4],FloQ[5],FloQ[6],FloQ[7],FloQ[8],FloQ[9],FloQ[10],FloQ[11],FloQ[12],FloQ[13],FloQ[14],FloQ[15],Balance N0,Balance N1,Balance N2,Balance N3,Balance N4,Balance N5,Balance N6,Balance N7,Balance N8,Balance N9,Balance N10,Balance N11,Balance N12,Balance N13,Balance N14,Balance N15
0,2013-11-01 00:00:00,optimal,1.0251090174967945,-2.8382491109125146e-14,0.00022207618803333267,0.004387156188104269,0.004165080000000001,0.7633488302563236,0.7630104968445629,0.0017442065882386614,0.0020825400000000003,64.14682420276118,84.06027979723883,1.002862072360575,2.7283453274407066e-12,74.10355200000001,64.14682420340573,64.14682420340573,64.14682420340574,64.14682420340536,64.14682420340493,64.14682420340496,64.14682420340496,64.14682420340492,64.14682420340496,64.14682420340496,64.14682420340502,64.14682420340505,64.14682420340505,64.14682420340573,64.14682420340574,64.14682420340574,6.888537556739579e-15,7.275628811132026e-15,9.578911624462049e-15,5.604344007723426e-15,-7.675110686423159e-16,0.00161625385482624,3.2250982300609937e-15,1.1561856058301285e-15,0.0027709023332103734,7.440772838115401e-15,-6.28436996550095e-16,-1.281697157287499e-15,-1.228420671899167e-15,-5.820760779841247e-16,3.37212004542829e-16,0.0006355791822501583,6.967012409461275e-16,4.49038760807771e-16,0.0011086274059917476,-6.681429767696273e-16,-1.2379042535294245e-14,6.658474948869638e-11,6.199354992184277e-11,2.1435309595124157e-11,8.004935972730267e-11,1.0874856516025835e-10,1.38254014879164e-10,0.12159611284083906,1.0249359690243181e-10,8.696870965897807e-11,1.0880557998542932e-10,1.2020788023269675e-10,0.8784038861225073,6.038395396899616e-11,5.535834949427231e-11,2.5382293581481426e-11,-0.00022207618806439176,-0.0013327641880434248,-0.0016104361880388265,-0.0018881081880319085,-0.0007832378548201208,-0.001060909854820181,-0.001338581854823595,0.00027767199999942285,-0.0013825423332088286,-0.0019378863332060433,-0.0022155583332062216,-0.0024932303332077187,0.0008330159999832449,0.0005553439999880091,0.0002776719999930888,0.0003383334117606702,-0.00021701058824183365,-0.00035584658824308987,-0.000494682588244282,-0.00021907118225079957,-0.0003579071822506176,-0.00049674318225022,0.00013883599999923885,-0.00041444740599400786,-0.0006921194059928579,-0.0008309554059923324,-0.0009697914059918159,0.0004165080000018875,0.00027767200000123,0.00013883600000061063,-0.014245482195369726,-0.08466924839369588,-0.0846692483982754,-0.08466924843880186,-0.0846692483802749,-0.08466924835168718,-0.0846692483223124,0.14095243314725567,-0.08466924835791904,-0.08466924837338374,-0.08466924835163726,-0.0846692483402868,0.973993277998738,-0.08466924839987901,-0.0846692484048989,-0.08466924843484336
1,2013-11-01 01:00:00,optimal,1.012437158407783,-3.910621350924496e-13,0.0005231916937513924,0.00396668919436225,0.0034434975000000017,0.6448765496136565,0.6445517821587111,0.0013969812950644972,0.0017217487500000008,43.44653426996118,63.359989864438816,0.99934607043498,9.62288582151416e-12,53.4032620672,43.44653427688821,43.446534276889125,43.446534276889935,43.44653427689837,43.44653427691254,43.44653427691745,43.4465342769211,43.446534276923416,43.446534276923344,43.446534276921156,43.446534276925576,43.44653427692784,43.44653427692771,43.44653427688892,43.44653427689097,43.44653427689107,1.380375177696817e-13,1.33507389877298e-13,1.8794389346071542e-13,1.5644971176027247e-13,8.863590598052148e-14,0.001329357215617747,5.388860132589233e-14,4.640618414813588e-14,0.0026373319772108545,1.3861389841518655e-13,-2.3989428469327557e-14,-4.843726724955067e-14,-7.895571684445313e-14,-1.260192276659076e-13,-1.3371931046366782e-13,0.0004250073667538585,-9.37739644386724e-14,-5.4610858458806315e-14,0.0009719739292688714,-2.7645962132508726e-14,-1.8518312417510957e-13,7.176384768500446e-10,6.898081447561966e-10,3.039728036684532e-10,1.445860341497522e-10,5.63591684732807e-10,8.380040261091647e-10,0.4911173166403526,1.0887731842938394e-09,8.044561961260413e-10,1.209409553865321e-09,1.1047244191076797e-09,0.5088826743138086,7.050591426133995e-10,4.724693324625263e-10,4.035280960286817e-10,-0.0005231916941557589,-0.001441457693605258,-0.0016710241934851007,-0.0019005906933106606,-0.0006406577157977832,-0.0008702242156783126,-0.0010997907156036824,0.00022956649996017233,-0.0014894994773702135,-0.001948632477251806,-0.0021781989772289203,-0.0024077654771966876,0.0006886994995742079,0.0004591329996995001,0.0002295664998314667,0.00032476745494527265,-0.00013436554516535964,-0.00024914879521418414,-0.000363932045293738,-8.065761648606474e-05,-0.00019544086661839425,-0.00031022411675298543,0.0001147832500946677,-0.0003980576789345913,-0.0006276241791345827,-0.0007424074292126206,-0.0008571906792680585,0.0003443497500864397,0.00022956650005855802,0.00011478325002921368,-0.022730865873128423,-0.07659693945024101,-0.07659693947825015,-0.07659693986147004,-0.07659694002212415,-0.07659693960439584,-0.07659693933210784,0.4719551841683048,-0.07659693908301284,-0.07659693936546215,-0.07659693896318936,-0.07659693906739815,0.5465358948620609,-0.07659693946278703,-0.07659693969493392,-0.07659693976224191
2,2013-11-01 02:00:00,optimal,1.0232453359595377,-7.730470265306625e-13,0.00022541745796519908,0.003353344959424127,0.003127927500000001,0.5746431235756828,0.5744380370690937,0.001358877243408979,0.0015639637500000005,25.80007220276118,45.71352779723882,0.9972512864271377,1.7687545872391297e-11,35.7568,25.800072217157762,25.800072217157858,25.800072217157883,25.80007221715912,25.80007221716075,25.800072217160782,25.800072217160658,25.800072217160448,25.800072217161187,25.800072217161006,25.80007221716074,25.800072217160366,25.80007221715987,25.800072217157904,25.80007221715906,25.8000722171596,1.5864463851037708e-13,1.594917788328144e-13,1.2568406903877785e-13,1.5640023781486754e-13,6.110433161186056e-14,0.0011719064651823353,4.903716211609791e-14,5.796010820361572e-14,0.002181438493059437,6.475972236219592e-14,6.1053695589819175e-15,1.1675320433442837e-14,1.0671125375109622e-14,5.995074217466368e-15,5.26380091087328e-16,0.00045662665392304274,-1.944833993853783e-15,-6.196304833798681e-15,0.0009022505894417342,6.1764445643054464e-15,-4.736558773465454e-13,1.0523071131528241e-09,1.0340950523074605e-09,1.5063466007512463e-09,1.0122858594383506e-09,2.754958874791841e-09,2.313771841779861e-09,0.1809200274476435,2.509489541061647e-09,2.7671319242766524e-09,2.6879876087305067e-09,2.324905203578563e-09,0.8190799472136878,2.427762033887949e-09,4.2133634279561595e-10,2.5267549642968054e-09,-0.00022541745878107747,-0.0010595314584772465,-0.0012680599583606098,-0.0014765884582777647,-0.000546320965145736,-0.0007548494651577964,-0.0009633779651395215,0.0002085284999938696,-0.0011387959930184433,-0.0015558529930239007,-0.0017643814930315782,-0.0019729099930165315,0.0006255854998119614,0.0004170569998338607,0.0002085284999946687,0.0002050865065891558,-0.0002119704933854862,-0.00031623474337375213,-0.0004204989933629887,-0.00014383390392648854,-0.00024809815392390095,-0.00035236240392321275,0.00010426425000176211,-0.00038092933943036534,-0.0005894578394324313,-0.0006937220894359789,-0.0007979863394419598,0.00031279274998077225,0.00020852849998696712,0.00010426424999330986,-0.005815786714927283,-0.07186346840097046,-0.07186346841911062,-0.07186346794902966,-0.07186346844094023,-0.07186346670629858,-0.07186346714549027,0.13879453209157833,-0.071863466950622,-0.07186346669414527,-0.07186346677297054,-0.07186346713446858,0.8012463322492696,-0.07186346703171853,-0.07186346902904496,-0.07186346693342345
3,2013-11-01 03:00:00,optimal,1.0337401385515872,0.0002339419023741195,1.000561045603257e-12,0.0027092380991363893,0.0029431799999999997,0.8076826938213227,0.8068944906541317,0.0006833868328099973,0.0014715899999999998,27.500934269961185,47.414389864438824,0.9991843420197682,2.41987541116373e-11,37.457662067200005,47.41438983055797,47.414389830557965,47.414389830558,47.41438983056107,47.41438983056543,47.414389830565256,47.41438983056496,47.41438983056469,47.41438983056622,47.41438983056602,47.41438983056565,47.414389830565256,47.4143898305647,47.41438983055797,47.41438983055969,47.41438983056024,5.269933179847335e-13,5.263143069258692e-13,5.266607043496972e-13,5.272106174758668e-13,5.220780526363567e-13,0.0011587402123925522,5.231241177066816e-13,5.239849746212148e-13,0.0015504978799321537,5.224335528172109e-13,4.640732495050811e-16,9.583436482954324e-16,1.2879586509775753e-15,1.3634186751034536e-15,6.878748273603189e-16,0.00029752336832720175,6.040276825758716e-16,2.4536606233028437e-16,0.0003858634644732436,5.063410916985749e-16,-3.165672365544324e-14,4.862426393828383e-10,4.857843673618894e-10,4.87540491674329e-10,4.804278320953921e-10,4.842546034983771e-10,4.83321179158214e-10,0.49655628302410876,4.803650455491817e-10,4.809902660327091e-10,4.784386690087412e-10,4.758608214591784e-10,0.5034437106523684,4.977579999575309e-10,4.836772708556158e-10,5.189091205547214e-10,0.00023394190134172604,-0.0005509060966934399,-0.0007471180961989698,-0.0009433300957041732,-0.0005701042133416229,-0.0007663162128508344,-0.0009625282123606548,0.00019621199950875737,-0.0005694378818672228,-0.0009618618808842805,-0.001158073880392396,-0.0013542858799002854,0.0005886359985303153,0.00039242399902090076,0.0001962119995183963,0.0007882031671910431,0.0003957791671931105,0.00029767316719400753,0.00019956716719522535,-3.205368328516822e-06,-0.0001013113683277361,-0.00019941736832712687,9.810599999948035e-05,0.00010466653552501664,-9.15454644737666e-05,-0.00018965146447336956,-0.0002877574644731877,0.0002943179999983549,0.00019621199999880315,9.810599999937708e-05,0.011092212509396215,-0.07591556121458486,-0.07591556121507495,-0.07591556121330445,-0.07591556122038609,-0.07591556121677716,-0.07591556121773836,0.4751766613465384,-0.07591556122064273,-0.0759155612199966,-0.07591556122253731,-0.07591556122510228,0.5006334219573252,-0.0759155612032951,-0.07591556121703572,-0.07591556118258541
4,2013-11-01 04:00:00,optimal,1.052037578983866,0.0005150559066924978,-2.4470785293488646e-12,0.0024148940931478834,0.0029299500000000006,0.8541959259877978,0.8533907187607034,0.0006597677729086638,0.0014649750000000003,42.83770516916118,62.75116076363882,1.0005998780234944,1.435934982030318e-10,52.7944329664,62.751160618031484,62.75116061803156,62.751160618031605,62.75116061803823,62.7511606180473,62.75116061804698,62.7511606180464,62.75116061804584,62.75116061804864,62.75116061804817,62.75116061804749,62.751160618046896,62.75116061804598,62.75116061803163,62.75116061803505,62.75116061803621,7.248006272321071e-13,7.244772769622799e-13,7.275137065168141e-13,7.247650370246215e-13,7.222679418268111e-13,0.0011351879815214327,7.214588198818096e-13,7.206510153264381e-13,0.0012797061022150433,7.247651226783972e-13,3.102845288843595e-16,5.74702273278357e-16,8.124821264921002e-16,3.5950108759403205e-16,-7.636501008677277e-17,0.00030700305697296224,-5.8120842660003e-16,-1.047413953081994e-15,0.00035276471593519387,3.5310749373407856e-16,3.8865564325017035e-13,4.446436726456104e-09,4.447342410362506e-09,4.463566647553264e-09,4.462931747113317e-09,4.451121077814211e-09,4.442876029435149e-09,0.49923915231257227,4.440046306086678e-09,4.447496090862473e-09,4.436109336300105e-09,4.437875233474213e-09,0.5007607898484848,4.446586281830495e-09,4.455047124442171e-09,4.461167696699907e-09,0.0005150559089967346,-0.00026626408867262404,-0.00046159408809101074,-0.0006569240875063874,-0.0005491979825389742,-0.0007445279819576426,-0.0009398579813783991,0.00019532999942160662,-0.00030305610438560975,-0.0006937161032269918,-0.0008890461026494999,-0.0010843761020719505,0.0005859899982513055,0.0003906599988332204,0.0001953299994153833,0.0008052072270944997,0.00041454722709525474,0.0003168822270956624,0.00021921722709625945,-1.4008056972302505e-05,-0.00011167305697241303,-0.0002093380569727313,9.766500000083197e-05,0.00013556028406863784,-5.976971593278897e-05,-0.00015743471593377125,-0.0002550997159350145,0.0002929949999994436,0.00019532999999963822,9.766499999982693e-05,0.032320356082072677,-0.0789638382438336,-0.07896383824294767,-0.07896383822652446,-0.078963838227334,-0.07896383823917888,-0.07896383824755826,0.49180915553021665,-0.0789638382504409,-0.07896383824287286,-0.07896383825443534,-0.07896383825266362,0.5024003856669097,-0.0789638382436862,-0.07896383823520331,-0.07896383822892641
5,2013-11-01 05:00:00,optimal,1.068423765197847,0.0006534613473921325,-2.6641882669424852e-14,0.00285092865273079,0.0035043899999999987,0.8606448492107575,0.8597900699961848,0.0008974157854280201,0.0017521949999999994,47.97895316916118,67.89240876363883,1.0021397585476954,1.0154987961641382e-11,57.9356809664,67.89240876291542,67.89240876291544,67.89240876291544,67.89240876291576,67.8924087629162,67.8924087629162,67.89240876291619,67.89240876291616,67.89240876291629,67.89240876291626,67.89240876291625,67.89240876291622,67.89240876291619,67.89240876291544,67.8924087629156,67.89240876291564,3.2963194274062425e-14,3.298272720301723e-14,3.321086208155072e-14,3.305333759874828e-14,3.294333590739876e-14,0.001291496844123477,3.287803038510527e-14,3.2934115786291934e-14,0.0015594318081783099,3.2994939202000924e-14,-8.633679424864577e-18,-1.5522866614166712e-17,-2.260774556642364e-17,-3.571732569510361e-17,-3.439759888161378e-17,0.0004038437485139295,-4.0046081607031e-17,-4.0429177212791656e-17,0.0004935720369144349,-1.0046120470861357e-17,-1.523290510241568e-14,1.2529097261986657e-10,1.2524851395283265e-10,1.2345981647043538e-10,1.249204829985305e-10,1.25089432924453e-10,1.2561994646837276e-10,0.4968887974833496,1.260323636574708e-10,1.2557830180797887e-10,1.2630220054682302e-10,1.2567183719337527e-10,0.5031112008899571,1.2508175461390433e-10,1.248554533211213e-10,1.2355798431425497e-10,0.0006534613474094426,-0.00028104265249568016,-0.0005146686524720305,-0.0007482946524481605,-0.0005906188441613532,-0.0008242448441377063,-0.00105787084411412,0.00023362599997648307,-0.0003913018082631086,-0.0008585538082160172,-0.0010921798081925235,-0.0013258058081689504,0.0007008779999287535,0.000467251999952416,0.00023362599997613824,0.0008547792145726907,0.0003875272145725619,0.00027071421457251646,0.0001539012145724512,-5.340474851367945e-05,-0.00017021774851377425,-0.00028703074851386896,0.00011681300000010298,9.049296308603475e-05,-0.0001431330369141694,-0.00025994603691427117,-0.0003767590369143734,0.00035043900000010275,0.00023362600000007193,0.00011681300000003672,0.04436506490970565,-0.08267074899836088,-0.08267074899840211,-0.08267074900017923,-0.08267074899872623,-0.08267074899856032,-0.08267074899803273,0.5029641020661079,-0.08267074899762389,-0.08267074899807511,-0.08267074899735508,-0.08267074899798137,0.5273905700150798,-0.0826707489985684,-0.0826707489987911,-0.0826707490000819
6,2013-11-01 06:00:00,optimal,1.2400778336269636,0.0025137594781017895,-1.3563025176352635e-10,0.0030045360875841022,0.005518304999999999,1.1023567280969582,1.1006016405869363,0.0010040649899781336,0.0027591524999999997,65.41280626996118,85.32626186443883,1.0089205998187596,-7.934288520361488e-07,75.36953406720001,85.3262618644157,85.32626186441553,85.32626186441539,85.32626186440453,85.32626186438925,85.32626186438853,85.3262618643881,85.3262618643875,85.32626186438613,85.32626186438675,85.32626186438637,85.32626186438577,85.32626186438564,85.32626186441549,85.32626186441136,85.32626186441011,3.193044847902785e-07,3.1918081438131874e-07,3.1890044959899715e-07,3.191598437864114e-07,3.1983423075134656e-07,0.0011986359973918522,3.193574537887196e-07,3.1958754734702475e-07,0.001803344288678435,3.1919329597131897e-07,1.112403640229685e-07,1.1123999999988095e-07,1.1123718681317828e-07,1.1123800928512635e-07,1.1123933178118825e-07,0.0004067288139151971,1.1123921264786281e-07,1.1123928177465545e-07,0.0005964462626730256,1.1124000358712526e-07,-1.2875800271382239e-10,0.0007177866585473761,0.0007184902445723347,0.0007200852966493318,0.000718609550536103,1.9277863317121987e-11,0.0007147728263894972,0.4907154915657537,0.0007174853071762169,1.938226596826944e-11,1.9235817517764355e-11,0.0007161762582818642,0.5035426830826133,0.0007184192342768837,1.9540556504496346e-11,1.965304656643519e-11,0.0025137601948997824,0.0010428535307089308,0.0006752862926910535,0.0003077187743083936,-9.529683180448197e-05,-0.00046318299395808546,-0.0008307495785595932,0.0003675670613784704,3.544834712440253e-05,-0.0007000048764076533,-0.0010678910385612643,-0.0014354578698461762,0.001103339549843383,0.0007357723243070956,0.000367886162153538,0.0017550875100218726,0.0010195359903894816,0.0008357037303894812,0.000651871467576294,0.00014499044675302363,-3.8953053246977226e-05,-0.00022278531391519655,0.00018383226078735272,0.00032304875883255505,-4.472700195479852e-05,-0.00022867050195479936,-0.00041250276267302513,0.0005517192599964137,0.0003678870000000007,0.00018394350000000036,0.214489710935586,-0.09790036101559765,-0.09789966170549698,-0.09789807634707355,-0.09789954312458532,-0.09865177389887493,-0.09790335653169345,0.49871630126466165,-0.09790066053554636,-0.09865177389876739,-0.09865177389891717,-0.0979019616289187,0.5632554170377244,-0.09789973228423947,-0.09865177389861438,-0.09865177389849877
7,2013-11-01 07:00:00,optimal,1.5055787214389573,0.00525762783213251,-3.902682362545667e-13,0.0028847996269806904,0.008142427499998496,0.9094929753893289,0.9062920717570779,0.0008703101177588517,0.004071213749999248,71.60743413556118,91.52088973003883,1.0168269583368759,-3.7062255209274753e-09,81.5641619328,91.52088972912303,91.52088972912314,91.52088972912324,91.52088972913175,91.52088972914362,91.52088972914396,91.52088972914395,91.52088972914393,91.52088972914623,91.52088972914558,91.52088972914561,91.52088972914564,91.5208897291452,91.52088972912321,91.52088972912617,91.52088972912718,5.8015844360998935e-06,5.881670317748436e-06,6.126849910493203e-06,5.860504371345767e-06,5.592483414460494e-06,0.0013899610846121937,5.7445247203253366e-06,5.650683631078362e-06,0.0014483342735522886,5.845958721711506e-06,1.6506682834469936e-06,1.6475484491903302e-06,1.634537971679996e-06,1.6295385302013573e-06,1.6351470021126413e-06,0.0004182803703488596,1.633630561352757e-06,1.6349246541932123e-06,0.00043891279629578654,1.6509556767855958e-06,-7.636440424036114e-13,0.0031416672246051386,0.0028328849610731225,0.0018875520012044812,0.0029144994725755833,7.027777294142769e-10,0.003947901336051603,0.47688316978799417,0.0033616777966993757,7.999031479320751e-10,9.227661150236928e-10,0.0037234987705725767,0.4983365669037817,0.002970576648848296,9.198019538380426e-10,1.7520786202410302e-09,0.00525762783505387,0.0030979613920600318,0.002561014564908969,0.0020243129173505717,0.000232931922515649,-0.0003098965730885983,-0.0008471325871431708,0.0005370839727487716,0.0012544130017372195,0.00017450053338228296,-0.00036832796224516896,-0.0009055057760831922,0.0016226395299611316,0.0010856569912140357,0.0005428284956268245,0.0032009036322510624,0.0021185482562080817,0.0018487815546568893,0.0015790018426279863,0.00039432723265590505,0.00012291298265076334,-0.0001468661203479886,0.0002697806194395489,0.0009148898985014345,0.00037369502905665097,0.00010228077905182039,-0.00016749854629488685,0.0008125917943262324,0.0005428285000027745,0.00027141425000141073,0.48118277709630886,-0.11374311308190882,-0.11404976168058129,-0.11498856266431326,-0.11396871097135176,-0.11746861029418156,-0.11294244961421415,0.4946495269907154,-0.11352462255705206,-0.11746861019559408,-0.11746861007261106,-0.1131653016567068,0.5218062857140807,-0.11391302141755552,-0.11746861007195769,-0.11746860922930247
8,2013-11-01 08:00:00,optimal,1.4544694685549568,0.005811955682332393,-1.453711254660285e-13,0.0021051718149534284,0.0079171275,0.8023643993899275,0.799020268255516,0.0006144326155937514,0.00395856375,55.42023413556118,75.33368973003883,1.0121595377461918,-1.9354873259658234e-10,65.3769619328,75.33368972978789,75.33368972978796,75.33368972978799,75.33368972979129,75.33368972979599,75.33368972979628,75.3336897297964,75.3336897297965,75.33368972979724,75.333689729797,75.3336897297972,75.33368972979741,75.33368972979741,75.33368972978798,75.3336897297889,75.33368972978923,4.725271755332967e-05,4.727118023004583e-05,4.749557907640294e-05,4.730296937278909e-05,4.718035225172127e-05,0.0009691536897899678,4.723310301868981e-05,4.7220736826357976e-05,0.0007577699551064306,4.729153090354145e-05,1.3595116569127668e-05,1.3513821312336664e-05,1.3310881406388305e-05,1.3230508625940092e-05,1.3231913278311611e-05,0.0002847833975905665,1.3225970231687666e-05,1.3221777740443451e-05,0.000222720860711938,1.3598368128848727e-05,-1.2972807468306204e-13,0.029750115772117756,0.029676903489094547,0.028787067195479115,0.029550846170209994,5.362369564407675e-10,0.030037074889639307,0.40923128030643324,0.029827895759272072,4.826315274616531e-10,5.571577244056381e-10,0.029876932943487793,0.3536656767737884,0.02959620444382123,4.861731249395359e-10,1.9458403046100027e-10,0.005811955682638424,0.003795265932105787,0.0033147286124964887,0.002834415691733488,0.0005670914573265545,3.928295763733125e-05,-0.00044134518995045754,0.00048057539682084415,0.0017868187039402198,0.000778434807439344,0.0002506263077462948,-0.00022996145526688858,0.001536133968246626,0.0010556169993108252,0.0005278084996305941,0.0033441311344115502,0.002315707619108793,0.0020653171904209166,0.0018147238218269937,0.0004936974391330226,0.0002297931891320443,-2.087914759010296e-05,0.0002506782797687912,0.0010703526413194623,0.0005557701115496408,0.00029186586154858214,4.1183389288544205e-05,0.0007781143818717653,0.0005278085000004787,0.0002639042500002443,0.43783606610692616,-0.07356747930130333,-0.07364019095028614,-0.07452394244883612,-0.0737653862744855,-0.10723906373808306,-0.07328248243874329,0.37997820258120457,-0.07349023118073052,-0.1072390637916468,-0.10723906371719458,-0.07344152931791871,0.30781263031243955,-0.07372033816732362,-0.10723906378808595,-0.10723906407948139
9,2013-11-01 09:00:00,optimal,1.3744504715501562,0.005387349598249909,-1.6446905642428692e-14,0.0027558354009287107,0.008143184999999997,0.7379967982280206,0.7346974060170999,0.0007722002890807668,0.004071592499999999,45.30202420276118,65.21547979723883,1.0100058181148923,-5.250139212265026e-11,55.258752,65.21547979711062,65.21547979711062,65.21547979711063,65.21547979711141,65.21547979711254,65.21547979711256,65.21547979711256,65.21547979711258,65.21547979711275,65.2154797971127,65.21547979711272,65.21547979711274,65.21547979711272,65.21547979711063,65.21547979711086,65.21547979711094,0.0001444413938680959,0.00014434939858549704,0.00014426582882006125,0.00014400734580833713,0.00014415098615679133,0.0007892766244129113,0.0001441496108191422,0.0001440703812752095,0.000812702005993065,0.0001444218248373319,4.131797963896582e-05,4.1291430604490183e-05,4.120384501674685e-05,4.1451799993995216e-05,4.1409827425542656e-05,0.00021610669606443716,4.162730202134551e-05,4.164332055083293e-05,0.00022477286355161323,4.137522421328737e-05,-4.4486878607487106e-14,0.07992259379059588,0.08027726698622145,0.08059945693919329,0.08159599712187644,3.59915525817499e-11,0.08104221458036746,0.17693788792639403,0.08104751697591095,3.986956141380865e-11,4.5709291209264566e-11,0.08135297389424466,0.17722605252034127,0.07999803907954871,3.447074566922254e-11,2.9308061596506634e-11,0.005387349598316693,0.0035046968173658524,0.003106167216001684,0.0027075540448720627,0.0006952093892088418,0.00015233038932971292,-0.00024639762446320335,0.0003987293891305706,0.0016134730015218521,0.0006718646125116108,0.00012898561263114755,-0.00026982300604335444,0.0014842151748692713,0.0010857579997569377,0.0005428789998780615,0.0032993922109206923,0.0022963274147727968,0.0020661793453772277,0.0018359436903938886,0.0005568019765105834,0.0002853624765102728,5.533280393568986e-05,0.0002298121979787851,0.0010491540138771781,0.0005479023158981009,0.0002764628158978172,4.666663644851857e-05,0.000772943275786828,0.0005428790000000761,0.0002714395000000388,0.35133858888566666,-0.012595736133428792,-0.012243513658811322,-0.01192354997412133,-0.010933895685255518,-0.10273783562348168,-0.011483851699907392,0.127443514339916,-0.011478585942863273,-0.10273783561960001,-0.10273783561375353,-0.011175239670884449,0.12926225975555763,-0.012520812156367522,-0.1027378356250028,-0.10273783563016403
10,2013-11-01 10:00:00,optimal,1.2819649239963304,0.004324117977083624,-6.335634059376869e-16,0.003902047022734063,0.008226165000000002,0.7002748194184821,0.697234958577986,0.0010732216595045522,0.004113082500000001,37.30989620276118,57.22335179723882,1.0080577477850805,-1.0398432115366063e-11,47.266624,57.223351797163126,57.223351797163126,57.223351797163126,57.22335179716344,57.223351797163865,57.22335179716388,57.22335179716387,57.22335179716388,57.22335179716393,57.223351797163915,57.22335179716391,57.22335179716391,57.2233517971639,57.22335179716313,57.22335179716323,57.22335179716327,0.000250651128837623,0.0002505947068734983,0.00025063433529718207,0.0002504053924056944,0.00025041025313607835,0.0007536279078100074,0.000250288855882647,0.0002503380876428131,0.001144432153995706,0.00025066420071106154,6.839946840742642e-05,6.816100413627723e-05,6.788993840288976e-05,6.782026756159062e-05,6.76532256516563e-05,0.0002039034236136292,6.844218343179693e-05,6.893972548680953e-05,0.00032362873611590885,6.838368669769622e-05,-2.0363756564743285e-14,0.0919645285180132,0.09217986018080812,0.09202862024285063,0.09290236957544791,1.8252952568941336e-11,0.09288381883595664,0.1264364546316415,0.09334712550776603,2.150489072603181e-11,2.3012017814105463e-11,0.0931592349065399,0.13318334715252328,0.09191464035318202,1.5084275918202055e-11,1.743667344346771e-11,0.004324117977095622,0.0026317893067471436,0.0023339730136320066,0.002036196348940547,0.0006411948389914323,9.278383903121516e-05,-0.00020521690782135694,0.0002981221441060058,0.0010969959023661576,0.00025046275829954573,-0.0002979482416612168,-0.0005960211540070552,0.0013945687991974672,0.0010968219999198936,0.0005484109999601074,0.0030398608404960366,0.0020798219956009497,0.0018737774997372029,0.0016674619381400581,0.0005510598507352171,0.0002768543507348166,7.030207638642215e-05,0.00020576331656825547,0.0009100168549663822,0.0004300480383977492,0.00015584253839738687,-4.942323611585618e-05,0.0007542328133024999,0.0005484110000001799,0.00027420550000009354,0.24744052421510926,0.00846288778304384,0.008676725880165506,0.008526534960162452,0.009394223864887988,-0.09858576541474605,0.009375801795501446,0.07199459715190255,0.009835894917879076,-0.09858576541149008,-0.09858576540997976,0.009649307547908673,0.10115898329436034,0.008413345648375412,-0.09858576541791597,-0.09858576541556299
11,2013-11-01 11:00:00,optimal,1.2438176901907763,0.004463219957930186,4.838809866309066e-14,0.0037419225417433502,0.008205142499999998,0.6648524498397207,0.6617582575554337,0.0010083789657140115,0.004102571249999999,27.336648202761182,47.25010379723882,1.005419549735368,-1.771521818128008e-11,37.293376,47.25010379569737,47.250103795697385,47.25010379569739,47.250103795697974,47.250103795698806,47.25010379569889,47.25010379569895,47.25010379569898,47.25010379569905,47.250103795699,47.250103795699054,47.2501037956991,47.2501037956991,47.25010379569739,47.25010379569755,47.25010379569762,0.00022336368899829808,0.00022332188030794087,0.0002234136777086436,0.00022335813182673805,0.00022321624810932541,0.0006468373706019879,0.00022326109596839205,0.00022319970512768515,0.0013086272456136509,0.0002233234972974307,6.169539509145097e-05,6.151378702385107e-05,6.13869947804798e-05,6.131343444912839e-05,6.132717645503979e-05,0.00017068326523101047,6.131036085885654e-05,6.120167282663779e-05,0.00034627158372795567,6.167529526983276e-05,-2.0276695125912893e-14,0.09333822496469442,0.09349819459620082,0.09314695670152527,0.09335948797738766,1.5799052141258953e-11,0.09390236759746838,0.1207653345455566,0.09373076941037095,1.6320001342817656e-11,1.569871550193204e-11,0.09396566483765212,0.13080099166492043,0.0934920076219043,1.9263776411168146e-11,1.5258297362459852e-11,0.00446321995790525,0.002721869144367218,0.00239818152469861,0.002074585702430691,0.0007709748811816946,0.0002239653812418604,-9.982787062540053e-05,0.0003237484040081965,0.0009799594530991522,0.00010920154915137745,-0.00043780795078815553,-0.0007616177456370606,0.0014177050025597836,0.0010940189998806657,0.0005470094999418084,0.0030941922842869832,0.002123543974648147,0.0019115530116719582,0.0016994352564523797,0.0005885038083142757,0.0003149990583141245,0.00010282148476907742,0.00021219438914123402,0.0008987401325871475,0.00041304099344575496,0.00013953624344558807,-7.276683372786489e-05,0.0007588389547302654,0.0005470095000000738,0.0002735047500000368,0.21088760627292258,0.011523807971870595,0.011682669101792137,0.011333865092588657,0.01154492364358517,-0.09287422561697009,0.01208404140639252,0.05910873554772425,0.011913632300381491,-0.09287422561643417,-0.09287422561705663,0.012146900031517902,0.10046842169521739,0.011676524999801943,-0.09287422561344119,-0.09287422561760775
12,2013-11-01 12:00:00,optimal,1.287772308928551,0.005175648334840079,-2.6446538708404106e-14,0.0034444016649192873,0.00862005,0.6679857258819678,0.6645992048222975,0.0009235039403302411,0.004310025,29.89761013556118,49.81106573003882,1.0066155750031869,-1.0671102890214001e-11,39.8543379328,49.81106572960654,49.81106572960655,49.81106572960655,49.81106572960684,49.81106572960724,49.81106572960724,49.81106572960723,49.81106572960723,49.811065729607314,49.811065729607314,49.8110657296073,49.8110657296073,49.81106572960729,49.81106572960655,49.811065729606646,49.81106572960669,0.0002122446961324042,0.0002121953008772839,0.0002121359000314642,0.0002118582972474724,0.0002116180284542647,0.000711614380366772,0.00021058214046333924,0.00021138564735976578,0.0010384554490940983,0.00021231182473808378,5.893502595170934e-05,5.869427850451349e-05,5.843592372264365e-05,5.8140072536955415e-05,5.8131163731824366e-05,0.00018532547698706502,5.8231557907563916e-05,5.830550714937543e-05,0.0002703674669171263,5.893746692221046e-05,-1.9250169766960228e-14,0.08928898606705497,0.0894688866447743,0.08968522820335087,0.09069627473185593,1.4318101564825007e-11,0.09157134855416589,0.13280146445309907,0.09534411675915361,1.8423118387360157e-11,1.7446471900246517e-11,0.09241769488939809,0.13968150008804564,0.08904449952851594,1.4849896798498213e-11,1.5567249893828383e-11,0.005175648334879921,0.0033015248558658913,0.0029390501567565707,0.0025765160568014243,0.0008007775911077786,0.00022610759115220016,-0.00013694438038015355,0.00036408785952328005,0.001412926762954498,0.00047416890347522293,-0.00010050109648062848,-0.00046378544910748073,0.0015116981751598284,0.0011493399999113077,0.0005746699999557241,0.0033865210596703108,0.0023550535525441005,0.0021264128310485913,0.0018975137547712025,0.0006185483592814769,0.00033121335928120474,0.00010200952301298233,0.00022910344209248475,0.0010497704680266357,0.0005333320259338739,0.00024599702593359747,1.6967533082923377e-05,0.0008030675330779062,0.0005746700000001006,0.00028733500000004825,0.2578045594013458,0.004719188418106188,0.00489781871129101,0.005112632674239018,0.006116540166364842,-0.09573263012708688,0.006985435060528372,0.07339366303325875,0.010731563611741296,-0.09573263012297548,-0.09573263012395146,0.007825805313447537,0.09659951601748484,0.00447642820792403,-0.09573263012655206,-0.09573263012583694
13,2013-11-01 13:00:00,optimal,1.45449971403019,0.00565871360059819,8.303914105990058e-15,0.002586606398970394,0.008245319999999997,0.7990200210465304,0.7956274959782349,0.0007301349317057711,0.0041226599999999985,56.61856723636118,76.53202283083883,1.0131576939206464,-3.3659103282346337e-11,66.5752950336,76.5320228307825,76.5320228307825,76.53202283078251,76.53202283078322,76.53202283078421,76.53202283078426,76.5320228307843,76.53202283078431,76.53202283078444,76.5320228307844,76.53202283078443,76.53202283078446,76.53202283078446,76.5320228307825,76.53202283078271,76.5320228307828,0.00013534600658870961,0.0001352134662552509,0.0001350896007216744,0.0001349462346756361,0.00013501217393590837,0.000716742682656636,0.00013511106208152654,0.00013510902371897842,0.0007887648908805122,0.00013527125722399095,3.857946062191e-05,3.8341628185298095e-05,3.780975788377019e-05,3.771479991244713e-05,3.780806800611555e-05,0.00020210568195712386,3.779054680816307e-05,3.7773556013641764e-05,0.0002236265419918988,3.85848903268037e-05,-2.7746551512678037e-14,0.07648388431088157,0.07698854288137777,0.07746017141275918,0.07800604980504695,4.0508390855311874e-11,0.07775498047556623,0.18705714186642738,0.07737845546600361,3.708831813020001e-11,4.019531774480535e-11,0.07738621670470776,0.1947160580352822,0.07676849886194273,3.7599815629778284e-11,2.4640132797717654e-11,0.0056587136006173945,0.0037305788646336793,0.0033161043309164373,0.0029015059316656044,0.0007973091432791636,0.0002476211433525194,-0.00016705468268410397,0.00041457693789101024,0.0016894550230895468,0.00072519008527219,0.00017550208534558557,-0.0002390768909079741,0.0015137927425999318,0.0010993759998514305,0.0005496879999250887,0.0033925250682955072,0.0023703134192439084,0.0021338110474291546,0.00189677680531285,0.000584618250037493,0.00030977425003698257,7.273831804298768e-05,0.0002370534531919519,0.001075029355187696,0.000563131901995217,0.00028828790199469077,5.1217458008216945e-05,0.0007859471096734799,0.0005496880000002502,0.00027484400000012864,0.4330727984731765,-0.021764041310374953,-0.02126288617670001,-0.020794531781302354,-0.020252442981719944,-0.10961258078263132,-0.02050176933961826,0.13475956901046743,-0.020875680440192092,-0.1096125807860734,-0.10961258078294517,-0.020867973081493706,0.14803126413814915,-0.0214814026082528,-0.10961258078555688,-0.10961258079859121
14,2013-11-01 14:00:00,optimal,1.6150676971464755,0.0068461599030612994,-7.386660964272252e-14,0.002203460095447778,0.009049620000000001,0.8724763219732095,0.8685908230905534,0.0006393111173492019,0.004524810000000001,67.35527220276117,87.26872779723882,1.0179581647515648,-1.236990371245028e-10,77.312,87.26872779706144,87.2687277970615,87.26872779706154,87.2687277970647,87.26872779706923,87.26872779706953,87.26872779706967,87.26872779706983,87.26872779707041,87.26872779707017,87.26872779707038,87.26872779707058,87.26872779707058,87.26872779706152,87.26872779706237,87.26872779706267,7.644894715825109e-05,7.645273105174886e-05,7.65530629262262e-05,7.643882991946372e-05,7.638296183790768e-05,0.0007570610403872269,7.641671961714373e-05,7.640580123242325e-05,0.0008348459988771631,7.645400194459192e-05,2.2090744444775387e-05,2.1991748739424953e-05,2.1758309361753263e-05,2.168930339024525e-05,2.1750627923607696e-05,0.00021851746095578317,2.1731444927920267e-05,2.175959709864778e-05,0.0002459243198275068,2.2097560680560386e-05,-7.717584551694301e-14,0.04277343123876179,0.04276030424387417,0.04241223496650363,0.042808529789211826,3.5716789291838587e-10,0.04300234618868206,0.2971729875039826,0.04288523438624593,3.551696024997953e-10,3.56931678304905e-10,0.0429231122230384,0.3605059224083831,0.0427558952859923,3.52047140368113e-10,3.440838938918015e-10,0.006846159903223834,0.004585830852878672,0.004058975584019087,0.0035322206470339242,0.000976479997410334,0.00037317199759785214,-0.0001537530404757329,0.0005268912802943705,0.002028871479631569,0.0008986721995249355,0.00029536419971345633,-0.00023153799896564147,0.0017334699975920806,0.00120661599962534,0.0006033079998122663,0.0038854988826560895,0.002723071187780792,0.0024434089365200063,0.002163513245881449,0.0006646939111222807,0.0003630399111215343,8.313653904468196e-05,0.00027992255507255915,0.0012188546381489648,0.0006372780830756201,0.0003356240830748114,5.5729680172976665e-05,0.0008828644393199573,0.0006033080000003854,0.00030165400000019645,0.5974556650417807,-0.07030063335603134,-0.0703136658720842,-0.07065922999984124,-0.07026578741859163,-0.12051379890767641,-0.07007336596869025,0.24806362355271427,-0.0701896348857221,-0.12051379890969025,-0.12051379890782768,-0.07015202966604031,0.3193220961054929,-0.07031804309755649,-0.12051379891294961,-0.12051379892098542
15,2013-11-01 15:00:00,optimal,1.816647008676533,0.00830032345958225,-5.097030371743715e-12,0.0021386861682022554,0.010439010000000004,0.9575064555495773,0.9529237193593343,0.0006367688097858711,0.005219505000000002,76.42976723636117,96.34322283083883,1.024396987386953,-3.536989442998184e-08,86.3864950336,96.3432228293246,96.34322282932499,96.3432228293253,96.34322282934683,96.34322282937762,96.34322282937968,96.34322282938072,96.34322282938162,96.34322282938601,96.34322282938425,96.34322282938562,96.343222829387,96.34322282938696,96.34322282932513,96.3432228293307,96.34322282933272,1.1534544295493617e-05,1.1587840632322291e-05,1.1614258293371432e-05,1.161535960580375e-05,1.1551939771756948e-05,0.0009926048305958545,1.1576847704421994e-05,1.1558768690632502e-05,0.0010534807090129925,1.1561013491306637e-05,3.5536026691581758e-06,3.5534600654137026e-06,3.5524018185027815e-06,3.5510656263934754e-06,3.550867418495846e-06,0.0002902529959866402,3.5506509484649407e-06,3.550573463084979e-06,0.00031809945553904243,3.553736254368408e-06,-4.850059927602778e-12,0.008057774442740081,0.007897497459350877,0.007818050795251356,0.007814740623908965,1.768996286108861e-09,0.008005465491738068,0.41393095662286533,0.007930558251915944,1.7699917513050147e-09,1.7638058862883674e-09,0.00798492792942198,0.5225818446162421,0.007978174914799805,1.7772048938172316e-09,1.7763726266227587e-09,0.008300323487624727,0.005539683159657942,0.004855337023235699,0.004171017304474198,0.001083645149583696,0.0003877111837431784,-0.000296670853540459,0.0006843571293511207,0.0024030535374409334,0.0010227624422521737,0.0003268284764075372,-0.00035754673195741003,0.0020762408952077214,0.0013918679316444699,0.0006959339658197131,0.004582736190243068,0.003197975529163068,0.0028535619892273347,0.0025091473910441413,0.0007500971366034289,0.00040213013659993373,5.7714004015908195e-05,0.0003444163490541595,0.0014146343200646474,0.0007222509710068524,0.00037428397100316025,2.986754446360391e-05,0.001040347263748529,0.0006959340000021811,0.00034796700000110797,0.7996799131080993,-0.125976021893485,-0.12613507441156152,-0.12621391417233263,-0.12621719899791553,-0.13534165403637377,-0.1260279310890971,0.38431871639727333,-0.126102266129401,-0.135341654035068,-0.13534165404207632,-0.1260483117860134,0.5014853370538844,-0.1260550132824742,-0.1353416540264926,-0.1353416540268605
16,2013-11-01 16:00:00,optimal,2.1683221400223305,0.009700800844920594,-8.40179799471976e-10,0.002553165979894571,0.0122540474999985,1.2157013455907895,1.2099320965823976,0.0003577747416079555,0.00612702374999925,98.34772020276117,118.26117579723882,1.0379463320091344,-9.441425831036021e-06,108.304448,118.26117579721668,118.26117579721587,118.26117579721522,118.2611757971431,118.26117579704135,118.26117579703671,118.26117579703389,118.26117579702992,118.26117579702063,118.26117579702486,118.26117579702247,118.26117579701854,118.26117579701766,118.26117579721571,118.26117579718981,118.2611757971819,1.5448253025727976e-07,1.8739915148547713e-07,1.668871764873481e-07,1.030199478408612e-07,1.544057518590439e-07,0.0011635218211647998,1.6470472641308701e-07,1.5455582072996207e-07,0.0013883927291883358,1.545503903503165e-07,5.036187499417202e-08,5.036187498919388e-08,5.036187498410858e-08,5.036187497674049e-08,5.036187497607742e-08,0.00016657191752566887,5.0361874974983525e-08,5.0361874974768114e-08,0.00019079992908251076,5.0361874993482235e-08,-7.963858138341543e-10,0.0001318886162594701,4.7635696580988875e-05,0.00010018711674975013,2.58397116894555e-08,3.6806878515940137e-11,0.0001321640591794609,0.4687773225395311,0.00010577852378183757,3.7681753605202724e-11,3.7178482745676313e-11,0.00013177962169942352,0.5304414250126274,0.00013179353928777788,3.820341071570828e-11,3.731341179370437e-11,0.009700806674788126,0.006433394236078726,0.005616650124918045,0.004799885501782357,0.0012871160192109447,0.0004701867937077137,-0.0003465903108526134,0.000816766805585775,0.0026959409922070695,0.0010622449611184005,0.00024531573561531076,-0.0005714612188761477,0.0024506354109274896,0.001633858451005673,0.0008169292255030099,0.005769249008391841,0.00413547673214196,0.003727058844016978,0.00331864095589198,0.001058782470599372,0.0006503142205993511,0.00024189633247432942,0.00040841788812502497,0.0018514405971675886,0.0010345544590425401,0.0006260862090425154,0.00021766832091748973,0.0012253543881249127,0.0008169364999999432,0.00040846824999997194,1.1472282126289877,-0.16565313058444406,-0.16573668783505516,-0.16568456805147141,-0.16579608309505395,-0.1658080229330493,-0.1656528537692306,0.4583568679199792,-0.16567902257006356,-0.16580802293209146,-0.16580802293263502,-0.16565323504736923,0.548954394883967,-0.16565322124402357,-0.1658080229316597,-0.16580802293261793
17,2013-11-01 17:00:00,optimal,2.3744263254087423,0.010328446878636557,8.825125712383195e-14,0.0024653156219959674,0.012793762499999996,1.096365642345625,1.090715995268666,0.0007472341730864366,0.006396881249999998,111.20084310196117,131.11429869643882,1.0450460316391086,7.090600329107133e-11,121.1575708992,131.11429869438047,131.114298694381,131.11429869438143,131.1142986944107,131.11429869445263,131.11429869445553,131.11429869445706,131.11429869445834,131.1142986944641,131.1142986944617,131.11429869446363,131.1142986944655,131.11429869446545,131.11429869438118,131.11429869438854,131.11429869439124,4.5352861610814163e-13,4.295134523598214e-13,4.309818528650402e-13,4.270755411286319e-13,4.3466372083052324e-13,0.001163829499217444,4.3059053065808905e-13,4.3442788692073425e-13,0.0013014861171363465,4.458583358818666e-13,-3.708079977272288e-16,-6.828866667325349e-16,-1.024434618689845e-15,-1.5440362400817591e-15,-1.6138002157777209e-15,0.0003488075974692594,-1.684817311350466e-15,-1.713372948987731e-15,0.0003984265756321033,-4.1892993928606865e-16,-1.9430481547525902e-13,4.769904794603511e-10,5.179358941580905e-10,5.154765284766027e-10,5.205214135310772e-10,5.116227060559844e-10,5.093421098606251e-10,0.44167964355617495,5.152915029033424e-10,5.165036013648475e-10,5.136035116370413e-10,5.094825259914744e-10,0.5583203498118945,4.921463196152181e-10,5.187030898167394e-10,5.14505525768109e-10,0.01032844687851519,0.006916776880142794,0.006063859380539194,0.005210941880936519,0.0013949230000183709,0.000542005500417007,-0.00031091199918288024,0.0008529174996041274,0.0029631013813107474,0.0012572663821017373,0.00040434888249874933,-0.0004485686171015837,0.002558752498792817,0.0017058349992055623,0.0008529174996013808,0.005649647076958951,0.003943812076952656,0.0035173533269501765,0.0030908945769465034,0.000930568652545825,0.0005041099025403153,7.765115253474326e-05,0.0004264587500058165,0.0017338671743952823,0.0008809496743837355,0.0004544909243779399,2.803217437206541e-05,0.001279376250004943,0.0008529175000034175,0.000426458750001735,1.3542070690828214,-0.18149941474133088,-0.18149941470169012,-0.18149941470409273,-0.1814994146993685,-0.18149941470787204,-0.18149941471006026,0.4326708320446365,-0.18149941470438294,-0.18149941470321962,-0.1814994147059974,-0.18149941470995162,0.5726144901638504,-0.18149941472649816,-0.18149941470096237,-0.1814994147049756
18,2013-11-01 18:00:00,optimal,2.251189253096869,0.01144899044410649,-4.1964682098675344e-13,0.001213027056482299,0.012662017499999996,1.0605753918384344,1.0546537548545705,0.00040937176619501966,0.006331008749999998,88.69338613556117,108.60684173003882,1.0354599808688085,1.0878145606518785e-10,98.6501139328,108.60684172914365,108.60684172914436,108.60684172914492,108.60684172918396,108.60684172923989,108.60684172924402,108.60684172924638,108.6068417292485,108.60684172925549,108.60684172925234,108.60684172925542,108.60684172925852,108.6068417292591,108.60684172914458,108.60684172915367,108.606841729157,2.624208782368775e-13,7.999861167235584e-13,7.319673318153439e-13,7.997132774610891e-13,6.035261558687195e-13,0.0006281657300042695,7.193525624501186e-13,6.134151083370572e-13,0.0005848613178993578,4.64455711531787e-13,-4.675550979671013e-16,-8.824348608180691e-16,-1.3968882952727524e-15,-2.1157819945279676e-15,-2.1934768814982244e-15,0.00019367588707140562,-2.2932170039453604e-15,-2.365466438235971e-15,0.00021569587914371173,-5.118629727691633e-16,-4.2877073721881814e-13,2.546197131728978e-09,3.8675764050667335e-10,7.512704588943555e-10,3.8160377599266546e-10,1.151259416947125e-09,1.326489399833003e-09,0.339734268446466,8.095670317007516e-10,7.281453349517671e-10,9.5045811803018e-10,1.2831723812399306e-09,0.6602657181489311,1.860998491344436e-09,3.882748597126595e-10,8.408347753668994e-10,0.011448990444464313,0.008072452446457226,0.007228317947195388,0.006384183447864807,0.0019042377689385869,0.001060103269519702,0.00021596877005949274,0.0008441344993445955,0.0036358111796623007,0.0019475421809897638,0.0011034076816152896,0.00025927318216468093,0.0025324034982076955,0.0016882689986103276,0.0008441344993481185,0.005921636983863947,0.0042333679838560115,0.003811300733852802,0.0033892334838479714,0.001072525862948427,0.0006504586129411568,0.00022839136293380997,0.0004220672500076694,0.0018946403708924207,0.0010505058708771857,0.0006284386208695199,0.0002063713708617289,0.001266201750006192,0.0008441345000042656,0.0004220672500021612,1.2434386931666843,-0.1607094447658784,-0.16070944694350875,-0.16070944657349057,-0.16070944694895517,-0.1607094461688338,-0.1607094459918767,0.25929488769341563,-0.16070944651455726,-0.1607094465970614,-0.1607094463719143,-0.16070944603566595,0.5864892210385226,-0.16070944545343196,-0.16070944694197478,-0.16070944648269225
19,2013-11-01 19:00:00,optimal,2.005968180501931,0.01099928710634153,3.7818519310723743e-13,0.0005888578937761615,0.011588145000000001,0.9445502260303532,0.9389936975655979,0.00023754403524768648,0.0057940725000000005,71.40449013556119,91.31794573003884,1.025704088031973,-2.382011254908889e-11,81.36121793280002,91.31794572910508,91.31794572910512,91.31794572910513,91.31794572910682,91.31794572910928,91.31794572910948,91.31794572910962,91.31794572910974,91.31794572910998,91.31794572910985,91.31794572911001,91.31794572911015,91.31794572911019,91.31794572910512,91.3179457291055,91.31794572910565,4.2496872941151655e-14,4.249341992685048e-14,4.089669959515563e-14,4.0012274053790745e-14,4.167373720403231e-14,0.0002526495846821892,4.189908399061187e-14,4.2166821822443165e-14,0.00033620830855367177,4.26171818267977e-14,-6.473366415497512e-17,-1.2729710280072346e-16,-1.9449287022259281e-16,-3.0407968800327927e-16,-3.308073821422341e-16,7.5046170787145e-05,-3.453856365280295e-16,-3.490914871957746e-16,0.00016249786446346012,-6.629502312604997e-17,-2.8720243392008426e-14,4.336674666082143e-11,4.658620072248982e-11,5.481390100837269e-11,5.854489566148535e-11,5.2439410618034e-11,5.146538379471975e-11,0.13684813858377418,5.014143661689327e-11,5.141377477692007e-11,4.875602129162373e-11,4.8700782733741e-11,0.8631518607507637,4.5252132867407364e-11,5.778474353162565e-11,5.6225423326597243e-11,0.010999287105979682,0.007909115106210956,0.007136572106269789,0.006364029106326992,0.002064979415185955,0.0012924364152436469,0.0005198934153015668,0.0007725429999418645,0.0035265066911973008,0.001981420691313314,0.0012088776913717029,0.0004363346914300998,0.0023176289998275653,0.001545085999886523,0.0007725429999430832,0.00555652846475525,0.004011442464754701,0.0036251709647544587,0.003238899464754093,0.0010837683292142808,0.000697496829213704,0.00031122532921311563,0.0003862715000006139,0.001768859635539257,0.0009963166355380418,0.0006100451355374302,0.00022377363553681076,0.0011588145000004228,0.0007725430000002873,0.00038627150000014517,1.0044323030011764,-0.13892731223450278,-0.13892731223120086,-0.1389273122229088,-0.13892731221916454,-0.13892731222529645,-0.13892731222627458,0.024509823964564928,-0.13892731222761226,-0.13892731222633095,-0.13892731222901006,-0.13892731222906562,0.7771129319557739,-0.13892731223255791,-0.1389273122199219,-0.13892731222148866
20,2013-11-01 20:00:00,optimal,2.1063089509404422,0.010438574121117174,1.42652098311669e-09,0.00033814561145324484,0.010776644999998503,535.0270999776486,535.0218733299976,0.00016167485186645408,0.005388322499999251,59.30515826996119,79.21861386443884,19.91345061448851,5.8079898037632915e-06,69.26188606720001,79.2186133372152,79.21861333757226,79.21861333786578,79.21861335795342,79.21861338673722,79.21861338913273,79.2186133906532,79.21861339208624,79.21861339474763,79.21861339316386,79.21861339485619,79.21861339658287,79.21861339705238,79.21861333767812,79.21861334218255,79.21861334381532,-2.0027855059131404e-09,-2.00278578828075e-09,-2.0028053868168936e-09,-2.002833476932806e-09,-2.0028371604037566e-09,5.2975331328119014e-05,-2.0028411275388494e-09,-2.002842794032862e-09,0.0002851963167400826,-2.002785604720374e-09,-3.151457520502564e-14,-5.833912158247505e-14,-8.563780957122613e-14,-1.2514716829804408e-13,-1.2895877080365958e-13,2.3615958142979023e-05,-1.3441529385951142e-13,-1.3588118930187728e-13,0.00013805889493005843,-3.5200491803706034e-14,0.0148188644567438,1.2538287213599648e-07,1.2538287213599619e-07,1.2538287213597663e-07,1.25382872135992e-07,1.2538287213599674e-07,1.2538287213597483e-07,0.15433391356817316,1.253828721359961e-07,1.253828721359993e-07,1.2538287213598187e-07,1.253828721359913e-07,0.8308455920554787,1.2538287213601122e-07,1.2538287213601405e-07,1.2538287213597697e-07,0.010438568113032917,0.0075647697756033834,0.006846320191253168,0.006127870606844158,0.0021023714193461733,0.0013839218348461267,0.0006654722503417955,0.0007184495845162329,0.0033070496030047046,0.0018701504339767967,0.0011517008494604365,0.0004332512649392044,0.002155348753080168,0.001436899168730504,0.0007184495843676196,0.005226647651079967,0.003789761650647671,0.0034305401504727035,0.0030713186502158403,0.0010540485428875098,0.0006948270425050865,0.0003356055421182602,0.0003592215004031958,0.001658048606952939,0.0009396056061521513,0.0005803841057501486,0.0002211626053425551,0.0010776645003377503,0.0007184430002321988,0.00035922150011767076,1.122023979607795,-1.38447509437357,-1.3844750943738033,-1.3844750943897877,-1.3844750944126925,-1.3844750944145923,-1.3844750944157977,1.693039965711878,-1.3844750944190536,-1.3844750944177955,-1.384475094419135,-1.3844750944205042,15.183118089856293,-1.384475094373654,-1.3844750943772393,-1.3844750943785373
21,2013-11-01 21:00:00,optimal_inaccurate,8.733413074526007,0.009296991792963791,-5.009143810625824e-11,0.00018992004392020677,0.009486915000000002,558.1939000847752,558.189259033695,0.00010240641973607669,0.004743457500000001,57.27572020276117,77.18917579723882,19.913455594479863,-2.4129136910744364e-07,67.23244799999999,77.1891757970167,77.18917579701679,77.18917579701684,77.18917579701929,77.18917579702291,77.18917579702345,77.1891757970238,77.18917579702405,77.18917579702438,77.18917579702409,77.18917579702453,77.18917579702489,77.18917579702502,77.1891757970168,77.18917579701679,77.18917579701687,8.473360718975481e-11,8.473360716396508e-11,8.473358600260211e-11,8.473355587078064e-11,8.473355166458974e-11,1.1582352233550163e-05,8.473354752308807e-11,8.473354555793111e-11,0.00017833659015019512,8.473360721729473e-11,-3.3642321604706454e-17,-6.226294056065101e-17,-9.143268226647251e-17,-1.3368108675638992e-16,-1.3771095005533452e-16,5.7911337498604904e-06,-1.4351004157651104e-16,-1.4500400987929756e-16,9.661528598750418e-05,-3.75396982310585e-17,0.37098545028419133,5.023913453428024e-11,5.0234823047681815e-11,5.0214372926254345e-11,5.02247746609384e-11,5.023461182899185e-11,5.0238835631229046e-11,0.03858994019713904,5.0237012437779503e-11,5.0233795258030433e-11,5.023998581074739e-11,5.023898126006111e-11,0.5904246088154578,5.023490250912136e-11,5.0228227131399445e-11,5.0218483811570104e-11,0.009296992037619332,0.006767149154810147,0.006134688434107858,0.005502227713405506,0.0018857998946073648,0.0012533391739049148,0.0006208784532024596,0.0006324607207024678,0.002983967098095698,0.001719045656690767,0.0010865849359882986,0.00045412421528582517,0.0018973821621068997,0.0012649214414046108,0.000632460720702308,0.0046410510802670675,0.003376129080266608,0.003059898580266421,0.002743668080266147,0.00094290036625124,0.0006266698662508316,0.0003104393662504185,0.0003162305000004305,0.001484537214014506,0.0008520762140136508,0.0005358457140132217,0.00021961521401278673,0.0009486915000003599,0.0006324610000002474,0.00031623050000012526,8.105229428189382,-1.376382842071462,-1.376382842071548,-1.3763828420719584,-1.3763828420717559,-1.3763828420715605,-1.3763828420714768,-0.6070297568803584,-1.3763828420715138,-1.3763828420715776,-1.3763828420714548,-1.376382842071475,10.39477703433049,-1.3763828420715465,-1.3763828420716797,-1.3763828420718738
22,2013-11-01 22:00:00,optimal_inaccurate,7.763699856743304,0.007685850068419178,-5.787488381980533e-10,0.0001624172685558486,0.007848285,800.417601397444,800.4137112843333,3.4029389317213154e-05,0.0039241425,16.82221523636118,36.73567083083882,19.91345559451725,-6.391277691530917e-07,26.7789430336,36.73567083068222,36.73567083068222,36.73567083068222,36.73567083063095,36.735670830558824,36.73567083055543,36.73567083055335,36.73567083055054,36.7356708305439,36.73567083054695,36.73567083054514,36.73567083054231,36.73567083054169,36.7356708306821,36.73567083066398,36.73567083065842,3.8918150045069546e-10,3.891814989930128e-10,3.8918150138189745e-10,3.891815041484425e-10,3.8918150485145473e-10,1.3504777931505051e-05,3.8918150512399575e-10,3.891815055164367e-10,0.00014890743126480562,3.8918150061970775e-10,1.4587246618984138e-19,4.3235538892763903e-19,2.2511474026336285e-18,4.4575715108167314e-18,4.9611446509370375e-18,6.752194375005107e-06,5.121614759542337e-18,5.243901976284087e-18,2.7277194942168886e-05,3.4467115018143226e-19,0.3427497359839564,0.004399387281011305,0.00439938728670029,0.004399387218653561,0.004399387142031459,0.004399387286884637,0.0043993872887429465,7.302232202491549e-09,0.004399386934459811,0.0043993871142167275,0.0043993872891288826,0.004399387205310477,0.6000582224169088,0.004399387289036143,0.00439938716578814,0.004399387216129548,0.007685851714935273,0.0055929815427302925,0.0050697639996790415,0.0045465464566277975,0.0015561482404037013,0.0010329306973524666,0.0005097131543012331,0.0005232175430512329,0.0024671806731728606,0.0014207455870703942,0.0008975280440191622,0.00037431050096793097,0.0015696526291537375,0.0010464350861024909,0.0005232175430512451,0.003890113110682688,0.002843675110682694,0.0025820656106826947,0.0023204561106827015,0.0007780763056249555,0.0005164668056249698,0.0002548573056249847,0.0002616094999999846,0.0012807703050577593,0.0007575513050577897,0.000495941805057805,0.00023433230505782074,0.0007848284999999949,0.0005232189999999959,0.0002616094999999978,7.107676526977177,-1.2591774896971624,-1.2591774895838752,-1.2591774909388938,-1.2591774924646668,-1.2591774895801375,-1.2591774895431311,-1.3462882547680315,-1.2591774965981277,-1.259177493018548,-1.2591774895354415,-1.2591774912045541,10.607918473345798,-1.2591774895373602,-1.2591774919916443,-1.25917749098917
23,2013-11-01 23:00:00,optimal,1.3435402384887711,0.00548573970238712,-6.49834373467984e-13,0.00021026277482413193,0.005696002499999999,0.8337016724293068,0.8309511063023126,9.743512301501243e-05,0.0028480012499999996,43.11795826996118,63.03141386443882,1.0053022081942369,-1.3955217537109377e-09,53.0746860672,63.031413863875535,63.03141386387564,63.03141386387573,63.031413863882,63.03141386389096,63.03141386389165,63.031413863892084,63.0314138638925,63.03141386389332,63.031413863892844,63.03141386389329,63.03141386389377,63.03141386389389,63.03141386387567,63.03141386387723,63.03141386387778,8.357112049209449e-13,8.358433206226807e-13,8.378317841790174e-13,8.373650567628458e-13,8.352963980346379e-13,7.442899674427628e-05,8.349671472835366e-13,8.348139301202656e-13,0.00013583376721149675,8.357495825541933e-13,-8.273897557678784e-17,-1.511248665067236e-16,-2.2581764842401755e-16,-3.637795185386294e-16,-3.8725785442490166e-16,3.3961572048713326e-05,-4.1491730170444027e-16,-4.3096776584635663e-16,6.34735509698699e-05,-9.676202790027644e-17,-6.172579649290678e-13,2.1553980105146262e-10,2.1532389812666472e-10,2.1187916263330151e-10,2.1257721993465612e-10,2.145205354457674e-10,2.1602129843849602e-10,0.34690922463440943,2.1655738267519933e-10,2.1522806766733617e-10,2.1718870951894437e-10,2.1682620490662265e-10,0.6530907725727102,2.1547791441254918e-10,2.1391043952224926e-10,2.1243132641156804e-10,0.005485739704420829,0.003966805713301991,0.0035870722155217022,0.0032073387177432894,0.00106477149743355,0.0006850379996533054,0.0003053045018721674,0.00037973349778149576,0.0017628337225306925,0.0010033667269684925,0.000623633229186629,0.0002438997314049731,0.0011392004933384206,0.000759466995558042,0.0003797334977785857,0.002750566126994255,0.0019910991269928937,0.0018012323769923686,0.0016113656269916004,0.000535638677954471,0.00034577192795329605,0.00015590517795210267,0.0001898667500012516,0.000885860199035981,0.0005061266990335005,0.00031625994903224916,0.0001263931990309753,0.0005696002500010746,0.00037973350000074246,0.0001898667500003769,0.3457739295709954,-0.09095528634006844,-0.09095528634027719,-0.09095528634361724,-0.0909552863429483,-0.09095528634106957,-0.09095528633961678,0.2624846878557516,-0.09095528633909908,-0.09095528634038592,-0.09095528633848758,-0.09095528633883866,0.5741601036069913,-0.09095528634012826,-0.09095528634164529,-0.09095528634307773
