,Timestep,P Feed In,P Feed Out,P Local Gen,P Local Dem,Q Feed In,Q Feed Out,Q Local Gen,Q Local Dem,FT,GT,Surplus,Spot,Alpha,Shadow Price 0,Shadow Price 1,Shadow Price 2,Shadow Price 3,Shadow Price 4,Shadow Price 5,Shadow Price 6,Shadow Price 7,Shadow Price 8,Shadow Price 9,Shadow Price 10,Shadow Price 11,Shadow Price 12,Shadow Price 13,Shadow Price 14,Shadow Price 15,B_min7,Bat_SOC0[7],B_max7,u_bat7,u_load7,batt_self7,GenP0[7],B_min12,Bat_SOC0[12],B_max12,u_bat12,u_load12,batt_self12,GenP0[12],B_min1,Bat_SOC0[1],B_max1,u_bat1,u_load1,batt_self1,GenP0[1],B_min2,Bat_SOC0[2],B_max2,u_bat2,u_load2,batt_self2,GenP0[2],B_min3,Bat_SOC0[3],B_max3,u_bat3,u_load3,batt_self3,GenP0[3],B_min4,Bat_SOC0[4],B_max4,u_bat4,u_load4,batt_self4,GenP0[4],B_min6,Bat_SOC0[6],B_max6,u_bat6,u_load6,batt_self6,GenP0[6],B_min8,Bat_SOC0[8],B_max8,u_bat8,u_load8,batt_self8,GenP0[8],B_min11,Bat_SOC0[11],B_max11,u_bat11,u_load11,batt_self11,GenP0[11],B_min13,Bat_SOC0[13],B_max13,u_bat13,u_load13,batt_self13,GenP0[13],GenQ0[7],GenQ0[12],GenQ0[1],GenQ0[2],GenQ0[3],GenQ0[4],GenQ0[6],GenQ0[8],GenQ0[11],GenQ0[13],Alpha0[0],Alpha0[1],Alpha0[2],Alpha0[3],Alpha0[4],Alpha0[5],Alpha0[6],Alpha0[7],Alpha0[8],Alpha0[9],Alpha0[10],Alpha0[11],Alpha0[12],Alpha0[13],Alpha0[14],Alpha0[15],FloP0[1],FloP0[2],FloP0[3],FloP0[4],FloP0[5],FloP0[6],FloP0[7],FloP0[8],FloP0[9],FloP0[10],FloP0[11],FloP0[12],FloP0[13],FloP0[14],FloP0[15],FloQ0[1],FloQ0[2],FloQ0[3],FloQ0[4],FloQ0[5],FloQ0[6],FloQ0[7],FloQ0[8],FloQ0[9],FloQ0[10],FloQ0[11],FloQ0[12],FloQ0[13],FloQ0[14],FloQ0[15],Balance N0,Balance N1,Balance N2,Balance N3,Balance N4,Balance N5,Balance N6,Balance N7,Balance N8,Balance N9,Balance N10,Balance N11,Balance N12,Balance N13,Balance N14,Balance N15
0,2013-11-01 00:00:00,-4.67478334924154e-14,0.07026090921282578,0.06764625290402107,0.004165080000000001,0.5085444911424073,0.5064619511424188,3.7825506666079744e-15,0.0020825400000000003,65.54750674635001,84.60726925364999,-7.676058053074364e-11,75.077388,0.0028510070239824584,65.5475067463534,65.54750674635305,65.54750674635268,65.54750674632005,65.5475067462706,65.54750674626808,65.5475067462664,65.54750674626423,65.54750674625956,65.54750674626179,65.5475067462602,65.5475067462578,65.5475067462571,65.54750674635306,65.54750674635491,65.54750674635548,0.012,0.020177054094943817,0.048,-2.888320668913297e-14,0.0024485786551000778,-6.80909845462361e-14,0.009822945905119106,0.012,0.020176692950081072,0.048,-2.902606015904381e-14,0.004331157652600391,-6.811829911361825e-14,0.009823307049981727,0.004,0.004000000006477224,0.016,-2.6978558249213873e-14,9.083625465044741e-14,-6.750253373247332e-14,0.005999999993580466,0.004,0.004000000006477219,0.016,-2.697852829222245e-14,9.083765100889224e-14,-6.750394841764205e-14,0.0059999999935804755,0.004,0.004000000006477095,0.016,-2.6954389940495196e-14,9.090221407209387e-14,-6.761557908654746e-14,0.005999999993580845,0.004,0.004000000006476909,0.016,-2.6915942837272796e-14,9.099597114105439e-14,-6.77845771985543e-14,0.0059999999935814044,0.004,0.004000000006476881,0.016,-2.69128306168197e-14,9.100519494103061e-14,-6.779984263672904e-14,0.005999999993581468,0.004,0.004000000006476868,0.016,-2.6907899751348877e-14,9.101912833091538e-14,-6.782336928725339e-14,0.005999999993581533,0.004,0.004000000006476846,0.016,-2.6906416372989267e-14,9.102263892923023e-14,-6.7829785031736e-14,0.005999999993581568,0.004,0.004000000006477227,0.016,-2.6979013319569582e-14,9.083731987056833e-14,-6.750264265811401e-14,0.005999999993580463,3.496360965628746e-16,3.655618799020902e-16,6.642681396119471e-17,1.3868401120811702e-16,2.1676298107753312e-16,3.364400501271871e-16,3.4492739053299086e-16,3.617348975828144e-16,3.6450420058713575e-16,6.208724837907864e-17,9.690166529123975e-05,1.834546610394241e-08,1.83454537488723e-08,1.8345442624160512e-08,1.834542858058888e-08,1.453900089762469e-11,1.8345391573735016e-08,0.5004618825770277,1.834542413606821e-08,1.4539136704891348e-11,1.4539156951707532e-11,1.8345380972663887e-08,0.49944106892152884,1.834547229317839e-08,1.453742669406406e-11,1.4537396631061086e-11,-0.07026090921285254,-0.059371597225281486,-0.053649269231590184,-0.047926941237898334,-0.017438508554027267,-0.017716180553932235,-0.011993852560239477,-0.005722327993692859,-0.024766104690178398,-0.019321448696390447,-0.01959912069629534,-0.013876792702602435,-0.005166983993879765,0.0005553439998115229,0.00027767199990576426,0.0020825399999886527,0.001527195999989392,0.001388359999989808,0.0012495239999904583,0.00041650799999689143,0.00027767199999791635,0.00013883599999895113,0.0001388359999989148,0.0006941799999945762,0.0004165079999967312,0.0002776719999978099,0.00013883599999890334,0.0004165079999994598,0.0002776719999996461,0.00013883599999982426,-4.605427144368359,0.3748942656829609,0.37489426568295936,0.3748942656827938,0.37489426568254247,-0.018390774424569583,0.37489426568252204,0.7874038848077327,0.3748942656824867,-0.018390774424566846,-0.01839077442456617,0.3748942656824787,0.910823006145076,0.37489426568296086,-0.018390774424606616,-0.018390774424606897
1,2013-11-01 01:00:00,-4.089664493931053e-15,-4.646504868026239e-14,-0.0026710620552998087,0.0034434975000000017,0.5083629312248324,0.5066411824748308,-5.073913833225584e-16,0.0017217487500000008,44.57518278815001,63.63494529544999,-7.384196379356389e-11,54.1050640418,0.006662071914403131,57.41774163453024,57.41774163453032,57.417741634530394,57.41774163453555,57.4177416345428,57.41774163454314,57.41774163454334,57.41774163454362,57.41774163454426,57.41774163454395,57.41774163454408,57.4177416345443,57.41774163454431,57.41774163453035,57.41774163453219,57.41774163453277,0.012,0.02139636880290156,0.048,-2.857199426098386e-14,0.002074837276354927,-7.303808957779411e-14,-0.0012193147078899446,0.012,0.021394478898426317,0.048,-2.87683219831805e-14,0.004039722277605363,-7.303235045881378e-14,-0.0012177859482776548,0.004,0.004029245181475833,0.016,-2.491467735932774e-14,9.344625812665788e-14,-7.385783042530245e-14,-2.9245174925492055e-05,0.004,0.004029245181475832,0.016,-2.491493583893823e-14,9.344665072238276e-14,-7.385768835133102e-14,-2.9245174925496484e-05,0.004,0.004029245181475753,0.016,-2.4920330019806972e-14,9.344773892982347e-14,-7.384779376569233e-14,-2.9245174925566933e-05,0.004,0.004029245181475634,0.016,-2.4927088728396816e-14,9.344840091486988e-14,-7.383471434074571e-14,-2.924517492566657e-05,0.004,0.004029245181475624,0.016,-2.4928104002675628e-14,9.344993877657691e-14,-7.383415018353154e-14,-2.924517492568735e-05,0.004,0.004029245181475608,0.016,-2.492890889747193e-14,9.345019566912701e-14,-7.383276128409442e-14,-2.9245174925687012e-05,0.004,0.004029245181475613,0.016,-2.4929177589870967e-14,9.345098288742149e-14,-7.383298496791855e-14,-2.9245174925713788e-05,0.004,0.0040292451814758325,0.016,-2.491512268330532e-14,9.344728227351569e-14,-7.385791992304101e-14,-2.9245174925488525e-05,-4.205430222191412e-17,-4.304910642010915e-17,-1.416273811602475e-17,-2.316659113937153e-17,-3.090198063011008e-17,-4.078180940677958e-17,-4.165975906795244e-17,-4.280692360562254e-17,-4.297184304912741e-17,-1.800330136702833e-17,0.0001314083287732336,0.09998685913144377,0.09998685913144342,0.09998685913142001,0.0999868591313829,3.034653164578977e-11,0.09998685913138013,0.09998685923411459,0.09998685913137521,3.034664609203746e-11,3.034667361899268e-11,0.09998685913137521,0.09998685923411707,0.09998685913144341,3.0345515685812615e-11,3.0345530379589256e-11,6.856034028605811e-14,-0.0009767563493294062,-0.0012355680241352709,-0.0014943796989412151,-0.0001375778937919069,-0.0003671443936850668,-0.0006259560684911431,0.0002588116748060772,-0.0016156134799553646,-0.002103991654654604,-0.0023335581545477655,-0.0025923698293538683,0.0007179446745921058,0.00045913299978624973,0.00022956649989312703,0.0017217487500015222,0.0012626157500013012,0.0011478325000012317,0.001033049250001139,0.00034434975000037515,0.00022956650000025114,0.00011478325000012615,0.00011478325000012843,0.0005739162500006414,0.00034434975000038594,0.00022956650000025808,0.00011478325000012915,0.0003443497500001785,0.0002295665000001245,0.00011478325000006335,-4.605426268914189,0.3602558653196158,0.36025586531961395,0.36025586531944354,0.36025586531918513,-0.03201610253381037,0.3602558653191635,0.8235668501363222,0.36025586531912795,-0.0320161025338078,-0.03201610253380714,0.36025586531911846,1.0598930087414948,0.36025586531961595,-0.03201610253384483,-0.03201610253384529
2,2013-11-01 02:00:00,0.09768280616938761,-4.6853873223009943e-14,-0.09973434435185266,0.003127927500000001,0.5082834662738007,0.5067195025237825,-6.038266568586821e-15,0.0015639637500000005,26.69681874635001,45.75658125364999,-4.9834291207528914e-11,36.2267,0.00532294458914176,45.756581253647695,45.756581253648406,45.756581253649095,45.75658125370756,45.75658125379497,45.756581253799204,45.756581253801954,45.75658125380548,45.7565812538142,45.7565812538102,45.75658125381269,45.756581253816535,45.75658125381742,45.756581253648434,45.75658125365037,45.756581253650964,0.012,0.03136980323833789,0.048,-2.8708558165557916e-14,0.001784897878841187,-5.855756620078802e-14,-0.009973434435383479,0.012,0.03136791333386268,0.048,-2.892377598444054e-14,0.003394567802591584,-5.852397115745869e-14,-0.009973434435383753,0.004,0.01400267961668591,0.016,-2.879908306450675e-14,8.704439511214708e-14,-5.900659992916387e-14,-0.009973434435162165,0.004,0.014002679616685906,0.016,-2.879972489929177e-14,8.704375499884262e-14,-5.900467607360613e-14,-0.009973434435162166,0.004,0.014002679616685837,0.016,-2.884642515695097e-14,8.697077211673221e-14,-5.883908044697585e-14,-0.009973434435162472,0.004,0.014002679616685738,0.016,-2.8915423743384464e-14,8.68603641844409e-14,-5.859191711195828e-14,-0.009973434435162926,0.004,0.01400267961668573,0.016,-2.892129202812254e-14,8.685237604249038e-14,-5.857225595871374e-14,-0.009973434435162963,0.004,0.014002679616685715,0.016,-2.893088525880049e-14,8.683691560929669e-14,-5.853778526947789e-14,-0.009973434435163027,0.004,0.01400267961668574,0.016,-2.893289381051037e-14,8.683430308711763e-14,-5.853117353823448e-14,-0.00997343443516305,0.004,0.01400267961668591,0.016,-2.879938939340004e-14,8.704502024891652e-14,-5.900658470744365e-14,-0.009973434435162166,-5.462171581171261e-16,-5.694274057832439e-16,-1.186190093083089e-16,-2.32310603359976e-16,-3.502715251679318e-16,-5.265320920375823e-16,-5.39375612188677e-16,-5.640031204794777e-16,-5.678834074223988e-16,-1.2230167726031677e-16,0.0001133940368434533,0.09998866063099973,0.09998866063100022,0.09998866063097053,0.09998866063092589,4.5466812595700297e-11,0.09998866063092227,0.09998866034407741,0.09998866063091559,4.546613344901252e-11,4.546603637135658e-11,0.09998866063091384,0.0999886603440797,0.09998866063099936,4.547641984103118e-11,4.5476489643354116e-11,0.09768280616944856,0.07690182329946924,0.06671986036440818,0.05653789742934659,0.01878755649152083,0.018579027991591134,0.008397065056528662,0.010181962935062587,0.027568378002763346,0.017177886567770986,0.016969358067841195,0.006787395132778575,0.01059901993491828,0.00041705699985723164,0.00020852849992861788,0.0015639637500181147,0.0011469067500166424,0.0010426425000159456,0.0009383782500148945,0.00031279275000486013,0.00020852850000325677,0.00010426425000163864,0.000104264250001692,0.000521321250008455,0.00031279275000509405,0.00020852850000341194,0.00010426425000170828,0.0003127927500011165,0.0002085285000007496,0.00010426425000037586,-0.13579440774796758,-0.10545857791601337,-0.10545857791602231,-0.10545857791679786,-0.10545857791796104,-0.041912516758192575,-0.10545857791805502,0.43952323170641944,-0.10545857791821728,-0.0419125167581931,-0.041912516758193144,-0.10545857791825136,0.7495023829693919,-0.1054585779160136,-0.04191251675818498,-0.041912516758185595
3,2013-11-01 03:00:00,0.034467292653226324,-4.6865453240140365e-14,-0.035728591046961064,0.0029431799999999997,0.5082371567636857,0.5067655667636769,-2.964735399793549e-15,0.0014715899999999998,28.42003278815001,47.47979529544999,-4.4738393545351585e-11,37.9499140418,0.0048357412408258915,47.479795295442486,47.47979529544283,47.47979529544314,47.47979529546972,47.479795295509184,47.47979529551117,47.47979529551247,47.47979529551419,47.47979529551768,47.47979529551597,47.479795295517135,47.479795295518905,47.47979529551939,47.47979529544285,47.47979529544467,47.47979529544523,0.012,0.04134480662913464,0.048,-2.858552786417077e-14,0.0018079366863420591,-5.97063452931212e-14,-0.009975003390743371,0.012,0.04134291672465942,0.048,-2.869499457494984e-14,0.0023965417063423126,-5.969081426304422e-14,-0.009975003390743503,0.004,0.01597500395054222,0.016,-2.86621578388873e-14,8.747323594062333e-14,-5.988132218914244e-14,-0.0019723243338134167,0.004,0.015975003500196906,0.016,-2.86625014778352e-14,8.747300440242678e-14,-5.98804000422096e-14,-0.001972323883468111,0.004,0.01597500339054261,0.016,-2.868450445527409e-14,8.743690838345709e-14,-5.98007200703386e-14,-0.0019723237738140647,0.004,0.015975003094529885,0.016,-2.871625686187828e-14,8.738170814042298e-14,-5.968271638547583e-14,-0.001972323477801709,0.004,0.01597500217335749,0.016,-2.8718910532861024e-14,8.737793926034785e-14,-5.96736542932971e-14,-0.001972322556629341,0.004,0.01597500153197784,0.016,-2.872344082768944e-14,8.737075648260689e-14,-5.965750806942838e-14,-0.0019723219152497392,0.004,0.015975002061611652,0.016,-2.8718152220354405e-14,8.736609816432994e-14,-5.966343743520512e-14,-0.0019723224448835092,0.004,0.015975001496766325,0.016,-2.8662445201234867e-14,8.7473895843259e-14,-5.9881378073735e-14,-0.0019723218800375255,-2.665444118518298e-16,-2.7720676545062916e-16,-6.026053206821769e-17,-1.1580353464690582e-16,-1.7269221876788577e-16,-2.5690192877658633e-16,-2.6317583783945393e-16,-2.745316029881441e-16,-2.7647149114602366e-16,-6.377700813701626e-17,0.00010900775358685929,0.09998909925286124,0.09998909925286177,0.09998909925286378,0.09998909925286317,4.401356295042925e-11,0.09998909925286395,0.09998909900171483,0.0999890992528635,4.4013240737391244e-11,4.4013275552175037e-11,0.09998909925286355,0.09998909900171882,0.09998909925286124,4.401843541792653e-11,4.401858198425363e-11,0.03446729265328781,0.029737798439788892,0.027569262556422867,0.02540072678271077,0.010728025260841057,0.010531813260914475,0.008363278704386915,0.0021685339151479815,0.012504166044169795,0.010139420129095196,0.009943208129168568,0.007774673684386809,0.0025609578797875783,0.00039242399985213835,0.00019621199992607093,0.0014715900000088942,0.0010791660000081245,0.000981060000007777,0.000882954000007259,0.0002943180000023715,0.00019621200000158917,9.810600000079964e-05,9.81060000008236e-05,0.0004905300000041167,0.00029431800000248023,0.00019621200000166105,9.810600000083162e-05,0.00029431800000058906,0.0001962120000003977,9.810600000019987e-05,1.5007061189508417,-0.2082591004733927,-0.20825907909109936,-0.2082590738855788,-0.2082590598322185,-0.05155100509977319,-0.2082590160952439,0.04259760947956448,-0.20825898564284487,-0.05155100509977505,-0.0515510050997754,-0.2082590107897851,0.380523606602015,-0.20825898396861592,-0.05155100509974695,-0.05155100509974769
4,2013-11-01 04:00:00,-2.0968542919109936e-14,-2.56627728548043e-14,-0.0008323802578464575,0.0029299500000000006,0.5082341003548606,0.5067691253548587,-6.073876596337131e-16,0.0014649750000000003,43.95835272545001,63.01811523274999,-3.4834937191752235e-10,53.4882339791,0.004338648337076923,57.417666126916195,57.41766612691628,57.41766612691634,57.41766612692139,57.41766612692853,57.41766612692883,57.41766612692899,57.41766612692921,57.417666126929994,57.41766612692969,57.41766612692982,57.41766612693005,57.417666126930065,57.41766612691631,57.41766612691809,57.41766612691863,0.012,0.041770206490035884,0.048,-9.595602380474889e-15,0.0017726700325638462,-6.99600855172096e-14,-0.00042539986082063035,0.012,0.04176778380816109,0.048,-9.649225587883479e-15,0.001989660226313998,-6.995425366195432e-14,-0.0004248670834211205,0.004,0.015972768302741875,0.016,4.1589829720793586e-13,-1.383998741330606e-13,-7.236673184005942e-13,2.235649613894405e-06,0.004,0.01597276780964507,0.016,4.161765303297946e-13,-1.3853877269547858e-13,-7.240848700437656e-13,2.235692366506369e-06,0.004,0.015972767714809103,0.016,4.12885208843819e-13,-1.368976122827666e-13,-7.191432731349913e-13,2.2356775349945023e-06,0.004,0.015972767426617056,0.016,4.0788549435022466e-13,-1.3440531355028095e-13,-7.116360656180779e-13,2.2356696943050416e-06,0.004,0.015972766397687174,0.016,4.115113217932532e-13,-1.3621723551896208e-13,-7.170757183996352e-13,2.235777466298099e-06,0.004,0.01597276573083673,0.016,4.0670976039524535e-13,-1.3381739467245427e-13,-7.098724246357315e-13,2.2358029178817614e-06,0.004,0.015972765517009237,0.016,4.737531491559853e-13,-1.6733784212534906e-13,-8.104386593543273e-13,2.2365466473663007e-06,0.004,0.01597276562874514,0.016,4.1577332097156343e-13,-1.3833666159255695e-13,-7.234805386723732e-13,2.235869834241566e-06,-5.126384064542677e-17,-5.2810695797126596e-17,-1.5894522985611218e-17,-2.6799334713647382e-17,-3.6594080498318274e-17,-4.967885540234037e-17,-5.075560373751557e-17,-5.2414949564686196e-17,-5.269904994123027e-17,-1.9599365496697965e-17,9.716695455903712e-05,0.09999028328927236,0.0999902832892727,0.09999028328927367,0.09999028328927348,3.05430989916703e-11,0.09999028328927335,0.09999028328927051,0.09999028328927316,3.054316245967211e-11,3.054320968294248e-11,0.09999028328927398,0.09999028328927081,0.09999028328927191,3.0542771968152186e-11,3.054280225583991e-11,8.899056154504085e-15,-0.0007768484806658717,-0.0009699427884336993,-0.0011630371110314106,-0.0007635159491537159,-0.0009588459490816425,-0.0011519401717473884,0.00019309419721176481,-0.0005926154923136211,-0.0009810396894533164,-0.0011763696893812468,-0.0013694631428970475,0.0005837541301544702,0.0003906599998545802,0.0001953299999267135,0.0014649750000018222,0.0010743150000015822,0.0009766500000015018,0.0008789850000013921,0.0002929950000004571,0.00019533000000030603,9.766500000015377e-05,9.766500000015724e-05,0.0004883250000007859,0.0002929950000004731,0.00019533000000031652,9.766500000015842e-05,0.00029299500000019217,0.00019533000000013343,9.766500000006776e-05,1.5007065405243571,-0.21920154801050873,-0.21920152417349215,-0.21920151981918537,-0.21920150621544643,-0.06305564104302645,-0.21920145629087193,0.10888390510874205,-0.21920142437655118,-0.06305564104302848,-0.06305564104302881,-0.21920140682797914,0.459299563563603,-0.21920141886117922,-0.06305564104299766,-0.06305564104293211
5,2013-11-01 05:00:00,-3.719592842599314e-14,-2.029082592761287e-14,-0.000939438110170768,0.0035043899999999987,0.508378218212494,0.5066260232124924,-5.27409411796328e-16,0.0017521949999999994,49.16716472545001,68.22692723274999,2.1302920538701642e-10,58.6970459791,5.586506418502105e-06,57.41766610104665,57.41766610104674,57.41766610104681,57.41766610105216,57.4176661010597,57.41766610106006,57.41766610106025,57.41766610106054,57.41766610106126,57.41766610106094,57.417666101061116,57.417666101061386,57.41766610106144,57.41766610104675,57.4176661010486,57.41766610104918,0.012,0.042250349001971735,0.048,-2.1763709180768222e-14,0.0020204419063353535,-6.708141886582579e-14,-0.0004801425118731363,0.012,0.042247324982593086,0.048,-2.1833718720672693e-14,0.0024233862013354887,-6.707675013469006e-14,-0.0004795411743693611,0.004,0.01597023766614484,0.016,-4.168580638669222e-13,2.8146053794527293e-13,5.219194181928764e-13,2.5306350866463047e-06,0.004,0.0159702371299265,0.016,-4.1660062798927293e-13,2.8133215424446547e-13,5.215329522513639e-13,2.5306782092102266e-06,0.004,0.01597023699936426,0.016,-4.1949573242390923e-13,2.8277736818093284e-13,5.258781260279628e-13,2.5307139239002897e-06,0.004,0.01597023664690929,0.016,-4.238570701356799e-13,2.849534952634033e-13,5.324248338052054e-13,2.530778169366387e-06,0.004,0.015970235550080123,0.016,-4.206605308530057e-13,2.8335569619043853e-13,5.276295936344198e-13,2.5308460814362492e-06,0.004,0.015970234786407828,0.016,-4.2483892694103e-13,2.854447634712492e-13,5.338973710518705e-13,2.5309428865793177e-06,0.004,0.01597023541700557,0.016,-3.625473650791317e-13,2.542951633983026e-13,4.4046363308147203e-13,2.5300987104960016e-06,0.004,0.015970234744479343,0.016,-4.1690531541216206e-13,2.8148479781535473e-13,5.219896967334638e-13,2.530882755216767e-06,-4.395619258936701e-17,-4.5248127944321615e-17,-1.43348676361696e-17,-2.3709232712275148e-17,-3.1954695567787344e-17,-4.26808650078712e-17,-4.3568723521539436e-17,-4.496433763493655e-17,-4.515897145930286e-17,-1.8028044029794873e-17,1.4414901561935756e-07,0.09999998594342197,0.09999998577403826,0.09999998562383004,0.09999998549590762,1.728428025259272e-11,0.09999998541522734,0.09999998544344439,0.09999998541290503,1.7284298351701248e-11,1.7284296176590507e-11,0.09999998535137164,0.0999999853804163,0.09999998592400065,1.7284094338440753e-11,1.7284082956074337e-11,-3.4727640926608315e-15,-0.0009294424814185356,-0.001160537802914561,-0.0013916330886944615,-0.0008419522409304098,-0.0010755782408538228,-0.001306673394475624,0.0002310950568145712,-0.0007807760692963247,-0.0012454971260343123,-0.001479123125957729,-0.0017102190269795328,0.0006983471167966022,0.0004672519998467364,0.00023362599992336934,0.0017521950000015819,0.001284943000001361,0.0011681300000012898,0.0010513170000011939,0.0003504390000003923,0.00023362600000026253,0.00011681300000013186,0.00011681300000013488,0.0005840650000006738,0.00035043900000040546,0.0002336260000002712,0.00011681300000013574,0.00035043900000017805,0.00023362600000012397,0.00011681300000006304,1.5007065405241917,-0.23247031824767292,-0.2324702919346899,-0.23247028552939858,-0.23247026823633654,-0.07647027313445598,-0.23247021441277713,0.18391022798806064,-0.2324701769396514,-0.07647027313445823,-0.0764702731344586,-0.23247020786885353,0.5574965348265739,-0.23247017487778682,-0.07647027313442419,-0.07647027313435872
6,2013-11-01 06:00:00,-4.676025835632443e-14,0.03492207646946124,0.035668149774066675,0.005518304999999999,0.5088841331701205,0.5061249806701257,1.7269424556958406e-15,0.0027591524999999997,66.83012578815001,85.88988829544999,-7.55666570984026e-11,76.3600070418,0.005212706811107461,66.8301257881574,66.83012578815726,66.83012578815709,66.8301257881419,66.83012578811852,66.83012578811724,66.83012578811633,66.83012578811517,66.83012578811332,66.83012578811433,66.83012578811349,66.83012578811226,66.83012578811183,66.83012578815729,66.83012578815934,66.83012578815998,0.012,0.032297218588331365,0.048,-2.9077594856063895e-14,0.001927333962600436,-6.820023941850774e-14,0.009953130413694647,0.012,0.03229419456895266,0.048,-2.921221908826892e-14,0.0028377783826007675,-6.821259934008155e-14,0.009953130413694581,0.004,0.013999999999982998,0.016,6.580769414095064e-13,8.899187262110701e-07,-6.808322353826708e-14,0.0019702376669054867,0.004,0.013999999999982998,0.016,6.580756126184062e-13,8.899187262144052e-07,-6.808390140826708e-14,0.0019702371306871496,0.004,0.013999999999982958,0.016,6.580635596477729e-13,8.899187262920038e-07,-6.813739389359235e-14,0.001970237000125042,0.004,0.013999999999982906,0.016,6.580482782254401e-13,8.899187264045192e-07,-6.821934585016456e-14,0.0019702366476702696,0.004,0.013999999999982905,0.016,6.580449544310696e-13,8.899187264185433e-07,-6.822672256122188e-14,0.0019702355508411226,0.004,0.0139999999999829,0.016,6.580443367390564e-13,8.899187264313454e-07,-6.823828933607909e-14,0.0019702347871688505,0.004,0.013999999999982929,0.016,6.58031207167206e-13,8.899187264498731e-07,-6.823055765382917e-14,0.0019702354177665365,0.004,0.013999999999982998,0.016,6.580758674800676e-13,8.899187262132524e-07,-6.808325794163628e-14,0.0019702347452399908,1.623115651652855e-16,1.6986313945340613e-16,2.7684766969836173e-17,6.108264386023284e-17,9.809414573088553e-17,1.5584254555132098e-16,1.5994810363729203e-16,1.679261659505975e-16,1.6935042823188738e-16,2.340042231602665e-17,6.032053759083353e-05,0.09999396822278678,0.09999396822278776,0.09999396822278886,0.09999396822279097,1.1337467633121729e-11,0.09999396822279268,0.09999396681174724,0.09999396822279209,1.1337505688170014e-11,1.133749960055062e-11,0.09999396822279358,0.0999939668116567,0.0999939682227866,1.1336770788095843e-11,1.1336740470613456e-11,-0.03492207646948763,-0.0324513722196585,-0.03084813217022477,-0.029244892251353013,-0.012747928845999294,-0.013115815845903647,-0.011512577376315596,-0.0016032377059158021,-0.014893723838936546,-0.013658373132925068,-0.014026260132829385,-0.012423021796315874,-0.00086746366417707,0.0007357739998094991,0.00036788699990475247,0.0027591524999948194,0.0020233784999950945,0.0018394349999952778,0.001655491499995572,0.0005518304999985582,0.0003678869999990332,0.00018394349999951306,0.00018394349999949623,0.0009197174999974814,0.0005518304999984816,0.0003678869999989824,0.0001839434999994904,0.000551830499999808,0.00036788699999987815,0.0001839434999999403,-0.8331399082834023,-0.12515182279396023,-0.12515183231651622,-0.1251518346367297,-0.12515184089829987,-0.10140372140396575,-0.12515186037597337,0.9534709476311741,-0.12515187393916644,-0.10140372140396649,-0.10140372140396646,-0.1251518627254458,1.38790236958135,-0.12515187467934658,-0.10140372140395615,-0.10140372140389106
7,2013-11-01 07:00:00,-4.674516798034863e-14,0.09590872912381268,0.09930845708943964,0.008142427499998496,0.5095446167722644,0.5054734030222784,4.425909380030317e-15,0.004071213749999248,73.10616070455,92.16592321184999,-9.341073747837214e-11,82.6360419582,0.013136263385424209,73.10616070455235,73.1061607045519,73.10616070455143,73.10616070451061,73.10616070444875,73.10616070444564,73.10616070444355,73.10616070444092,73.10616070443491,73.10616070443778,73.10616070443585,73.10616070443292,73.10616070443217,73.10616070455191,73.10616070455421,73.10616070455494,0.012,0.022366372879492193,0.048,-2.90180094100585e-14,0.002270465600102931,-7.083868668012562e-14,0.009930845708895355,0.012,0.02236334886011342,0.048,-2.9032501637224025e-14,0.002366371493852989,-7.086717147325137e-14,0.009930845708895433,0.004,0.004069154291166813,0.016,2.303562568730762e-14,1.3232804998520547e-05,-7.048539204188173e-14,0.00993084570892068,0.004,0.004069154291166811,0.016,2.3035388141364053e-14,1.3232804998522604e-05,-7.048697285246002e-14,0.009930845708920681,0.004,0.004069154291166607,0.016,2.3034251168127128e-14,1.3232804998654563e-05,-7.061665679438667e-14,0.009930845708921027,0.004,0.00406915429116631,0.016,2.3033079688367026e-14,1.3232804998853134e-05,-7.081288838338588e-14,0.009930845708921542,0.004,0.004069154291166285,0.016,2.3032862785930817e-14,1.3232804998870785e-05,-7.083010510172346e-14,0.009930845708921587,0.004,0.004069154291166243,0.016,2.3032787019830575e-14,1.323280499889844e-05,-7.085760816306308e-14,0.00993084570892166,0.004,0.004069154291166248,0.016,2.303261532371894e-14,1.323280499890542e-05,-7.086424342059484e-14,0.009930845708921684,0.004,0.004069154291166812,0.016,2.3035422686686766e-14,1.3232804998521059e-05,-7.048549902772097e-14,0.00993084570892068,4.084397176268677e-16,4.270182149910239e-16,7.844145372188667e-17,1.630499856381894e-16,2.540263172244182e-16,3.9310026323081807e-16,4.0300617187170933e-16,4.2265983469061135e-16,4.2579492664578164e-16,7.377572966206662e-17,0.00010680870657067757,0.09998931912645535,0.09998931912645445,0.09998931912625672,0.09998931912596976,7.911136736819646e-12,0.09998931912594448,0.09998931912229299,0.09998931912590246,7.911189212518918e-12,7.911189380737002e-12,0.09998931912589902,0.09998931912224565,0.09998931912645434,7.910251544884233e-12,7.910228767348945e-12,-0.09590872912383713,-0.07819188609575314,-0.06879063608181153,-0.05938938606786933,-0.020516904323065546,-0.021059732822964233,-0.011658482809021035,-0.009401250013943327,-0.029471231730860664,-0.020612810216815956,-0.021155638716714564,-0.011754388702771198,-0.008315593014142395,0.0010856569997992013,0.000542828499899604,0.004071213749985972,0.002985556749987051,0.00271414249998759,0.0024427282499884023,0.0008142427499962181,0.0005428284999974656,0.00027141424999872467,0.000271414249998682,0.0013570712499934134,0.0008142427499960314,0.0005428284999973415,0.00027141424999866894,0.0008142427499992064,0.0005428284999994778,0.00027141424999974024,-7.844657469514348,0.5625752066815549,0.5625751971589945,0.5625751948384201,0.5625751885763024,-0.14196357984807936,0.5625751690985831,1.8062156005699515,0.5625751555353133,-0.14196357984807473,-0.1419635798480734,0.5625751667490174,2.247658334201022,0.5625751547961686,-0.14196357984814473,-0.1419635798480802
8,2013-11-01 08:00:00,-4.631976647067475e-14,2.7130093023950825e-13,0.004162079474066633,0.0079171275,0.5094877108606073,0.5055291471106049,-7.766482684120561e-16,0.00395856375,56.70623570455001,75.76599821184999,-5.52212789384221e-11,66.2361169582,0.004348972063686182,57.55571920843085,57.55571920843097,57.55571920843106,57.55571920843834,57.55571920844864,57.55571920844906,57.55571920844928,57.555719208449595,57.555719208450796,57.555719208450334,57.555719208450554,57.5557192084509,57.55571920845094,57.55571920843099,57.55571920843339,57.55571920843414,0.012,0.020294266559504778,0.048,-2.9092740898477045e-14,0.001608530411346233,-6.366212453172402e-14,0.0020721063200360005,0.012,0.02028864428987887,0.048,-2.896233179060244e-14,0.0012704360138459684,-6.365886484938647e-14,0.0020747045702832587,0.004,0.004067245718272637,0.016,-2.6821976447056244e-14,0.00010951020008771772,-5.948809761835361e-14,1.908572936627474e-06,0.004,0.004067245718272637,0.016,-2.682203004986818e-14,0.00010951020008771768,-5.948795056480373e-14,1.9085729366258107e-06,0.004,0.004067245718272635,0.016,-2.6822428555078497e-14,0.00010951020008770156,-5.94710398204982e-14,1.908572936389633e-06,0.004,0.00406724571827263,0.016,-2.6822833260415172e-14,0.00010951020008767894,-5.944760220375096e-14,1.9085729360492612e-06,0.004,0.00406724571827263,0.016,-2.682292716718051e-14,0.00010951020008767837,-5.944685991832907e-14,1.9085729360236105e-06,0.004,0.0040672457182726295,0.016,-2.682295598868019e-14,0.00010951020008767496,-5.944338488913642e-14,1.9085729359747477e-06,0.004,0.0040672457182726295,0.016,-2.682299756011286e-14,0.00010951020008767515,-5.944349345889381e-14,1.9085729359812474e-06,0.004,0.004067245718272637,0.016,-2.6822028189281233e-14,0.00010951020008771789,-5.948815071371649e-14,1.908572936626417e-06,-6.560537160064021e-17,-6.781867815005493e-17,-2.0050108147333995e-17,-3.398549063831182e-17,-4.6656565955103115e-17,-6.365139631342437e-17,-6.500131013003501e-17,-6.731660208191296e-17,-6.766924302239444e-17,-2.4683904838940032e-17,3.466332604587564e-05,0.09999653366408918,0.09999653366408906,0.09999653366408606,0.09999653366408044,8.637140953432599e-12,0.09999653366407982,0.09999653365904884,0.09999653366407912,8.637141230728436e-12,8.637127289832278e-12,0.09999653366407876,0.099996533659048,0.09999653366408934,8.637055461443776e-12,8.637033436858443e-12,-3.0058348411344367e-13,-0.0018883964540468575,-0.0023047861810054767,-0.0027211759079643653,-0.0022086300045253324,-0.0027364385044399277,-0.003152828231399229,0.00041638972695935716,-0.0009289356303983074,-0.0018731338572722665,-0.00240094235718687,-0.0028173320841462205,0.0014720067267876566,0.0010556169998290382,0.0005278084999145225,0.003958563750002329,0.0029029467500020275,0.002639042500001925,0.0023751382500017855,0.0007917127500005854,0.0005278085000003918,0.00026390425000019684,0.000263904250000202,0.0013195212500010092,0.0007917127500006076,0.0005278085000004065,0.00026390425000020345,0.0007917127500002424,0.0005278085000001685,0.0002639042500000856,-7.844657318782792,0.5387545471315032,0.5387545376089427,0.5387545352883516,0.5387545290262101,-0.1726319091378279,0.538754509548489,1.9878238476246322,0.5387544959852159,-0.172631909137824,-0.17263190913782284,0.5387545071989203,2.409956859208896,0.5387544952461167,-0.17263190913788423,-0.17263190913782023
9,2013-11-01 09:00:00,-2.1705371169214072e-14,-3.52250276392537e-14,0.002959674264953669,0.008143184999999997,0.5095445354415851,0.5054729429415822,-9.584471936224662e-16,0.004071592499999999,46.45505674635001,65.51481925364999,-6.41242822729815e-11,55.984938,2.9027344344193125e-05,57.5552974266642,57.555297426664325,57.555297426664424,57.55529742667259,57.55529742668423,57.55529742668473,57.55529742668502,57.55529742668541,57.55529742668666,57.555297426686145,57.5552974266864,57.55529742668682,57.555297426686884,57.555297426664346,57.555297426666776,57.55529742666752,0.012,0.019084175624723386,0.048,-3.101227153157455e-14,0.0012527562725998184,-6.345761574962719e-14,0.001210090934827618,0.012,0.01907702666665332,0.048,-3.1029817105638455e-14,0.0012880064613497995,-6.345397238403289e-14,0.0012116176232717503,0.004,0.004000000005028542,0.016,-1.8674802850492053e-14,0.0003303435000858878,-7.396354239374428e-14,6.724571332364943e-05,0.004,0.004000000005028541,0.016,-1.8674819823428053e-14,0.0003303435000858876,-7.396331986911436e-14,6.72457133236491e-05,0.004,0.004000000005028497,0.016,-1.8675033512080083e-14,0.000330343500085866,-7.394123043958921e-14,6.724571332364699e-05,0.004,0.004000000005028431,0.016,-1.8675232422056033e-14,0.00033034350008583524,-7.391012521274967e-14,6.72457133236469e-05,0.004,0.004000000005028424,0.016,-1.8675265794492384e-14,0.0003303435000858337,-7.3908517667047e-14,6.724571332364954e-05,0.004,0.004000000005028416,0.016,-1.8675317572650132e-14,0.0003303435000858295,-7.390420607369267e-14,6.724571332364777e-05,0.004,0.004000000005028413,0.016,-1.8675307101323634e-14,0.0003303435000858292,-7.390394368871141e-14,6.724571332365063e-05,0.004,0.004000000005028542,0.016,-1.86748533515431e-14,0.000330343500085888,-7.396358478479781e-14,6.724571332364977e-05,-8.224242478645294e-17,-8.506799434452778e-17,-2.349288078741053e-17,-4.0860865828668674e-17,-5.713386463569842e-17,-7.96242425438451e-17,-8.138964606348099e-17,-8.437880641347348e-17,-8.487245151428951e-17,-2.814240034040384e-17,5.094466926268897e-07,4.365486135827593e-09,4.365485894830091e-09,4.365485897216344e-09,4.365485957844296e-09,7.399434536026115e-12,4.365485282359607e-09,0.4999997279984784,4.365485941698988e-09,7.399439390816537e-12,7.39943931229434e-12,4.36548512791742e-09,0.49999972759394523,4.365486253313694e-09,7.39941683404908e-12,7.39941316159877e-12,3.242807276251057e-14,-0.0013763375729290092,-0.001521627359500564,-0.001666917146072165,-0.0012317994209653479,-0.0017746784208746255,-0.0019199682074462889,0.00014528978657167351,-0.0005804075116784801,-0.0012685762981594398,-0.0018114552980687275,-0.0019567450846403986,0.0012310477863898828,0.0010857579998183292,0.0005428789999091676,0.004071592500002876,0.0029858345000025313,0.0027143950000024088,0.0024429555000022372,0.0008143185000007332,0.0005428790000004909,0.0002714395000002468,0.00027143950000025317,0.0013571975000012653,0.0008143185000007618,0.0005428790000005098,0.00027143950000025523,0.0008143185000002738,0.0005428790000001894,0.00027143950000009607,-7.844657318767226,0.5303904150908126,0.530390405568252,0.5303904032476597,0.5303903969855166,-0.2038794066027672,0.5303903775077955,2.0983407673572327,0.530390363944522,-0.20387940660276418,-0.20387940660276319,0.5303903751582265,2.52259048304682,0.5303903632054262,-0.20387940660281254,-0.20387940660274903
10,2013-11-01 10:00:00,0.018694513986823907,-4.695320472346291e-14,-0.017813446829439594,0.008226165000000002,0.5095653357605773,0.5054522532605696,-2.5344933437440365e-15,0.004113082500000001,38.35789974635001,57.417662253649986,-5.94191709724079e-11,47.887781,2.9323136318410736e-05,57.4176622536357,57.417662253636,57.41766225363628,57.41766225365964,57.417662253694196,57.41766225369593,57.41766225369705,57.417662253698595,57.41766225370152,57.41766225370008,57.41766225370108,57.417662253702616,57.41766225370304,57.41766225363603,57.417662253638476,57.41766225363925,0.012,0.02799647969931841,0.048,-2.8325494867497392e-14,0.0011801358525958326,-6.438650548410185e-14,-0.008912304074545453,0.012,0.027978169462313764,0.048,-2.8556279014077836e-14,0.0017689939888462247,-6.436753294165966e-14,-0.008901142795611128,0.004,0.004000000000023267,0.016,-2.7736943166154912e-14,0.000549496000094669,-6.460416123001971e-14,5.057063069032366e-12,0.004,0.004000000000023267,0.016,-2.773696262546645e-14,0.0005494960000946682,-6.460340075448077e-14,5.057061052109084e-12,0.004,0.004000000000023228,0.016,-2.7737020689346213e-14,0.0005494960000946021,-6.453709193074676e-14,5.0569237669085705e-12,0.004,0.00400000000002317,0.016,-2.7737024428162094e-14,0.0005494960000945045,-6.443947517164052e-14,5.056720688794999e-12,0.004,0.004000000000023168,0.016,-2.7737057598991306e-14,0.0005494960000944967,-6.443166288211944e-14,5.056699040121917e-12,0.004,0.004000000000023157,0.016,-2.7737052606576535e-14,0.0005494960000944842,-6.441916432557422e-14,5.05667838839701e-12,0.004,0.004000000000023186,0.016,-2.773707043511959e-14,0.0005494960000944812,-6.441614777072208e-14,5.056639953124387e-12,0.004,0.004000000000023267,0.016,-2.7736982111361766e-14,0.0005494960000946691,-6.460419723345699e-14,5.057063723950773e-12,-2.261858024078477e-16,-2.348980861422053e-16,-5.330615154741493e-17,-1.0050296605473543e-16,-1.4815016019581867e-16,-2.180409169042146e-16,-2.233479810422835e-16,-2.3261292371674775e-16,-2.342831499921667e-16,-5.795114422872559e-17,5.093529292673454e-07,5.319283531219307e-11,5.319283525159222e-11,5.319283524629938e-11,5.319283522090709e-11,7.34379706831224e-12,5.319283509518253e-11,0.4999997450877057,5.319283501436747e-11,7.343791926325636e-12,7.343796922964019e-12,5.3192835059450654e-11,0.499999745097103,5.319283498333181e-11,7.343957069701276e-12,7.343963828412124e-12,0.01869451398688859,0.017599861997403373,0.017600947002572837,0.017602032007742026,0.008827905216675794,0.00827949421676331,0.008280579221932064,-1.0850051687084426e-06,0.00877521179623502,0.008227885801491216,0.007679474801578698,0.007680559806747362,0.0010957369946546784,0.001096821999824142,0.0005484109999120736,0.004113082500007604,0.003016260500006901,0.0027420550000066,0.0024678495000061552,0.0008226165000020125,0.0005484110000013486,0.0002742055000006785,0.0002742055000006978,0.0013710275000034888,0.0008226165000021018,0.0005484110000014075,0.00027420550000070465,0.000822616500000542,0.0005484110000003683,0.0002742055000001855,-6.7712620286582705,0.5304507586706958,0.5304507491481351,0.530450746827535,0.5304507405653802,-0.23536983904972483,0.5304507210876579,1.622901973007568,0.5304507075243832,-0.23536983904972442,-0.23536983904972403,0.5304507187380855,2.08160340082386,0.5304507067853095,-0.23536983904973346,-0.2353698390496704
11,2013-11-01 11:00:00,0.10051229095973722,-4.6799089526906464e-14,-0.09930309515348298,0.008205142499999998,0.5095598445083128,0.5054572732582916,-7.07776759754103e-15,0.004102571249999999,28.253587746350007,47.313350253649986,-5.3837580227256154e-11,37.783469,0.007197376358945466,47.31335025364777,47.313350253648586,47.31335025364937,47.313350253716244,47.31335025381629,47.3133502538211,47.313350253824204,47.31335025382824,47.31335025383825,47.3133502538337,47.31335025383655,47.313350253840966,47.31335025384199,47.31335025364863,47.31335025365118,47.313350253651976,0.012,0.0379267892224992,0.048,-2.842927405028007e-14,0.0010175997963411175,-5.916198676271785e-14,-0.009930309523137138,0.012,0.03790847898548937,0.048,-2.881483261311819e-14,0.002014218896341799,-5.912238288337384e-14,-0.009930309523132381,0.004,0.013930309513504041,0.016,-2.7559735507632625e-14,0.000495516000090071,-5.975474277295072e-14,-0.009930309513430257,0.004,0.013930309513504036,0.016,-2.755975071403992e-14,0.0004955160000900688,-5.975249303602962e-14,-0.009930309513430257,0.004,0.013930309513504012,0.016,-2.7559810379573593e-14,0.0004955160000898753,-5.955882998152667e-14,-0.009930309513430574,0.004,0.013930309513503993,0.016,-2.7559817018233447e-14,0.0004955160000895859,-5.926953271379265e-14,-0.009930309513431056,0.004,0.013930309513503996,0.016,-2.7559848996208526e-14,0.0004955160000895632,-5.924671612190795e-14,-0.00993030951343109,0.004,0.013930309513503993,0.016,-2.7559839897939412e-14,0.0004955160000895228,-5.920624784744126e-14,-0.009930309513431166,0.004,0.01393030951350408,0.016,-2.7559855923790507e-14,0.0004955160000895149,-5.919837483778725e-14,-0.009930309513431202,0.004,0.013930309513504041,0.016,-2.7559766965835796e-14,0.0004955160000900711,-5.975471405972049e-14,-0.00993030951343026,-6.398486158079319e-16,-6.672184973677327e-16,-1.3929998803444113e-16,-2.7243588133080534e-16,-4.1045325924344817e-16,-6.168141857634236e-16,-6.318348690770779e-16,-6.60769937918724e-16,-6.653974373353499e-16,-1.4399754595177014e-16,5.587431713541118e-05,0.09999441532519487,0.09999441532519912,0.09999441532514945,0.09999441532506612,1.1743799726930618e-11,0.09999441532507096,0.0999944015078452,0.09999441532504486,1.174365204540279e-11,1.1743648195668915e-11,0.09999441532505,0.09999440151532982,0.09999441532519104,1.174588320282284e-11,1.1745924151619847e-11,0.10051229095979851,0.07945466593329838,0.06947286291997269,0.05949105990664628,0.019988531740035228,0.019441522240109588,0.009459719226782046,0.009981803013327697,0.029520725153283592,0.018991912640030157,0.018444903140104402,0.008463100126776651,0.011075822013174445,0.001094018999848749,0.000547009499924377,0.004102571250021233,0.003008552250019498,0.002735047500018681,0.0024615427500174498,0.0008205142500056933,0.0005470095000038149,0.0002735047500019195,0.0002735047500019823,0.0013675237500099062,0.0008205142500059687,0.0005470095000039977,0.00027350475000200163,0.0008205142500013166,0.0005470095000008848,0.0002735047500004438,-2.015688399532965,0.058418088885071384,0.05841807936250282,0.05841807704121982,0.058418070778042896,-0.26173051620371024,0.05841805130024019,1.1755708361753385,0.05841803773682147,-0.26173051620371773,-0.2617305162037191,0.058418048950494794,1.6814256525397826,0.05841803699968445,-0.2617305162036123,-0.2617305162035497
12,2013-11-01 12:00:00,0.038066371494938106,-4.679485338079429e-14,-0.03597182160621547,0.00862005,0.5096644458783331,0.5053544208783218,-3.765005637291845e-15,0.004310025,30.848204704550014,49.90796721184999,-4.890583077399313e-11,40.3780859582,0.002991420547394451,49.90796721184325,49.907967211843676,49.90796721184407,49.90796721187749,49.90796721192711,49.90796721192957,49.90796721193118,49.90796721193331,49.90796721193777,49.907967211935635,49.907967211937084,49.90796721193928,49.90796721193987,49.9079672118437,49.90796721184623,49.90796721184702,0.012,0.047926789222448,0.048,-2.8299031189955037e-14,0.0011221164663424014,-6.077579713520389e-14,-0.009999999999904677,0.012,0.04790847898543819,0.048,-2.851449410128932e-14,0.0016152116438429127,-6.075603692693727e-14,-0.00999999999990493,0.004,0.015926791023634545,0.016,-2.7591464400128515e-14,0.0004735215000911251,-6.096392740726091e-14,-0.001996481510084821,0.004,0.015926789704645644,0.016,-2.7591327775381816e-14,0.00047352150009112375,-6.096290620304285e-14,-0.0019964801910959244,0.004,0.015926789383492516,0.016,-2.7591541201970918e-14,0.00047352150009102303,-6.086169845787865e-14,-0.00199647986994302,0.004,0.015926788516544693,0.016,-2.759196845882584e-14,0.00047352150009087374,-6.07115399276301e-14,-0.001996479002995519,0.004,0.01592678581850572,0.016,-2.7588636154741297e-14,0.00047352150009085823,-6.07027733266702e-14,-0.001996476304956562,0.004,0.015926783940108526,0.016,-2.7591880276771238e-14,0.00047352150009084164,-6.067966832275477e-14,-0.001996474426559416,0.004,0.01592678549113751,0.016,-2.7561457232162248e-14,0.0004735215000908066,-6.070555788119977e-14,-0.001996475977588233,0.004,0.015926783836976353,0.016,-2.759160682238034e-14,0.00047352150009112527,-6.096382214325248e-14,-0.0019964743234266256,-3.383575143105034e-16,-3.519972852955651e-16,-7.653054866349617e-17,-1.4701345303674278e-16,-2.192130834946338e-16,-3.261327256577508e-16,-3.340919235079449e-16,-3.4857006497190467e-16,-3.510580648472181e-16,-8.114398855099977e-17,2.43959039153553e-05,0.12499695047884933,0.12499695047884819,0.12499695047884808,0.1249969504788447,8.89363317712224e-12,0.12499695047884508,1.1041875325637552e-10,0.12499695047884583,8.893593016941262e-12,8.893607377590084e-12,0.1249969504788443,1.1042154023999869e-10,0.12499695047884922,8.894359453746507e-12,8.894392715594463e-12,0.03806637149500018,0.03272177866186054,0.030624149970871012,0.028526521601034197,0.012124848338319115,0.011550178338397953,0.009452553533547266,0.0020976229264535774,0.014304045759825466,0.01163175283345068,0.011057082833529462,0.008959458356047027,0.003246962823161236,0.001149339999841017,0.0005746699999205107,0.004310025000011295,0.0031606850000103145,0.0028733500000098734,0.002586015000009216,0.0008620050000030104,0.0005746700000020174,0.0002873350000010151,0.0002873350000010457,0.001436675000005227,0.0008620050000031492,0.0005746700000021091,0.00028733500000105596,0.0008620050000007507,0.0005746700000005073,0.000287335000000255,-0.1158731061090057,-0.046095870469784805,-0.04609581416429957,-0.046095800457564076,-0.04609576345325754,-0.29061055575542094,-0.04609564827742932,0.7036136763140722,-0.04609556809387841,-0.29061055575543243,-0.2906105557554347,-0.0460956342889066,1.234077870629504,-0.04609556368367017,-0.2906105557552675,-0.29061055575520534
13,2013-11-01 13:00:00,0.0033823496887860956,-4.8958290347206474e-14,-3.262279653371991e-05,0.008245319999999997,0.5095704650028676,0.5054478050028641,-1.1701923839884414e-15,0.0041226599999999985,57.920316767250014,76.98007927455,-1.0739523159664088e-10,67.4501980209,0.00434725580404395,76.98007927446854,76.9800792744687,76.9800792744688,76.98007927447937,76.9800792744946,76.98007927449528,76.9800792744957,76.98007927449628,76.9800792744978,76.98007927449713,76.9800792744975,76.9800792744981,76.98007927449821,76.98007927446871,76.98007927447115,76.98007927447192,0.012,0.04792997183434193,0.048,-3.15385360098346e-14,0.001148805280108235,-7.10286979785695e-14,-3.182611834774666e-06,0.012,0.047912457578259224,0.048,-7.83904293864764e-14,0.0012598558264051423,-2.4210122504251804e-14,-3.9785929023794625e-06,0.004,0.015929973557193246,0.016,3.730797370727078e-15,0.0003108665000713534,-1.0458616932094526e-13,-3.18253339716177e-06,0.004,0.015929972295542487,0.016,4.641600239059118e-15,0.00031086650007044233,-1.0549674566606935e-13,-3.1825907325714293e-06,0.004,0.015929971988349067,0.016,5.808205380198567e-15,0.00031086650006924835,-1.0663596375522164e-13,-3.182604688836812e-06,0.004,0.015929971159079005,0.016,1.3164324509692062e-14,0.0003108665000618529,-1.1395273068117153e-13,-3.182642344604905e-06,0.004,0.015929968578352684,0.016,-1.227384345970839e-14,0.00031086650008728894,-8.851238557042694e-14,-3.182759733573882e-06,0.004,0.01592996678158942,0.016,1.2370679704827132e-14,0.00031086650006263906,-1.1315159131505928e-13,-3.1828412935822263e-06,0.004,0.015929968265241828,0.016,-8.576222489213733e-14,0.00031086650016077144,-1.5018161002334355e-14,-3.1827742114073432e-06,0.004,0.015929966682940645,0.016,1.2251076243123503e-14,0.00031086650006283324,-1.1310653909814916e-13,-3.1828457771950448e-06,-1.0142277265031163e-16,-1.0503132946840139e-16,-2.7664998854326043e-17,-4.904506167479873e-17,-6.945944104830213e-17,-9.807264196564146e-17,-1.0031790285801431e-16,-1.0412865489625453e-16,-1.04778542701629e-16,-3.242874373769631e-17,3.32547887785928e-05,0.09999667451818811,0.09999667451818832,0.0999966745181898,0.09999667451818918,5.879762309714672e-12,0.09999667451818942,0.09999667451815603,0.09999667451818882,5.879763441402344e-12,5.87976164915191e-12,0.09999667451818957,0.09999667451815553,0.09999667451818783,5.879750086212764e-12,5.879726382217226e-12,0.003382349688860758,0.0017989653101154232,0.001556961219478998,0.001314957114885086,0.00019575759118971062,-0.0003539304086784431,-0.0005959346682990935,0.00024200434120531382,0.0008771953814382602,8.550304036478157e-05,-0.00046418495950338454,-0.0007061892335283916,0.0013413803454452302,0.0010993759997565728,0.0005496879998885688,0.004122660000003511,0.003023284000003115,0.0027484400000029677,0.0024735960000027593,0.0008245320000009037,0.0005496880000006052,0.0002748440000003043,0.0002748440000003124,0.0013742200000015615,0.0008245320000009404,0.0005496880000006294,0.00027484400000031507,0.0008245320000003129,0.0005496880000002155,0.0002748440000001092,0.14450058563856427,-0.0645804660779164,-0.06458041418625579,-0.06458040155405687,-0.06458036744963058,-0.3332153986190344,-0.0645802613064983,0.7496336683847973,-0.06458018740523809,-0.33321539861904703,-0.3332153986190495,-0.06458024842116665,1.2885852678755612,-0.06458018334015327,-0.33321539861886557,-0.33321539862038657
14,2013-11-01 14:00:00,0.004886917152664607,-4.9545813180036484e-14,7.00198030865804e-05,0.009049620000000001,0.509773324878115,0.5052485148781112,-1.260042169240358e-15,0.004524810000000001,68.79811874635001,87.85788125364999,-1.204235322571634e-10,78.328,1.4426412554105018e-05,87.85788125359377,87.85788125359396,87.8578812535941,87.85788125360575,87.85788125362262,87.85788125362339,87.85788125362386,87.85788125362448,87.85788125362618,87.85788125362545,87.85788125362586,87.85788125362652,87.85788125362664,87.85788125359397,87.85788125359652,87.85788125359731,0.012,0.04792314084895202,0.048,-2.770666136818639e-14,0.0012640828901088115,-7.957451825850128e-14,6.830985469411276e-06,0.012,0.04790391814313154,0.048,-5.447922926855904e-14,0.0014081441526356934,-5.2883818199672356e-14,8.539435127048348e-06,0.004,0.01592314273989724,0.016,-2.6580662865613698e-14,0.0001775570001042443,-7.715935306940062e-14,6.830817371812501e-06,0.004,0.015923141355186694,0.016,-2.7146741235491435e-14,0.00017755700010481018,-7.659307606627691e-14,6.8309404298984005e-06,0.004,0.015923141018025506,0.016,-2.7017713034425397e-14,0.00017755700010465165,-7.669257080992077e-14,6.830970397998721e-06,0.004,0.0159231401078542,0.016,-2.6422509158354448e-14,0.0001775570001040137,-7.724504432470587e-14,6.831051300935555e-06,0.004,0.015923137275457955,0.016,-2.9941101834843923e-14,0.00017755700010752982,-7.37240032113148e-14,6.831302960301906e-06,0.004,0.01592313530335685,0.016,-2.6378882779680388e-14,0.00017755700010396193,-7.728051685536248e-14,6.831478308814413e-06,0.004,0.015923136931864118,0.016,-2.311944044065487e-14,0.00017755700010070195,-8.053945219441403e-14,6.831333463735226e-06,0.004,0.015923135195085248,0.016,-2.6376812228836078e-14,0.0001775570001040406,-7.73633377740446e-14,6.831487931816407e-06,-1.0948517619320913e-16,-1.1342679914517722e-16,-2.948629756140653e-17,-5.252776828875256e-17,-7.468733112981985e-17,-1.0584088683204726e-16,-1.0828223409443388e-16,-1.1244575881358042e-16,-1.131503331912886e-16,-3.438407306246321e-17,1.1961177117425012e-07,0.0999999881095308,0.09999998807011597,0.0999999880348464,0.09999998800472346,4.258262914532745e-12,0.09999998798789607,0.09999998805490681,0.0999999879865047,4.2582616496462605e-12,4.258259477631753e-12,0.09999998797324765,0.09999998804058957,0.09999998810457614,4.258254061302768e-12,4.258247523815877e-12,0.004886917152743763,0.0028424614585622495,0.002423541399126568,0.0020046213696587986,0.00035462182117051815,-0.00024868617870512207,-0.0006676058756077556,0.0004189195215576946,0.001231079599922767,0.0002088520784894193,-0.00039445592138623585,-0.0008133755877922703,0.0016255355116871796,0.001206615999752647,0.0006033079998771719,0.004524810000003781,0.0033181940000033606,0.003016540000003203,0.0027148860000029786,0.0009049620000009755,0.0006033080000006533,0.00030165400000032845,0.00030165400000033734,0.001508270000001686,0.0009049620000010155,0.0006033080000006798,0.00030165400000034027,0.000904962000000331,0.0006033080000002279,0.0003016540000001154,0.5738547725396004,-0.10138542485537104,-0.10138536215198889,-0.10138534688688422,-0.1013853056746094,-0.3862217229974962,-0.10138517742060088,0.8082885869988257,-0.10138508811421881,-0.3862217229975103,-0.38622172299751306,-0.10138516185650222,1.3600472045554186,-0.1013850832036626,-0.38622172299730834,-0.3862217229989785
15,2013-11-01 15:00:00,-9.80866881833419e-15,-4.282893513048068e-14,0.006675362561016454,0.010439010000000004,0.510124051227575,0.5049045462275721,-9.561359768130644e-16,0.005219505000000002,77.99186676725002,97.05162927455,-1.3802552156771952e-10,87.5217480209,1.664130304887751e-05,90.41664907367874,90.41664907367887,90.41664907367897,90.41664907368697,90.41664907369827,90.41664907369872,90.41664907369896,90.41664907369929,90.41664907370063,90.41664907370013,90.41664907370033,90.41664907370071,90.41664907370073,90.41664907367888,90.4166490736816,90.41664907368245,0.012,0.04463065243697787,0.048,-2.907999693876948e-14,0.0016953602963642668,-8.247279723212743e-14,0.0032924884120580306,0.012,0.04461544818627494,0.048,-2.91229024624157e-14,0.0018408650613643948,-8.246439681162333e-14,0.003288469956940417,0.004,0.015911342830051887,0.016,-4.220824704375482e-15,2.8427760064996436e-05,-8.256454547160931e-14,1.179990995420841e-05,0.004,0.015911341232735722,0.016,-4.220348714299934e-15,2.8427760064995948e-05,-8.256500458750272e-14,1.180012255983237e-05,0.004,0.01591134084381287,0.016,-4.220969914596925e-15,2.84277600649761e-05,-8.254391459509974e-14,1.1800174321450343e-05,0.004,0.015911339793915263,0.016,-4.222023427655042e-15,2.842776006494787e-05,-8.251358048933147e-14,1.1800314047692005e-05,0.004,0.015911336526576055,0.016,-4.216309080354959e-15,2.8427760064940867e-05,-8.251800543205525e-14,1.1800748990668502e-05,0.004,0.01591133425178246,0.016,-4.221932348063605e-15,2.8427760064942453e-05,-8.25083439662791e-14,1.1801051683137206e-05,0.004,0.0159113361301442,0.016,-4.198135839795067e-15,2.842776006491896e-05,-8.253244660953335e-14,1.1800801828735785e-05,0.004,0.01591133412688788,0.016,-4.22116266018372e-15,2.8427760064997022e-05,-8.256445331925231e-14,1.1801068306224137e-05,-8.152469683663683e-17,-8.433994371427347e-17,-2.3883704205935794e-17,-4.111114400080382e-17,-5.716694136345474e-17,-7.900135121825507e-17,-8.073319537559587e-17,-8.370659532355981e-17,-8.414869422257228e-17,-2.896653625150136e-17,1.1714715752842522e-07,0.09999998834665454,0.09999998831494654,0.0999999882862769,0.09999998826155558,3.571683354226181e-12,0.09999998824808846,0.09999998828134847,0.09999998824729488,3.571681127599365e-12,3.5716789464119334e-12,0.09999998823619011,0.09999998826987684,0.09999998834275171,3.571672627250633e-12,3.57167154034552e-12,6.648924652899908e-14,-0.00270327950121186,-0.003358985618553562,-0.004014691684133688,-0.0029402752176767807,-0.00363620921754474,-0.004291914708455714,0.0006557051882185072,-0.0017301223923108485,-0.0030817615803973245,-0.003777695580265294,-0.004433401018338226,0.0020475731713310236,0.0013918679997357137,0.0006959339998678601,0.005219505000002869,0.003827637000002514,0.0034796700000023907,0.003131703000002219,0.0010439010000007271,0.0006959340000004869,0.0003479670000002446,0.0003479670000002511,0.0017398350000012548,0.0010439010000007555,0.0006959340000005055,0.0003479670000002531,0.0010439010000002833,0.0006959340000001964,0.0003479670000000997,0.5738547725445354,-0.160671639286192,-0.1606715573597224,-0.16067153741451132,-0.16067148356866556,-0.4491468526682592,-0.1606713159885723,1.1963496877469426,-0.16067119931375157,-0.4491468526682745,-0.4491468526682775,-0.16067129564703728,1.7609010233329225,-0.16067119290017587,-0.4491468526680577,-0.4491468526697286
16,2013-11-01 16:00:00,-4.676701322027069e-14,0.0274527643114,0.03529070574927256,0.0122540474999985,0.5105829258724587,0.5044559021224617,7.772426094156453e-16,0.00612702374999925,100.19785574635002,119.25761825365,-1.451340991831529e-10,109.727737,2.1840501446053986e-05,100.19785574635958,100.19785574635954,100.19785574635947,100.19785574635245,100.19785574634118,100.19785574634045,100.1978557463399,100.19785574633919,100.19785574633859,100.19785574633906,100.19785574633855,100.19785574633782,100.19785574633751,100.19785574635958,100.19785574636246,100.19785574636337,0.012,0.0346306524370044,0.048,-2.909995547955323e-14,0.002019736663861916,-8.008885597892152e-14,0.010000000000050932,0.012,0.03461544818630149,0.048,-2.916258427640126e-14,0.0023931462613620987,-8.009653293214347e-14,0.010000000000050873,0.004,0.013999999999997393,0.016,1.5078932289893402e-12,4.02892038139966e-07,-8.004408942020551e-14,0.0019113428316700955,0.004,0.013999999999997393,0.016,1.5078860957272667e-12,4.0289203815441306e-07,-8.004426974834878e-14,0.0019113412343539238,0.004,0.013999999999997405,0.016,1.5078463414265181e-12,4.0289203826325563e-07,-8.007360333746883e-14,0.0019113408454310796,0.004,0.01399999999999742,0.016,1.5078006252891589e-12,4.0289203839978273e-07,-8.011869962800352e-14,0.001911339795533502,0.004,0.01399999999999743,0.016,1.5077979294950872e-12,4.028920384066574e-07,-8.012018125312061e-14,0.0019113365281942872,0.004,0.013999999999997424,0.016,1.5077976517584365e-12,4.0289203841671047e-07,-8.012967932790634e-14,0.0019113342534007103,0.004,0.013999999999997532,0.016,1.5077478926346539e-12,4.02892038482656e-07,-8.009610719250584e-14,0.0019113361317622266,0.004,0.013999999999997393,0.016,1.5078830372078388e-12,4.028920381603504e-07,-8.004409021019827e-14,0.0019113341285060793,7.717287297798525e-17,8.116709785511215e-17,8.350722576123072e-18,2.4053255372324897e-17,4.277117763033025e-17,7.370896327743269e-17,7.584099640148361e-17,8.008626689294235e-17,8.089305399050048e-17,2.717319939057168e-18,1.3814333844468862e-07,0.12499998277083371,0.12499998274469375,0.12499998272261194,0.12499998270520629,2.719212818287192e-12,0.12499998269752005,2.72345123655518e-11,0.12499998269242088,2.7192152895885914e-12,2.719214717064798e-12,0.12499998268885161,2.723474796055567e-11,0.12499998276645816,2.7191436444767932e-12,2.719144183520983e-12,-0.027452764311416227,-0.026897027566852718,-0.02580221994043,-0.024707412702929994,-0.011480666584332102,-0.012297603084206979,-0.011202800163943566,-0.00109480064546985,-0.012131939930995273,-0.011854075785400282,-0.012671012285275134,-0.011576209761443699,0.0005390724791753593,0.0016338729997502366,0.000816936499875122,0.006127023749996917,0.004493150749997142,0.004084682499997265,0.003676214249997443,0.0012254047499991659,0.0008169364999994409,0.00040846824999971846,0.0004084682499997097,0.002042341249998548,0.0012254047499991251,0.0008169364999994137,0.0004084682499997064,0.0012254047499998505,0.0008169364999999088,0.00040846824999995606,-2.1768533457695995,-0.050972828598425834,-0.05097290671961084,-0.050972925743635,-0.05097297709527879,-0.5310035942762069,-0.0509731368955699,2.3188447864843034,-0.05097324815018932,-0.5310035942762207,-0.5310035942762231,-0.05097315627566973,2.920810963054879,-0.05097325425078035,-0.53100359427603,-0.5310035942777018
17,2013-11-01 17:00:00,-4.674571811282597e-14,0.09042893918755368,0.09891345917835777,0.012793762499999996,0.5107195298533923,0.5043226486034035,3.727535686789371e-15,0.006396881249999998,113.21988868365001,132.27965119094998,-1.840045477097263e-10,122.7497699373,0.02476818994736071,113.21988868365254,113.21988868365217,113.21988868365177,113.21988868361771,113.2198886835659,113.21988868356325,113.21988868356146,113.21988868355923,113.21988868355423,113.21988868355666,113.219888683555,113.21988868355248,113.21988868355183,113.21988868365219,113.21988868365506,113.21988868365598,0.012,0.024630652442640705,0.048,-2.901437918214414e-14,0.002015729361366366,-8.467689065770816e-14,0.009999999994444862,0.012,0.02461544819194753,0.048,-2.9063243583821814e-14,0.0022935131463664893,-8.470205439196357e-14,0.009999999994435096,0.004,0.0041358176009235696,0.016,-2.211758702417314e-14,9.7505831509557e-14,-8.442430553010383e-14,0.009864182399157043,0.004,0.0041358176009742,0.016,-2.2118825712495088e-14,9.750964451086845e-14,-8.442549488995544e-14,0.009864182399106414,0.004,0.004135817601278248,0.016,-2.2096641795150737e-14,9.757758092020868e-14,-8.453649345819631e-14,0.00986418239880254,0.004,0.004135817601721745,0.016,-2.2059700038702825e-14,9.767171771104417e-14,-8.470289464673325e-14,0.009864182398359312,0.004,0.0041358176018797994,0.016,-2.2055242029421307e-14,9.767715688635028e-14,-8.471723726502889e-14,0.009864182398201287,0.004,0.004135817601833438,0.016,-2.2049626040800807e-14,9.769020455500478e-14,-8.474129802474753e-14,0.009864182398247684,0.004,0.004135817601990055,0.016,-2.205005203134085e-14,9.769683313603216e-14,-8.474688007360943e-14,0.009864182398091144,0.004,0.004135817600897887,0.016,-2.211995701014383e-14,9.751093956604257e-14,-8.44244494956217e-14,0.009864182399182726,3.45875930256226e-16,3.6184754003057793e-16,6.417970881579256e-17,1.3581501585427127e-16,2.1331638534704685e-16,3.3274902625185926e-16,3.412082329860361e-16,3.5811302937640463e-16,3.607998897267155e-16,5.846387411280032e-17,0.00014703035068788496,0.12498161942816259,0.12498161947475458,0.12498161975457743,0.12498162016273982,2.902144939797244e-12,0.12498162030818555,5.208861217432875e-09,0.12498162026553161,2.9021553281275408e-12,2.902156165307118e-12,0.12498162040962191,5.217838120541323e-09,0.1249816194045288,2.9019675116853953e-12,2.901968049142714e-12,-0.09042893918756588,-0.07411224438869235,-0.0651009794894539,-0.056089714590519126,-0.019321159254315514,-0.02017407675417986,-0.011162811855846064,-0.009011264898380228,-0.02775729043771182,-0.019598943039195876,-0.02045186053906015,-0.011440595640836448,-0.007305429899584457,0.001705834999730311,0.0008529174998651594,0.006396881249988816,0.00469104624998951,0.004264587499989918,0.0038381287499905576,0.001279376249996925,0.0008529174999979387,0.0004264587499989623,0.0004264587499989257,0.002132293749994631,0.0012793762499967642,0.000852917499997832,0.00042645874999891443,0.0012793762499994992,0.0008529174999996747,0.0004264587499998391,-12.41520413269485,0.9707259360112859,0.9707258578855192,0.9707258388337098,0.9707257874415177,-0.6292220313380825,0.9707256276268965,3.5810458896510355,0.9707255163764074,-0.6292220313380891,-0.6292220313380897,0.9707256082367568,4.214462715436452,0.9707255103612547,-0.6292220313380066,-0.6292220313396794
18,2013-11-01 18:00:00,-4.6886843959515434e-14,0.004959761789217692,0.015197264238956284,0.012662017499999996,0.5106861661169324,0.5043551573669309,-5.025057149597333e-16,0.006331008749999998,90.41664870455001,109.47641121184999,-1.1812927025456332e-10,99.9465299582,2.1103763060248456e-05,90.4166487046054,90.41664870460549,90.41664870460556,90.41664870461057,90.41664870461729,90.41664870461746,90.4166487046175,90.41664870461757,90.41664870461865,90.41664870461832,90.41664870461837,90.41664870461848,90.41664870461838,90.41664870460552,90.4166487046085,90.41664870460944,0.012,0.017145442132588406,0.048,-2.877311541954402e-14,0.0011477791588578386,-7.65577713689366e-14,0.007485210310125123,0.012,0.01713937356811529,0.048,-2.883388780079061e-14,0.001276735890108019,-7.656650278630885e-14,0.007476074623905027,0.004,0.004106320188019509,0.016,-2.720924112085912e-14,9.581814000945607e-14,-7.235294610254982e-14,2.9497412969509018e-05,0.004,0.004106320188114234,0.016,-2.7210341021464688e-14,9.582016610723698e-14,-7.235268614373603e-14,2.9497412925413808e-05,0.004,0.004106320188289595,0.016,-2.7213949328834425e-14,9.582391033668916e-14,-7.234888858752926e-14,2.9497413054088534e-05,0.004,0.004106320188540137,0.016,-2.7217170976886582e-14,9.582661349644262e-14,-7.234481443617494e-14,2.949741324703347e-05,0.004,0.004106320188881514,0.016,-2.7217091397236642e-14,9.582649072101369e-14,-7.234487477128479e-14,2.9497413063710863e-05,0.004,0.004106320188603213,0.016,-2.7216456938266867e-14,9.582552646407507e-14,-7.234517352176412e-14,2.9497413295650777e-05,0.004,0.004106320188996994,0.016,-2.721819312632633e-14,9.582925114816029e-14,-7.234529459990104e-14,2.9497413058485113e-05,0.004,0.004106320187958431,0.016,-2.721038027088704e-14,9.582076423009961e-14,-7.23531742595486e-14,2.949741300490354e-05,-3.951985108801578e-17,-4.057202537940154e-17,-1.5840188253254278e-17,-2.4386172846364143e-17,-3.115980052314627e-17,-3.8679869274684484e-17,-3.9344677000070647e-17,-4.0438419662595105e-17,-4.050845164423191e-17,-2.143983977759512e-17,1.181977214424814e-07,0.09885534376481211,0.09885534385291975,0.09885534401572928,0.09885534424831081,2.9322195883301545e-12,0.0988553445657988,0.10457856427413209,0.09885534430688128,2.9322189060415454e-12,2.9322170884749674e-12,0.09885534467313593,0.10457856437789445,0.09885534370800297,2.9321795435605155e-12,2.932179606528947e-12,-0.004959761789237146,-0.008277304962783612,-0.009091942049734946,-0.009906579136557608,-0.006130083382313637,-0.006974217882197333,-0.0077888549690103785,0.0008146370865811081,-0.004591132840873694,-0.006249904427338499,-0.007094038927222196,-0.007908676014040465,0.0025029060866392267,0.0016882689997673838,0.0008441344998836956,0.006331008750001508,0.0046427397500012416,0.004220672500001169,0.003798605250001076,0.001266201750000354,0.0008441345000002366,0.00042206725000011857,0.00042206725000012134,0.0021103362500006057,0.0012662017500003641,0.0008441345000002432,0.00042206725000012177,0.0012662017500002182,0.0008441345000001537,0.0004220672500000785,-12.863649172050817,0.8970698599958432,0.8970697818660917,0.8970697628259166,0.89706971145117,-0.7055472507960097,0.8970695516199798,4.285288853269565,0.8970694403904554,-0.705547250796017,-0.7055472507960178,0.8970695322293694,4.929539496390894,0.8970694343490112,-0.7055472507959268,-0.7055472507976005
19,2013-11-01 19:00:00,1.2470585598809016e-13,-4.595921032360358e-14,0.010151191883271082,0.011588145000000001,0.5104144289004168,0.5046203564004136,-1.033942047959595e-15,0.0057940725000000005,72.90054970455002,91.96031221185,-1.2902467982911503e-10,82.4304309582,0.010569467733439537,90.41660192483286,90.416601924833,90.41660192483312,90.41660192484167,90.41660192485378,90.41660192485426,90.41660192485452,90.41660192485487,90.4166019248563,90.41660192485574,90.41660192485597,90.41660192485637,90.41660192485637,90.41660192483305,90.41660192483589,90.41660192483678,0.012,0.012422571633917188,0.048,-2.8364352131524413e-14,0.0004547425763575418,-7.702848303287988e-14,0.0047228704987449625,0.012,0.012422271231428188,0.048,-2.9259593263122343e-14,0.000982210538859289,-7.703487425299335e-14,0.004717102336759965,0.004,0.0040174178074869815,0.016,-1.9683930142660528e-14,9.282099775668955e-14,-8.439670541857266e-14,8.890238062959328e-05,0.004,0.0040174178075214565,0.016,-1.968381176326025e-14,9.28218946154708e-14,-8.439777776836876e-14,8.890238068984484e-05,0.004,0.004017417807558989,0.016,-1.9689917898165666e-14,9.281495598850332e-14,-8.437854015996448e-14,8.89023808276293e-05,0.004,0.004017417807607928,0.016,-1.9697247173632372e-14,9.28025104472028e-14,-8.435142870664334e-14,8.89023810291699e-05,0.004,0.004017417807712055,0.016,-1.9695317175804744e-14,9.280136969256254e-14,-8.435411504822308e-14,8.890238126642769e-05,0.004,0.004017417807622519,0.016,-1.9698511641945426e-14,9.280048179705254e-14,-8.434685456832171e-14,8.890238107764493e-05,0.004,0.004017417807742923,0.016,-1.9696019769242485e-14,9.280028711321088e-14,-8.435158670348164e-14,8.890238135103477e-05,0.004,0.004017417807469682,0.016,-1.9685015752969208e-14,9.282263755670408e-14,-8.439611206912368e-14,8.890238058581218e-05,-8.834911000879769e-17,-9.138021283991489e-17,-2.5655059394066352e-17,-4.432443946862517e-17,-6.175437670415662e-17,-8.557712602213452e-17,-8.74704768366495e-17,-9.068010843545994e-17,-9.117149634038271e-17,-3.1004621886269363e-17,0.00011203295804461386,0.017695707995502817,0.017695708030577535,0.017695708068786387,0.01769570811861139,3.670789902013485e-12,0.017695708224553294,0.4293137488089374,0.017695708133463967,3.6707882376020115e-12,3.670786283775035e-12,0.017695708255964608,0.42900855340930155,0.017695707977902386,3.670779296712426e-12,3.6707760558772854e-12,1.992224600510448e-13,-0.002912367238104796,-0.0035960078572935725,-0.004279648476344594,-0.002948886456637528,-0.0037214294565187335,-0.0044050700751310035,0.0006836406188010585,-0.002014402638556592,-0.0034705862572388655,-0.004243129257120082,-0.004926769875647751,0.0022287266190549907,0.0015450859997621835,0.0007725429998810953,0.005794072500003101,0.004248986500002722,0.003862715000002589,0.0034764435000024037,0.0011588145000007877,0.0007725430000005275,0.0003862715000002651,0.00038627150000027197,0.0019313575000013592,0.0011588145000008185,0.0007725430000005478,0.00038627150000027414,0.0011588145000003029,0.0007725430000002098,0.0003862715000001065,-12.863647987906651,0.8347398012877941,0.8347397231638609,0.8347397041365429,0.8347396527805386,-0.7761025948734458,0.8347394929719194,4.687413307327563,0.8347393817243626,-0.7761025948734545,-0.7761025948734555,0.8347394735892897,5.378831047883569,0.8347393756368177,-0.7761025948733468,-0.7761025948750213
20,2013-11-01 20:00:00,0.00969327935310788,-4.704667897374653e-14,6.883868409740247e-05,0.010776644999998503,0.5102092150396595,0.5048208925396551,-1.717339145103673e-15,0.005388322499999251,60.642213788150016,79.70197629545,-9.993542104957953e-11,70.1720950418,0.0018922393941408714,79.70197629542193,79.70197629542214,79.70197629542233,79.70197629543787,79.7019762954605,79.70197629546156,79.70197629546222,79.7019762954631,79.70197629546529,79.7019762954643,79.70197629546489,79.70197629546578,79.70197629546597,79.70197629542217,79.70197629542493,79.7019762954258,0.012,0.012410267394172085,0.048,-5.0632286785933486e-14,0.00015893200262234448,-4.718080898019456e-14,1.2304239737311088e-05,0.012,0.012409980181330554,0.048,-5.441753762406915e-14,0.0008555949588798746,-4.719025282888856e-14,1.2291050086075274e-05,0.004,0.00401188738337024,0.016,-2.0786482623391415e-14,9.101309999277962e-14,-8.030947378044717e-14,5.530424205052192e-06,0.004,0.00401188738338966,0.016,-2.081915055129772e-14,9.102990979561835e-14,-8.026090727215107e-14,5.53042421997602e-06,0.004,0.004011887383413007,0.016,-2.0867768642201728e-14,9.103218306436211e-14,-8.016598849047085e-14,5.530424233924149e-06,0.004,0.00401188738344391,0.016,-2.0931672833156506e-14,9.102982193679779e-14,-8.003601509019015e-14,5.5304242516367015e-06,0.004,0.004011887383502878,0.016,-2.1029806255761242e-14,9.107765638298404e-14,-7.988753531326297e-14,5.530424296399815e-06,0.004,0.0040118873834528125,0.016,-2.0949731196363294e-14,9.103303266374418e-14,-8.000308881420564e-14,5.530424257241378e-06,0.004,0.004011887383520655,0.016,-2.1062199426108054e-14,9.108911359034303e-14,-7.983420926528018e-14,5.5304243093516606e-06,0.004,0.0040118873833605,0.016,-2.0770893072878785e-14,9.100599307425438e-14,-8.033350759174599e-14,5.530424197556773e-06,-1.509219661501278e-16,-1.5654948049477962e-16,-3.841957872844119e-17,-7.006576401273276e-17,-1.0117686064366985e-16,-1.4574968742042901e-16,-1.4918096016084318e-16,-1.5515399188782317e-16,-1.5615775748650478e-16,-4.359837914650969e-17,2.2120453848307838e-05,0.01298646850041829,0.012986468521696699,0.012986468547290304,0.012986468581171674,4.059725442637783e-12,0.012986468645779656,0.44819994949341974,0.012986468590930896,4.059723693592106e-12,4.05972212322665e-12,0.012986468665261916,0.447886181490136,0.012986468489747854,4.059744371267056e-12,4.059732691994411e-12,0.00969327935317955,0.006830568202032418,0.006117655626368145,0.0054047430507177825,0.0019785623330935962,0.0012601193332036416,0.000547206757615733,0.0007129125756271201,0.0027132681419914702,0.0012819125664743775,0.0005634695665844009,-0.0001494430089905539,0.0021497985754679204,0.0014368859997812061,0.0007184429998915025,0.005388322500004402,0.003951436500004071,0.0035922150000039115,0.003232993500003658,0.001077664500001194,0.0007184430000008003,0.00035922150000040274,0.00035922150000041543,0.0017961075000020761,0.0010776645000012512,0.000718443000000838,0.0003592215000004196,0.0010776645000002655,0.0007184430000001847,0.00035922150000009385,-12.0910744248194,0.7778176842862825,0.7778176061635841,0.7778175871374228,0.7778175357828885,-0.8334900711171581,0.7778173759779736,4.644521799605583,0.777817264727177,-0.8334900711171691,-0.8334900711171706,0.7778173565964156,5.391463309621708,0.7778172586346859,-0.8334900711170286,-0.8334900711188467
21,2013-11-01 21:00:00,0.008807242201544796,-4.719695213605853e-14,0.00010991647812703472,0.009486915000000002,0.5098835809904081,0.5051401234904035,-1.554962148655133e-15,0.004743457500000001,58.58610574635,77.64586825364998,-8.970873349722908e-11,68.11598699999999,0.026889566429037854,77.64586825361903,77.64586825361924,77.6458682536194,77.64586825363378,77.64586825365471,77.64586825365569,77.64586825365629,77.64586825365711,77.64586825365913,77.64586825365824,77.64586825365878,77.64586825365961,77.64586825365978,77.64586825361926,77.64586825362186,77.64586825362268,0.012,0.012402854006648116,0.048,-7.413818363301736e-14,3.474680262941627e-05,-7.071907633452448e-15,7.4133874125761125e-06,0.012,0.012402576073677143,0.048,-9.331305644849536e-14,0.0005350095164177259,-7.0818160755069105e-15,7.404107522861681e-06,0.004,0.004000000010652978,0.016,-2.1134123928017038e-14,9.090808604090566e-14,-7.949723791901425e-14,1.1887372803721787e-05,0.004,0.0040000000106530705,0.016,-2.1204522063723777e-14,9.094371257902299e-14,-7.939203211300915e-14,1.1887372822769723e-05,0.004,0.0040000000106531946,0.016,-2.130959772365086e-14,9.097760012346526e-14,-7.921574482462844e-14,1.188737284553342e-05,0.004,0.0040000000106533646,0.016,-2.1450181710587654e-14,9.101865721386753e-14,-7.897572838302568e-14,1.18873728756458e-05,0.004,0.004000000010653642,0.016,-2.1663156159596683e-14,9.11244582880204e-14,-7.86555182556489e-14,1.1887372933483111e-05,0.004,0.004000000010653412,0.016,-2.1489495225159928e-14,9.103378843156449e-14,-7.891217927812034e-14,1.188737288433433e-05,0.004,0.004000000010653733,0.016,-2.173376724280272e-14,9.11558027225231e-14,-7.854562784273391e-14,1.1887372950879126e-05,0.004,0.004000000010652933,0.016,-2.1099823480285962e-14,9.08916374419548e-14,-7.954935163228403e-14,1.1887372794166574e-05,-1.36253634272239e-16,-1.4127787543282775e-16,-3.5222428183185656e-17,-6.384756596563131e-17,-9.178617729895507e-17,-1.3161703675370026e-16,-1.346990902822555e-16,-1.400229543653198e-16,-1.4092720216491426e-16,-4.0243317418593254e-17,0.00048052850243857233,1.3291066833905226e-08,1.3291051913063023e-08,1.329103080552017e-08,1.329100240421988e-08,8.414880976225663e-12,1.3290957170721139e-08,0.4999321366310632,1.3290994462827965e-08,8.41488218868134e-12,8.41487587956322e-12,1.3290942455393913e-08,0.49958722849630355,1.3291074254564865e-08,8.414876072168538e-12,8.414843398009732e-12,0.008807242201616139,0.0063011729476528154,0.005680599320590674,0.005060025693551294,0.0018433354367808988,0.0012108744368853049,0.0005903008099339612,0.0006205736270005907,0.002596116629761111,0.0013430820028649106,0.0007106210029692974,9.004737603537248e-05,0.0018854956268820986,0.0012649219997913025,0.000632460999895928,0.004743457500004665,0.003478535500004175,0.003162305000003983,0.002846074500003708,0.0009486915000012134,0.0006324610000008128,0.0003162305000004087,0.00031623050000042005,0.0015811525000020994,0.0009486915000012646,0.0006324610000008466,0.0003162305000004238,0.0009486915000003844,0.0006324610000002636,0.00031623050000013334,-11.407215535953787,0.7278400687836708,0.7278399906624619,0.7278399716380749,0.7278399202858867,-0.884390692356071,0.7278397604854936,4.610337701321023,0.7278396492308531,-0.8843906923560839,-0.8843906923560858,0.7278397411052948,5.396112549128875,0.7278396431313271,-0.8843906923559167,-0.884390692357778
22,2013-11-01 22:00:00,0.10669444856576074,-4.6780727839096046e-14,-0.09933339785934826,0.007848285,0.5094697573225274,0.5055456148225038,-7.852172478726704e-15,0.0039241425,17.600978767250012,36.660741274549984,-4.137529208136925e-11,27.1308600209,0.005031043510041566,36.66074127454793,36.66074127454881,36.66074127454965,36.660741274621806,36.66074127472988,36.66074127473507,36.66074127473842,36.66074127474278,36.660741274753654,36.660741274748744,36.66074127475184,36.66074127475663,36.66074127475777,36.66074127454884,36.66074127455136,36.66074127455215,0.012,0.022402854001342048,0.048,-1.1300921335151047e-14,4.05131663020229e-05,-5.3050423060712166e-14,-0.009999999994641786,0.012,0.022402576068371288,0.048,-2.73701804681426e-14,0.0004467211263340166,-5.3005621413729965e-14,-0.009999999994658119,0.004,0.013916674744988266,0.016,-2.975706955123409e-14,8.469242414163384e-14,-5.358305733746892e-14,-0.009916674734294565,0.004,0.013916674744927348,0.016,-2.975768613780631e-14,8.469131138934968e-14,-5.358072081734691e-14,-0.009916674734233558,0.004,0.01391667474463127,0.016,-2.9813750312912856e-14,8.458788512961115e-14,-5.336651422334096e-14,-0.00991667473393766,0.004,0.013916674744202275,0.016,-2.9897260492286274e-14,8.443205348385165e-14,-5.3045724239451974e-14,-0.009916674733508945,0.004,0.013916674744028067,0.016,-2.9903787031043744e-14,8.441989745290522e-14,-5.302066365671982e-14,-0.009916674733334501,0.004,0.013916674744088621,0.016,-2.99157449407074e-14,8.439813992474419e-14,-5.297527957106057e-14,-0.009916674733395343,0.004,0.013916674743912736,0.016,-2.9917863187791626e-14,8.439382569363925e-14,-5.2966778217182526e-14,-0.009916674733219152,0.004,0.013916674745018435,0.016,-2.975737977594481e-14,8.469291812390371e-14,-5.358290941525448e-14,-0.009916674734324778,-7.108949997138647e-16,-7.417114715120897e-16,-1.5330353079097303e-16,-3.0103276528370024e-16,-4.547316855678319e-16,-6.852566508631422e-16,-7.019500836602463e-16,-7.344556669590169e-16,-7.3966791028251015e-16,-1.5757905987867895e-16,4.532428284756838e-05,0.12499433168171588,0.12499433177323842,0.12499433221778682,0.1249943328619045,1.5692649042639277e-11,0.12499433312366205,8.007420711647324e-09,0.12499433303254033,1.5692259484964647e-11,1.5692195469608545e-11,0.12499433329686468,8.00714876601448e-09,0.12499433163639745,1.5697848641505917e-11,1.569783243478309e-11,0.10669444856581874,0.08476822309751658,0.07432832936337894,0.06388843562953687,0.0214458185615073,0.020922599561568545,0.010482705828329119,0.010439893733300334,0.03200272333461574,0.021039610601376546,0.02051639160143766,0.010076497868313505,0.011486331734103523,0.001046437999874664,0.000523218999937335,0.003924142500023557,0.0028777045000216595,0.0026160950000207565,0.002354485500019392,0.0007848285000063253,0.0005232190000042386,0.0002616095000021327,0.0002616095000022034,0.0013080475000110112,0.0007848285000066348,0.0005232190000044442,0.00026160950000222517,0.0007848285000014373,0.0005232190000009644,0.0002616095000004835,-7.495717733623716,0.34539927467858483,0.34539919656006424,0.34539917754801247,0.3453991262136596,-0.903907691644224,0.34539896642089,4.2256985322266924,0.3453988551634023,-0.9039076916442449,-0.9039076916442486,0.34539894704560226,5.026365264960269,0.34539884902490525,-0.9039076916439616,-0.9039076916458233
23,2013-11-01 23:00:00,-4.6826093823967655e-14,0.010546672731494754,0.01565513355289528,0.005696002499999999,0.5089285409320101,0.506080539682007,-1.0537450895887928e-15,0.0028480012499999996,44.24228878815001,63.30205129544999,-3.80435023761283e-11,53.7721700418,0.01679081804792688,44.24228878817576,44.2422887881759,44.242288788176,44.24228878818497,44.24228878819804,44.24228878819875,44.24228878819922,44.242288788199936,44.242288788200625,44.242288788200185,44.24228878820059,44.24228878820119,44.24228878820144,44.24228878817591,44.242288788178016,44.24228878817867,0.012,0.03000000000489535,0.048,-2.5595291412877228e-14,0.00020605399258439257,-5.776367216452788e-14,-0.0075971460035111835,0.012,0.030000000004895198,0.048,-2.7248747621785832e-14,0.0003814876850876924,-5.775660932919146e-14,-0.007597423936483463,0.004,0.010060461807692742,0.016,-2.917445273892443e-14,8.669907173825922e-14,-5.787568543090995e-14,0.0038562129373346963,0.004,0.010060461807768515,0.016,-2.9175298176310175e-14,8.669971808129434e-14,-5.787461986475713e-14,0.003856212937198002,0.004,0.010060461807849978,0.016,-2.918618701385064e-14,8.66925194615032e-14,-5.784564700200163e-14,0.003856212936820392,0.004,0.010060461807957574,0.016,-2.920127655121871e-14,8.66806737726305e-14,-5.780369099486474e-14,0.0038562129362837015,0.004,0.0100604618081861,0.016,-2.920422936237323e-14,8.668109846807181e-14,-5.779818519774428e-14,0.0038562129358809573,0.004,0.010060461807991743,0.016,-2.9204695283276333e-14,8.667944758045669e-14,-5.779560342905324e-14,0.003856212936135862,0.004,0.01006046180825849,0.016,-2.9206979481449103e-14,8.6679803718124e-14,-5.779139153072602e-14,0.0038562129356932173,0.004,0.010060461807654146,0.016,-2.917462359593893e-14,8.669990629646597e-14,-5.787613669936971e-14,0.003856212937403462,-9.190319074403377e-17,-9.48354154724122e-17,-2.4653026724054607e-17,-4.387460907136425e-17,-6.231395034981857e-17,-8.856317997553699e-17,-9.072246085457797e-17,-9.385495769083555e-17,-9.459903614956248e-17,-2.873751770890677e-17,0.0002547912321711871,0.12496814803398744,0.1249681481906038,0.12496814835891328,0.12496814858121373,5.3984653484433474e-11,0.1249681490535394,1.0235393759747724e-08,0.12496814865181854,5.398447477403006e-11,5.398380733233341e-11,0.12496814920314729,1.0235070254641804e-08,0.12496814795421775,5.398551909216927e-11,5.398526219974577e-11,-0.010546672731528173,-0.004353180856480308,-0.0008767014191821988,0.002599778017738268,0.004674079574877864,0.004294346074932469,0.007770825510913451,-0.0034764794362358805,0.001402177879244131,0.004498923815534607,0.004119190315589199,0.007595669751382433,-0.0027170124376130617,0.000759466999890508,0.00037973349994525635,0.0028480012500031616,0.002088534250002811,0.0018986675000026792,0.0017088007500024923,0.0005696002500008176,0.00037973350000054795,0.00018986675000027574,0.0001898667500002816,0.0009493337500014092,0.0005696002500008489,0.0003797335000005683,0.00018986675000028452,0.0005696002500002764,0.0003797335000001902,0.0001898667500000963,-7.962322396213738,0.5001856114781402,0.5001855333562021,0.5001855143303022,0.5001854629759843,-0.9218273586814977,0.5001853031733314,3.8807800381490014,0.500185191920381,-0.9218273586815192,-0.9218273586815231,0.5001852837922568,4.689196062578649,0.5001851858261637,-0.9218273586812261,-0.9218273586830882
