,Timestep,P Feed In,P Feed Out,P DER,P Local Gen,P Local Dem,Q Feed In,Q Feed Out,Q Local Dem,FT,GT,Surplus,Spot,PI,Shadow Price 0,Shadow Price 1,Shadow Price 2,Shadow Price 3,Shadow Price 4,Shadow Price 5,Shadow Price 6,Shadow Price 7,Shadow Price 8,Shadow Price 9,Shadow Price 10,Shadow Price 11,Shadow Price 12,Shadow Price 13,Shadow Price 14,Shadow Price 15,DER1,gP1,B1,DER2,gP2,B2,DER3,gP3,B3,DER4,gP4,B4,DER6,gP6,B6,DER7,gP7,B7,DER8,gP8,B8,DER11,gP11,B11,DER12,gP12,B12,DER13,gP13,B13,Alpha0,Alpha1,Alpha2,Alpha3,Alpha4,Alpha5,Alpha6,Alpha7,Alpha8,Alpha9,Alpha10,Alpha11,Alpha12,Alpha13,Alpha14,Alpha15,Balance N0,Balance N1,Balance N2,Balance N3,Balance N4,Balance N5,Balance N6,Balance N7,Balance N8,Balance N9,Balance N10,Balance N11,Balance N12,Balance N13,Balance N14,Balance N15
0,2013-11-01 00:00:00,1.657300356526335e-08,0.011705976907735342,0.0067797363075,0.029943124348082363,0.004165080000000001,1.5564935846358156e-06,-7.784909332433914e-07,0.0020825400000000003,65.78295485777696,84.37182114222304,-68.96483476045267,75.077388,-65.98398658965375,63.60694768736612,134.30673026043553,202.83446959756276,331.04250446731146,483.0044791017073,501.38915181148803,511.8468591639339,516.5685890514408,544.5980868751238,538.3447667948024,564.5301823987228,581.8665088612877,587.2339328531078,136.29992840203266,176.13661031066974,185.65340039128557,0.0,0.005905296883610732,0.004094704146989271,0.0,0.005954959582470025,0.004045035944602926,0.0,0.005967733389989012,0.004032266449486469,0.0,0.0018951565219692266,0.008104843444130257,0.0,0.0006554466612846623,0.009344553268279149,0.0024485786550000003,0.001538888267902171,0.02846111163173446,0.0,0.0004972524579398647,0.009502747583792225,0.0,0.000592398251872584,0.009407601742390945,0.0043311576525,0.0009684658724604047,0.029031534111634883,0.0,0.005967572943967582,0.004032426809294153,0.09090796795568758,0.09090817524253025,0.09090870935212439,0.09090922427755267,0.09090958430205132,-2.6522750415055905e-10,0.09090958430206027,0.09090958430204905,0.09090958430205463,-2.6508217260130283e-10,-2.666206490369447e-10,0.09090958430204751,0.09090958430204922,0.09090841868657965,-2.641749159618811e-10,-2.6557721487715497e-10,-6.743050545122429,-1.2411666508286379,-1.2347842443834933,-1.2356262670283868,-1.4931713355924767,-9.67992234661059,-1.5716811953301164,-1.3618096712153074,-1.5822199429081456,-9.68129345828551,-9.681435081527848,-1.5807538634936549,-1.2768027656417056,-1.2344835157577227,-9.685697475648789,-9.680936401077853
1,2013-11-01 01:00:00,0.011104555734587983,-1.640826103261105e-08,0.006114559553749949,0.0054641200428148145,0.0034434975000000017,3.404987736808966e-06,-1.7030279520794737e-06,0.0017217487500000008,44.81063089957695,63.39949718402305,-69.03165322460225,54.1050640418,-65.98402076632155,65.46370941309435,134.30663476823196,200.73253307582027,329.2332560781708,483.0044427928072,501.4043531026788,511.84685912934094,516.5685978570419,544.5980946779524,538.4348332590808,564.5630479855848,581.8665133197073,587.2339379408129,134.49537060881622,172.17626379613105,180.81056939656366,0.0,7.138935903037983e-05,0.004023315816403297,0.0,2.8924547996503338e-05,0.004016119799855857,0.0,-9.86121631804807e-05,0.004130878556687682,0.0,-3.054726646579476e-05,0.008135390676749291,0.0,0.0006645365552603604,0.008680016642597061,0.00207483727624995,0.0020178761361219644,0.026443235395252673,0.0,0.0009086448163895077,0.00859410280912904,0.0,0.0008326188939925903,0.008574982842662324,0.0040397222774999995,0.0012450344708554422,0.027786499624876122,0.0,-0.0001757025851074193,0.004208129412940671,0.0909080648463163,0.09090855574414242,0.09090896264144292,0.09090926232749053,0.09090940116749108,1.168277836779891e-10,0.09090940116749413,0.09090940116748535,0.09090940116748547,1.1675634884588622e-10,1.1751431051473512e-10,0.090909401167493,0.09090940116748446,0.09090874685121123,1.1631116808713302e-10,1.1699982505450795e-10,-12.01458369985166,-2.850667668216479,-2.8438362386390095,-2.854667572375072,-3.1062418142181487,-19.35721087316267,-3.1389046567131658,-2.706679998336301,-3.133939617749812,-19.359953146095936,-19.360236419686196,-3.142036330506036,-2.5420928674271517,-2.8574369714696157,-19.368761058309012,-19.359239052298655
2,2013-11-01 02:00:00,0.035626925279099095,-1.8353391462746865e-08,0.0051794656812498,-0.018432704065109485,0.003127927500000001,3.940212326030023e-06,-1.970724198183362e-06,0.0015639637500000005,26.932266857776956,45.52113314222305,-69.28761574608804,36.2267,-65.9840428542078,52.14377599938866,129.68702505671092,200.1559450121397,329.2331487970167,483.0044374215554,501.40888525793304,511.8468589805041,516.568604306842,544.5980995052303,538.5133120786124,564.5933729120568,581.866516062878,587.2339497882843,134.4952631835361,176.67364918983947,187.19538964054462,0.0,-0.007883302838401645,0.011906616407055525,0.0,-0.005770333434064632,0.009786451165066405,0.0,-0.0057768194456048385,0.009907697946499167,0.0,-0.0002644272546367725,0.008399817897646813,0.0,0.0006784292285434961,0.008001587343660743,0.0017848978787499,0.002375416896447862,0.024067818398452116,0.0,0.0011516008738146491,0.0074425019770292915,0.0,0.0009809436678840807,0.007594039169043075,0.0033945678024999,0.0018881210069988524,0.025898378601976812,0.0,-0.005812265406340552,0.010020394838131545,0.09090798740213836,0.09090920125979199,0.09090920125979368,0.090909201259784,0.09090920125978436,8.864655956621509e-17,0.09090920125978309,0.09090920125978379,0.09090920125978247,1.0673530530192865e-16,4.579055541267883e-17,0.0909092012597818,0.09090920125978887,0.09090920125978738,7.028216934229581e-17,8.212335706133028e-17,-16.15533686806871,-4.87179730106486,-4.751529930884119,-4.764319811520259,-4.726932911879253,-29.030344685837413,-4.71008738892715,-4.098372129843932,-4.680925862139913,-29.034457425546833,-29.034882431456545,-4.702507081346683,-3.8737155439717483,-4.7678366846582545,-29.047671138143336,-29.03338653585395
3,2013-11-01 03:00:00,0.03180199208326162,-1.8113314336249504e-08,0.0042044783924998505,-0.01382866498853114,0.0029431799999999997,4.542389343638418e-06,-2.2719071608299533e-06,0.0014715899999999998,28.655480899576954,47.24434718402304,-69.26872487594711,37.9499140418,-65.98404969165668,53.15597830621038,129.6870934739018,200.1559686626067,329.2331430896208,483.0044445178042,501.4020402123509,511.84685813616966,516.568603583541,544.5981003238139,538.479648742783,564.5791899365473,581.8665161221327,587.2339679998174,134.49526010082096,176.59606955266804,187.0987534380987,0.0,-0.004075512209377054,0.015982126368426986,0.0,-0.0061890922293884165,0.015975541324414037,0.0,-0.005966818525399638,0.015874516416282493,0.0,0.00019981572052768805,0.008200002143540783,0.0,0.0006658512369711893,0.007335736036340035,0.0018079366862499,0.0023523604111643512,0.02171545788694576,0.0,0.001170544258932595,0.006271957759794486,0.0,0.0009852624924363948,0.006608776670872798,0.0023965417062499503,0.0028764377855455803,0.023021940800534987,0.0,-0.005847446180930892,0.01586784103815032,0.09090818166235623,0.0909086901633055,0.09090905482215586,0.09090927160856263,0.0909093238248693,7.753944539490283e-11,0.09090932382486741,0.09090932382486835,0.0909093238248665,7.74904534142572e-11,7.801096694202062e-11,0.09090932382486279,0.09090932382486885,0.09090885840650464,7.718551772868719e-11,7.765745986716075e-11,-20.4633598801527,-6.69802034636202,-6.686870160908582,-6.689479960210603,-6.3227787742946475,-38.703034853214135,-6.280816407359879,-5.485418502904688,-6.225303890089452,-38.708518116846506,-38.70908485172568,-6.261319772031829,-5.200071566702214,-6.685523521155839,-38.7261376095784,-38.7070903935529
4,2013-11-01 04:00:00,0.010404639803651012,-1.6502053525336913e-08,0.00376233025874985,0.007940498835077183,0.0029299500000000006,5.077093619972305e-06,-2.5393431698137087e-06,0.0014649750000000003,44.19380083687696,62.782667121323044,-69.05005192326293,53.4882339791,-65.98405156702539,64.7167729208174,134.1053070696612,200.91012863403526,329.2332494529804,483.0044386517435,501.3962483229837,511.8468568587715,516.568602955263,544.5980982734881,538.4032235156013,564.5521527054443,581.8665142916409,587.2339751517335,134.49536454689934,172.76527491054696,181.6323938878764,0.0,6.155692135082169e-06,0.015975973283113447,0.0,-1.4040222855406937e-05,0.015989577745943173,0.0,-0.00010399280438238319,0.01597850916521668,0.0,-5.962168863044195e-06,0.008205964279039642,0.0,0.0006409136606780944,0.0066948223053704325,0.0017726700324999,0.0023396995419591744,0.019375758244658738,0.0,0.0010267938933288699,0.005245163908140527,0.0,0.0008882980913202888,0.005720478573820331,0.00198966022624995,0.0032726660922725165,0.019749274692371886,0.0,-0.00010998796382705636,0.015977829021228844,0.09090821145991636,0.0909088615153903,0.09090890905761052,0.0909090898349674,0.09090933238965004,3.894507512831224e-11,0.09090934848826862,0.09090934848826886,0.0909093484882568,3.8937468047619e-11,3.901531551498812e-11,0.09090934848825678,0.09090934848826032,0.09090885310637868,3.888868535161173e-11,3.896317947098127e-11,-25.78849621353444,-8.309430139105228,-8.296332804439139,-8.306397299964221,-7.93184386258871,-48.37793616218543,-7.84767446650902,-6.829683210787197,-7.7676654789479604,-48.3847905536801,-48.385498928670415,-7.817230190800256,-6.468370121387818,-8.301711226865837,-48.40681406727977,-48.383005803607475
5,2013-11-01 05:00:00,0.009231639405571191,-1.631109007679142e-08,0.0044438281074999,0.009283174126385876,0.0035043899999999987,2.7524541832967815e-06,-1.376658822686655e-06,0.0017521949999999994,49.402612836876955,67.99147912132304,-68.93504110173214,58.6970459791,-65.98401813073802,69.7075374311952,137.60866838284977,203.09051476400515,329.6447340337771,483.0044706383191,501.3937817094039,511.84686044882915,516.5685961164822,544.5980961956946,538.3673412742104,564.5415561554112,581.8665121969925,587.2339669895032,136.78132858439903,174.64031313914,183.76790846459494,0.0,5.139950312672068e-06,0.01597083453761293,0.0,2.7950850130000984e-05,0.015961635298471888,0.0,7.41339150115014e-06,0.01597109685201996,0.0,0.0018516875842957616,0.006354276661646863,0.0,0.0008887523593390782,0.00580606987581207,0.00202044190624995,0.0019982237225618983,0.01737753442178664,0.0,0.0008732114953240084,0.004371952454462937,0.0,0.0007775000480439141,0.004942978520046127,0.00242338620124995,0.0028479297182703216,0.01690134495821796,0.0,5.406635688143873e-06,0.015972422858306596,0.09090837636554643,0.09090821969000483,0.09090830125858393,0.09090883018955191,0.09090949436285536,-2.0548324313547173e-10,0.09090966926657584,0.0909097363173319,0.09090956183753973,-2.0539592361412002e-10,-2.0631662827974872e-10,0.0909096841387082,0.09090973631733629,0.09090839128378969,-2.0484916354778243e-10,-2.0569305569411067e-10,-31.14348018145354,-9.924481623357508,-9.906540968499636,-9.919692983701605,-9.415101093523162,-58.05648196556881,-9.39772273740661,-8.163625794944396,-9.31926645774276,-58.06470776204584,-58.06555773709738,-9.380096897449466,-7.713448864301239,-9.914015893278034,-58.09113473420773,-58.06256593750743
6,2013-11-01 06:00:00,0.0005003715091970108,-7.694081834018871e-07,0.004772231704999951,0.018962403555450428,0.005518304999999999,-5.07136032992302e-06,2.53647562566368e-06,0.0027591524999999997,67.06557389957696,85.65444018402304,-68.68617157445897,76.3600070418,-65.98390542293177,85.74788732918206,141.2964588695902,207.86364436461676,333.5152962854803,483.00445657007174,501.37537595870026,511.8468698490464,516.5686264414809,544.5980811818675,538.2079847697834,564.4919560434241,581.8665073978348,587.2339860410581,143.62243295063314,184.0519081709367,193.6818677718073,8.8992e-07,0.0011424860447892464,0.014828347591016519,8.8992e-07,0.00023040699351590394,0.01573122540032531,8.8992e-07,0.0023140753104076888,0.013657020776754625,8.8992e-07,0.0012586921869911527,0.005095584441878211,8.8992e-07,0.00146006945051915,0.0043460003551604965,0.0019273339624999502,0.003661279380264971,0.013716254941232789,8.8992e-07,1.5378263025362752e-05,0.004356574233049744,8.8992e-07,0.000521587871630424,0.004421390642687734,0.0028377783825,0.00389004481483751,0.013011300127505263,8.8992e-07,0.004468446580624216,0.011503976233173766,0.0909083197652596,0.09091046125885816,0.09091022336384884,0.09091004684850718,0.09090843063250338,-2.8898441604745086e-13,0.0909086285041232,0.09090881408716847,0.09090799150200893,-2.872279863673337e-13,-3.0655158533862113e-13,0.09090820082733073,0.09090842195298544,0.09091046125885859,-2.7665108533889075e-13,-2.932664975493705e-13,-37.09899438008249,-11.457259021615059,-11.514253652335885,-11.350344293351766,-10.934618497168806,-67.75028804621785,-10.89964107793715,-9.313687902560172,-10.945498389565094,-67.7598861782262,-67.7608775983478,-10.967522658474504,-8.764256439950163,-11.15886084594312,-67.79071785562725,-67.7573863691408
7,2013-11-01 07:00:00,1.646536387220162e-08,0.010736320185156679,0.004742699533749901,0.034405252561068224,0.008142427499998496,-9.551782205648486e-06,4.777389332476648e-06,0.004071213749999248,73.34160881597695,91.93047510042304,-68.84501766346284,82.6360419582,-65.98379156141931,71.34584982919313,141.2966228509947,207.86384588807954,333.5153622906564,483.0044294456585,501.29586402673493,511.84684360883585,516.568572386062,544.5980838353531,537.6058377855198,563.6693938752672,581.8665009526812,587.2339230894013,143.62249121284603,185.46637978741916,195.4794036272958,1.3232805e-05,0.009644123267682339,0.005184223420633258,1.3232805e-05,0.00971801828253857,0.00601320421109105,1.3232805e-05,0.0058949155250764395,0.007762104486870421,1.3232805e-05,-1.0024201862319196e-05,0.0051056086113347,1.3232805e-05,0.00012499045864091396,0.004221009826488129,0.00227046559999995,0.0007903172692180826,0.012925937571750683,1.3232805e-05,9.962769073839983e-05,0.004256946583883522,1.3232805e-05,0.00017750482053018366,0.004243885816432515,0.00236637149374995,0.0005236113662843904,0.01248768874535569,1.3232805e-05,0.0074422368184850415,0.004061739370046894,0.09090661919993036,0.0909085979031387,0.0909094477805056,0.09090977903911515,0.09090956316573644,1.639948745380126e-11,0.09090947678168411,0.09090942312242414,0.09090947121995321,1.641082770133176e-11,1.6279831431959817e-11,0.09090926142145069,0.09090916070422367,0.09090919957988758,1.6476563183266735e-11,1.637132442670246e-11,-43.86334850583695,-12.406126187547951,-12.454646939124473,-12.565142901314838,-12.56917214320309,-77.45127770590899,-12.524210989640158,-10.73180928232543,-12.572354701460544,-77.46224742182878,-77.46338053885042,-12.593393923851732,-10.193001329488844,-12.262124200120377,-77.49748406484515,-77.45939003465921
8,2013-11-01 08:00:00,0.014424704519291651,-1.4830146940173361e-08,0.0037550480249999994,0.009625534592121341,0.0079171275,-8.998216159564614e-06,4.5005194801673965e-06,0.00395856375,56.94168381597696,75.53055010042304,-68.73558194667093,66.2361169582,-65.98377708255359,78.21194023095099,141.29645900600877,207.86367734889757,333.51531476584853,483.0044450048848,501.2799193000095,511.8468426055621,516.5685729477411,544.5980868804473,537.5118978318532,563.6312303429777,581.8665009914672,587.2339208516864,142.39203702987186,181.639773087076,190.24748878730796,0.0001095102,0.0011202137345177761,0.004064008783888603,0.0001095102,0.0019402701283589244,0.0040729311771024405,0.0001095102,0.003697059821289782,0.0040650439012082824,0.0001095102,0.0010437949554226139,0.004061813623929225,0.0001095102,0.000158436620310088,0.004062573136262024,0.0016085304112500001,0.000862796702359351,0.012063140769155638,0.0001095102,0.0001966101878787088,0.004060336437531317,0.0001095102,0.00018260579207549852,0.004061280018635315,0.00127043601375,0.00042618848773859537,0.012061500241763216,0.0001095102,-2.377042613003575e-06,0.00406411523305593,0.09090716430759269,0.09090820502023295,0.09090880898142333,0.090909432005162,0.09090951139209194,-3.566298446280544e-10,0.09090955958368206,0.09090958796618887,0.09090967695494948,-3.5652977276503883e-10,-3.575788251497973e-10,0.09090991678510883,0.09091001657158311,0.09090812221567635,-3.559004479268762e-10,-3.568697647764134e-10,-48.73356128310969,-13.950352360239716,-13.931514830855546,-13.906269435416963,-14.116294196671873,-87.15482043104187,-14.140230362360466,-12.177566413286097,-14.185877533242273,-87.16716212174856,-87.16843693234048,-14.212612972705259,-11.697837697283093,-13.891406181046142,-87.20680324973779,-87.16394681559206
9,2013-11-01 09:00:00,0.021327508014436954,-1.6653176185012874e-08,0.00518351073374985,3.257903019138966e-05,0.008143184999999997,-9.628053816070161e-06,4.815537100723992e-06,0.004071592499999999,46.69050485777696,65.27937114222304,-69.01686543127805,55.984938,-65.98375054256273,69.24391431901005,139.72131301423374,206.43421577382358,331.2188339611171,478.3841303801577,493.48949099445565,502.0114317102026,506.15504103036943,538.6712310615773,532.3507044209904,558.0852113956628,575.2412145719442,580.4766452062928,141.6038978780525,181.66884662260046,190.76792261963126,0.0003303435,2.761493899406379e-06,0.004061249263509261,0.0003303435,2.2455103641819293e-05,0.004050484966751374,0.0003303435,5.898076821275061e-06,0.004059148969550882,0.0003303435,-2.7177709836459143e-07,0.004062086048066726,0.0003303435,1.3907940837660815e-06,0.004061183710585031,0.00125275627249995,2.530869270445395e-06,0.01206061180553208,0.0003303435,-3.3466718325214504e-06,0.004063682352404066,0.0003303435,-1.3658470950498887e-06,0.00406264600493997,0.0012880064612499,-8.883160038263584e-07,0.012062388907000454,0.0003303435,3.476886304814793e-06,0.004060640148761246,0.09090693103389055,0.09090849437362485,0.09090894389882577,0.09090949022531067,0.09090959985827121,3.876328807399034e-10,0.09090966981095584,0.09090967002383454,0.09090960602793455,3.875082738087916e-10,3.8882594078063454e-10,0.09090953496400352,0.09090949881655674,0.09090855902797293,3.867298702948158e-10,3.8793255990186024e-10,-53.255140252319094,-15.564010628194177,-15.540576032732709,-15.51813125377533,-15.727067586835195,-96.85467283689263,-15.750552319351842,-13.726005762947295,-15.7969906653658,-96.86838589627138,-96.86980259777043,-15.828174142718506,-13.24251265071739,-15.502288574474669,-96.91243373587099,-96.86481331171848
10,2013-11-01 10:00:00,0.027242017837332877,-1.636030996690821e-08,0.00734509784124995,-0.006956908757781098,0.008226165000000002,-8.714996177940297e-06,4.358865066523741e-06,0.004113082500000001,38.59334785777695,57.182214142223046,-69.08331167425558,47.887781,-65.98379190189569,62.246197619734396,131.75542193117897,194.56753865148423,318.73739436179267,466.5428594023638,483.0084087891246,492.6539787688553,497.2323894739339,523.1979195328939,517.4766161564419,543.7447395914916,562.5193762882909,568.3087838120144,137.7750996428551,183.45020863862047,194.83680611162075,0.000549496,-2.5719744867041007e-07,0.004061506803668591,0.000549496,-0.0005231723384291424,0.004573653801324368,0.000549496,-0.0050674590721472065,0.009126607455100688,0.000549496,-0.0002514415446811444,0.004313527445115326,0.000549496,-0.00017434607795816025,0.004235529460091778,0.0011801358525,-6.926767876020088e-05,0.012129879121233613,0.000549496,-5.0521947790749116e-05,0.004114204345134676,0.000549496,-0.00012095830714403223,0.004183604216883216,0.00176899398874995,-5.591307357246692e-05,0.012118301838315554,0.000549496,-0.0006434878070575502,0.004704127517958054,0.09090626104123421,0.0909090070440869,0.0909094533765034,0.09090945337648962,0.09090942743586061,8.099348630474822e-11,0.09090937420914104,0.0909093559777221,0.09090941202096274,8.096085137002436e-11,8.130481458153392e-11,0.0909094049137801,0.09090939682259978,0.09090945337649933,8.075622802938803e-11,8.107192426486384e-11,-57.55776701921326,-17.16313486132162,-17.169024189359874,-17.431064331971374,-17.338695411352163,-106.55107056274184,-17.35703280794428,-15.288757469396636,-17.3962425441101,-106.56615381541782,-106.56771316284446,-17.436396163743662,-14.76623789662594,-17.13874545481193,-106.61460965549165,-106.56222457586486
11,2013-11-01 11:00:00,0.04642907305931696,-1.7423408330950434e-08,0.00699594669249975,-0.025732677533943628,0.008205142499999998,-8.64694316877689e-06,4.324827887450517e-06,0.004102571249999999,28.48903585777695,47.07790214222304,-69.20553864556247,37.783469,-65.98380599300133,55.70854173740322,129.75635646523043,194.56746052335387,318.73740726891356,466.54286020541286,482.9854918517104,492.6539803559828,497.2323901997001,523.1979184703301,517.6041152679039,543.9123915324586,562.5193762042285,568.3087842569421,137.77501080205835,183.41574993609007,194.79274877214158,0.000495516,-0.008786589661823281,0.012848094793478513,0.000495516,-0.005693681605016957,0.01026733190191869,0.000495516,-0.004785502285407242,0.013912109153408904,0.000495516,-0.0003713947628474698,0.004684922060013702,0.000495516,-0.00015236004900292329,0.004387889180557906,0.0010175997962499,-6.391053793635493e-05,0.012193789296087946,0.000495516,-4.0103383830352436e-05,0.004154307773951231,0.000495516,-0.0001249838950149259,0.004308588016698637,0.00201421889624985,-4.3535995715500465e-05,0.012161837691767966,0.000495516,-0.005670525554979799,0.010374652634762432,0.09090653071484849,0.09090971489188482,0.09090971489189284,0.09090971489189506,0.090909278715675,1.1298543054792432e-11,0.09090919678018815,0.09090918775805344,0.09090907172224827,1.1271141929009848e-11,1.1563485132580717e-11,0.09090894534945503,0.09090892933535925,0.0909097148918974,1.1101041076661612e-11,1.1364691189967973e-11,-60.96962898041207,-19.254717049851756,-19.08504725849508,-19.298114360305355,-18.958288364345098,-116.2438047947514,-18.964073096180908,-16.86385319721431,-18.99749772088513,-116.2602582518518,-116.26196000197926,-19.04695724138368,-16.283116314056375,-19.053998078311196,-116.31312162281799,-116.25597223493256
12,2013-11-01 12:00:00,0.040783499366732104,-1.7051849725867992e-08,0.006525500109999901,-0.019161678236250108,0.00862005,-9.091945372749667e-06,4.547398790799554e-06,0.004310025,31.083652815976958,49.672519100423045,-69.17308017586845,40.3780859582,-65.98369144261588,57.25371052345158,129.75645370386417,194.5674195298859,318.73746161837425,466.5428292893527,483.06687367854784,492.65398145759616,497.2323899624883,523.1979138427989,518.1873304511125,544.5185308322447,562.5193734822947,568.3087840828687,137.77501237989682,183.55849447673384,194.9716193565823,0.0004735215,-0.003091030731974893,0.015939123854181107,0.0004735215,-0.005680709426297399,0.015948037827018625,0.0004735215,-0.0020217880912020243,0.015933896657328726,0.0004735215,-0.002077438953353601,0.006762360865330546,0.0004735215,-0.00010540992498258131,0.004493298776980875,0.0011221164662499,-9.123578543094902e-05,0.012285024718424636,0.0004735215,-0.00023048137132600748,0.004384789190301852,0.0004735215,-0.00026465829470164354,0.004573246216210039,0.00161521164375,-3.87724318308489e-05,0.01220060998134807,0.0004735215,-0.005560064939552032,0.01593471713614255,0.09090918267754088,0.09090692015183705,0.09090818301961343,0.09090906149603473,0.09090980533054761,5.742345495654442e-10,0.09090984045213733,0.09090990463571053,0.09090992644211518,5.740094907753513e-10,5.763951156099795e-10,0.090909830619732,0.09090991085990004,0.09090743144256273,5.726061824896111e-10,5.747763051211625e-10,-64.63314479634941,-21.03650180970113,-21.011930711968237,-21.01719288609892,-20.679091372877036,-125.93897134457853,-20.5716262892322,-18.43552936965838,-20.612693918343467,-125.95679539175535,-125.95863948914614,-20.66869201779732,-17.822011691953758,-20.97444913767702,-126.01406606103275,-125.95215245547276
13,2013-11-01 13:00:00,0.018003963129838724,-1.5164137872672135e-08,0.0048955931062498,0.0032210429681450497,0.008245319999999997,-7.798786144899201e-06,3.9006163382160766e-06,0.0041226599999999985,58.15576487867696,76.74463116312305,-68.8594768673581,67.4501980209,-65.98374929947593,80.09136491541247,144.60719074194085,206.14181581454082,326.75299611853006,466.54291058142104,483.0401072509775,492.6539846081408,497.2323930773449,523.1979215421351,518.0199363777901,544.3667355379371,562.519382922872,568.3087850359341,146.6265087985103,186.7295411450337,195.68355230293875,0.0003108665,7.30855972509255e-06,0.01593181930923954,0.0003108665,2.62758830778595e-05,0.01592177304564222,0.0003108665,8.966803225021213e-05,0.01584422849673896,0.0003108665,0.002373155320236899,0.004389205397198426,0.0003108665,0.00010284996331620746,0.0043904484851447125,0.0011488052799999001,8.088789797742187e-05,0.012204136457352237,0.0003108665,0.00023324786850702185,0.004151541366850045,0.0003108665,0.00025621407234251175,0.0043170320486932805,0.0012598558262499,5.231011126906302e-05,0.012148299727859187,0.0003108665,-8.070907048897563e-07,0.015935525067086426,0.09091050080730632,0.09090977141686576,0.09090967397802246,0.09090945971692979,0.09090877053901934,-2.1192546068702946e-10,0.09090835239690832,0.090908389286642,0.09090858797039238,-2.118199403554613e-10,-2.1294208184306865e-10,0.0909083422534497,0.09090838611364374,0.09090976658097315,-2.1116356948029033e-10,-2.12179774859848e-10,-69.18979729483647,-22.654261309054043,-22.624913316745904,-22.62671221538563,-22.104154156441712,-135.64526247148248,-22.17814478516864,-19.97876008394985,-22.209260370671842,-135.6644581784388,-135.66644461671106,-22.267990680871375,-19.357097282570738,-22.59011604989225,-135.72613509740668,-135.65945770137301
14,2013-11-01 14:00:00,0.019427354310601233,-1.4900346721017075e-08,0.004092683042499851,0.003464520291123115,0.009049620000000001,-7.413344053334577e-06,3.7078348352996957e-06,0.004524810000000001,69.03356685777696,87.62243314222304,-68.654760723558,78.328,-65.98364845901605,91.2337591583226,154.45023269134361,211.32492933756885,326.7530342385257,466.5428687128344,482.8553310894933,492.653986944788,497.2323935902734,523.1979179656822,518.2908614708573,544.6985955554405,562.5193823808538,568.3087842841696,159.3589783646331,202.03960148197436,212.06470289827666,0.00017755700000000003,3.718077074242049e-06,0.015928100734586552,0.00017755700000000003,-7.939143330446681e-06,0.015929708730295908,0.00017755700000000003,0.0022878892640521235,0.01355633910452908,0.00017755700000000003,0.000318458230813988,0.0040707470188597805,0.00017755700000000003,0.0003184057802959491,0.0040720423764308775,0.0012640828899998999,0.0001321615415504411,0.012071974552717267,0.00017755700000000003,8.135811387017416e-05,0.004070183298057944,0.00017755700000000003,0.00024632186112502424,0.0040707100924176984,0.00140814415249995,7.735847399227382e-05,0.012070941111696272,0.00017755700000000003,6.86569793488661e-06,0.015928659403574415,0.09091075748579666,0.09091040529814905,0.0909101316067029,0.09090996923339813,0.09090853782323542,-4.0498257968131703e-10,0.09090819140060419,0.09090817978313852,0.09090792915092212,-4.048275596319986e-10,-4.0646932644403524e-10,0.0909077629496237,0.0909077699123712,0.09091036738171573,-4.0386011176547367e-10,-4.053556470434408e-10,-73.4159888342507,-24.292021648864306,-24.26046773152929,-24.05443151930774,-23.709925623230244,-145.36257035741568,-23.783549819808577,-21.504094629177573,-23.836741569223708,-145.38313804293296,-145.38526695011555,-23.8849884771592,-20.872700001466843,-24.224838548131164,-145.4492227798581,-145.37777980208685
15,2013-11-01 15:00:00,0.022983526404753478,-1.4778171337835974e-08,0.00376364743749975,-0.001247152696622282,0.010439010000000004,-6.980206084947931e-06,3.4911979112290126e-06,0.005219505000000002,78.22731487867696,96.81618116312305,-68.76856301048893,87.5217480209,-65.98367377023946,101.0885592456242,163.7783828714721,216.03915559524685,326.7529653539813,462.2776856955001,478.49881537385664,488.67435011645017,493.66122909042497,513.4418323985393,508.464078047021,531.5016527171244,547.3850194516247,552.3355789305532,172.74900695889238,219.39925300689083,230.85518503138275,2.842776e-05,5.751666962355904e-06,0.015922346550364425,2.842776e-05,6.3957774523291475e-06,0.01592330908134217,2.842776e-05,-0.0012151828852317707,0.014771521861831236,2.842776e-05,-9.165424752787685e-06,0.004079913164308725,2.842776e-05,-6.4855561563775895e-06,0.004078529767807615,0.0016953602962498499,-6.533383340836629e-06,0.01207850966873091,2.842776e-05,-1.0277479038275552e-05,0.004080461126850377,2.842776e-05,-9.310212638078793e-06,0.004080021041550644,0.0018408650612499002,-8.875311453190841e-06,0.012079817343663004,2.842776e-05,6.659675299726975e-06,0.015921998302431708,0.09090818270884324,0.0909068954077185,0.09090780702114554,0.09090952106650074,0.09091054836271387,2.577572960174441e-10,0.0909105361388319,0.09091052339178736,0.09090985450104791,2.5764366285338994e-10,2.5885532597813e-10,0.09090953698564876,0.0909095278855349,0.0909070652408667,2.5693838099042477e-10,2.580314254414739e-10,-77.091071640612,-25.9579436106991,-25.923135297154666,-25.842327728867925,-25.374445797958153,-155.09518579555555,-25.447438105908795,-23.001543690788377,-25.50145856503393,-155.11712533842706,-155.11939555066206,-25.5541741291899,-22.354083403157855,-25.88793505958374,-155.187618112726,-155.11140751872233
16,2013-11-01 16:00:00,0.010674033637585581,-1.2333940914882072e-08,0.00441610608499985,0.010372297203819578,0.0122540474999985,-1.163217238637511e-05,5.817910738902379e-06,0.00612702374999925,100.43330385777696,119.02217014222305,-68.69282758526343,109.727737,-65.9835941250465,121.00635289338507,173.67923689682368,219.69866488103142,326.7530692586446,461.4110793396746,473.42923363072106,480.50105466779286,484.28990555460325,513.1455860680737,507.7802212691339,530.7051494482927,546.9005255086208,551.8279982374519,183.36202050912908,230.40157977722666,241.86276338030748,4.02895e-07,0.0025604001643786943,0.013361946822239424,4.02895e-07,0.0021618011032494824,0.01376150802385111,4.02895e-07,0.004632037888935413,0.010139483845240261,4.02895e-07,-0.0003914844437668621,0.004471397632273654,4.02895e-07,-6.469953255079465e-05,0.004143229055915165,0.0020197366637499,-6.061048223985983e-05,0.01213911978397162,4.02895e-07,-9.737441692982235e-05,0.004177835745851536,4.02895e-07,-8.911180668326644e-05,0.004169132997297389,0.00239314626124995,-3.628116395558405e-05,0.012116098637014051,4.02895e-07,0.001757767236530738,0.014164232244877764,0.09090486401233408,0.09090961945160322,0.09090961945164708,0.09090961943311553,0.09090958731357532,5.72611948844993e-12,0.0909094774648321,0.09090945600266989,0.09090946061439373,5.706567514587385e-12,5.912834466575201e-12,0.0909093532925617,0.09090932348297895,0.09090961945158284,5.584039779053133e-12,5.7731406277274214e-12,-81.79767391796365,-27.34614382351717,-27.356310756220708,-26.978209185486712,-27.11667778438836,-164.8563020421606,-27.149774503465295,-24.46110032261447,-27.2082253064492,-164.87961774447547,-164.88202800984206,-27.264519605473353,-23.763958693262143,-27.37052080319009,-164.9545170385094,-164.87353739329222
17,2013-11-01 17:00:00,1.4648470223987332e-08,0.011640879962998497,0.0043092425074998,0.03377485106052588,0.012793762499999996,-1.1832549969061175e-05,5.9181309586352425e-06,0.006396881249999998,113.45533679507696,132.04420307952304,-68.7720480371733,122.7497699373,-65.9835529121562,111.29143026653821,173.67934989869835,219.6987683364871,326.75308958839855,461.4110768290461,473.54673875025225,480.50105772562495,484.28990706102337,513.1455846865982,508.1538022338006,531.1308643731986,546.9005276891058,551.8280007675114,185.22767523178544,234.44762446018254,247.02679986383455,0.0,0.009263008499784744,0.004098938760144961,0.0,0.009658492359785699,0.004103015712949035,0.0,0.006038161484781502,0.004101322233123248,0.0,-0.0008144654663744506,0.00528586312228627,0.0,-6.642118767985869e-06,0.004149870930121246,0.0020157293612498997,-8.710069219950865e-06,0.01214782948618192,0.0,-0.00025085981849426773,0.004428695766380512,0.0,-4.497486651333521e-06,0.004173630632974807,0.0022935131462499,1.4083187033824065e-06,0.012114690447650941,0.0,0.009899101484373365,0.004265131939086075,0.09090520372589099,0.09090727250789858,0.090909238445161,0.0909100737076039,0.09091016861282948,-1.6637162651920657e-10,0.09090995556054202,0.09090983863144719,0.09091016746907278,-1.6632051388471253e-10,-1.6686747322066066e-10,0.09090983525145008,0.09090969388991668,0.0909085530303352,-1.660041870184263e-10,-1.6649508037518113e-10,-89.0914507883953,-28.009233880890818,-27.972258447224657,-27.99874673136452,-28.898336130571074,-174.6134866029173,-28.841171964346422,-25.930452823796923,-28.9272903204738,-174.63817779229356,-174.64072818709656,-28.9607305866798,-25.19971725568977,-27.960164077655485,-174.7174835890102,-174.63173578907802
18,2013-11-01 18:00:00,0.021593298529571113,-1.4065025987374448e-08,0.00242451504874995,0.0019084159099434887,0.012662017499999996,-1.1787328339659857e-05,5.8955130512672945e-06,0.006331008749999998,90.65209681597696,109.24096310042304,-68.78827070323511,99.9465299582,-65.98344387137442,113.25491352950161,172.71113544689004,218.4745090602752,326.51450157079233,461.41111977300557,473.5548206791846,480.50106009662625,484.28990833886087,513.1455977716604,508.19573577052563,531.153092062733,546.9005300088154,551.8280033571904,183.36198359808273,230.7600301102961,242.32844442669497,0.0,1.375039497461666e-07,0.004098801844199784,0.0,1.2729326739916737e-05,0.004090290661428078,0.0,7.607545945104116e-06,0.004093717090129761,0.0,0.0011886396266183679,0.004097223518758246,0.0,5.246950498186241e-05,0.004097401180531123,0.00114777915874995,5.0208028660644216e-05,0.012097621090520757,0.0,0.0003333664469629832,0.004095329521418429,0.0,7.779845133850063e-05,0.004095832330624386,0.0012767358900000001,1.894218303171831e-05,0.012095748393899014,0.0,0.0001666593702056579,0.004098473747713225,0.09090829614895155,0.0909063341178955,0.0909066999171302,0.0909082495817262,0.09091037954559536,4.521332268661069e-10,0.09091039075873425,0.09091031655122628,0.09091089256093751,4.519124697878722e-10,4.5425970516980867e-10,0.0909110490367929,0.09091102451420102,0.09090636500508381,4.5053890717410854e-10,4.526653081332359e-10,-92.64434449406534,-29.703798241197358,-29.66215255821555,-29.69092922754779,-30.455355974313605,-184.3713546497329,-30.52652627088918,-27.488133110006025,-30.581320941754445,-184.39742141818758,-184.40011217917635,-30.64829226555222,-26.74480469160536,-29.633138625759305,-184.48113340545152,-184.3906176172648
19,2013-11-01 19:00:00,0.024408631094466008,-1.4829366202566478e-08,0.0014369531149999498,7.148223974599387e-05,0.011588145000000001,-8.419868222373257e-06,4.2112547949539505e-06,0.0057940725000000005,73.13599781597696,91.72486410042305,-68.91121782210483,82.4304309582,-65.98349621035396,96.26215299189013,159.11985499314116,203.7813818189463,305.73405242549853,430.7885472214221,443.21667877664044,450.733711777948,454.79831183422294,475.58534700436246,471.35549236594693,491.3709984932479,505.5090442183644,509.9046159758273,175.25380317204974,229.27523629845462,243.30917894282692,0.0,1.206014653146347e-05,0.004086743316345317,0.0,-4.990111581072048e-06,0.004095277567002992,0.0,5.8006147528442235e-06,0.004087914822354758,0.0,9.454243943508444e-06,0.004087768746132998,0.0,9.414490730777669e-06,0.004087986071357399,0.00045474257625,8.561158103954999e-06,0.012089059411584247,0.0,3.780015694215226e-06,0.004091547261723679,0.0,5.992777816550068e-06,0.004089837758439774,0.0009822105387499499,5.312934441704345e-06,0.012090433561452861,0.0,1.6213401926941743e-05,0.004082262227330243,0.09090829173626114,0.09090773876180645,0.09090777766473997,0.09090858516322559,0.09090978985168045,-1.6135524211025775e-11,0.09090995853623508,0.09090995747030045,0.09090999794113454,-1.609508158413452e-11,-1.65239992507582e-11,0.09091007111667293,0.09091006730807083,0.0909077645306852,-1.584306381753354e-11,-1.6232876408141546e-11,-96.29316260908986,-31.376090095979272,-31.332816711875704,-31.36220486857664,-32.124810376425515,-194.1079869466619,-32.19564682006712,-29.115626860406426,-32.2514496421622,-194.13542542983967,-194.1382577106562,-32.32278938969439,-28.320274812751446,-31.30230055697574,-194.22354736463132,-194.12826329703074
20,2013-11-01 20:00:00,0.024682733080665955,-1.5972846737074218e-08,0.00101452696124985,-0.0009677733805082376,0.010776644999998503,-5.405875424095129e-06,2.7037856428586196e-06,0.005388322499999251,60.877661899576964,79.46652818402305,-69.11830058753249,70.1720950418,-65.98385952482856,84.05476961165739,151.30690258957654,192.87986982710123,284.542194959635,397.53567711315895,409.31978420897696,416.2349523809655,419.7847767417031,435.95799329412694,432.2359146234973,448.8560256428292,460.68634951052184,464.2953704199751,173.7924715528797,231.9822804930219,247.23880598161813,0.0,8.574806729624404e-06,0.0040781673902019755,0.0,-0.00034503326397488006,0.004440313421874474,0.0,-7.508354449362148e-06,0.00409541995775907,0.0,-4.656096128795515e-06,0.004092422600693769,0.0,-6.322904981488122e-06,0.004094306861846237,0.00015893200249994998,-3.4805762206865442e-06,0.01209253904418024,0.0,4.815464696046631e-07,0.004091065536296174,0.0,-3.653464604420371e-06,0.004093489784134376,0.0008555949587499,-1.8415938830511434e-06,0.012092274208611298,0.0,-0.000604235267952231,0.004686492158354333,0.09090577233723851,0.09090880715103486,0.0909086806169131,0.0909090904821296,0.09090973268658908,-4.415437403694219e-10,0.0909097634822488,0.09090978170725722,0.09090985754868418,-4.414151888861975e-10,-4.4277625845837996e-10,0.09090992262646694,0.09090989334600745,0.09090870022400076,-4.406127914530499e-10,-4.4185306314359917e-10,-100.21677353591089,-33.03492402205589,-33.018106737030045,-33.02076948792918,-33.78164726982821,-203.8306341963747,-33.85228263114517,-30.760736733640123,-33.90799430041317,-203.85944322880698,-203.86241653143657,-33.98427533526479,-29.905152833887403,-33.009895482473084,-203.95197769135396,-203.8519240628065
21,2013-11-01 21:00:00,0.022538347528056907,-1.657244499446351e-08,0.00056975631874995,0.0012234585377082347,0.009486915000000002,-3.995436352897008e-06,1.9983448732709875e-06,0.004743457500000001,58.82155385777695,77.41042014222303,-69.07751317531381,68.11598699999999,-65.98364641482965,81.60004465115259,151.24712097843656,192.8799100835757,284.53304726312643,394.2801193736485,406.6760435220971,414.509367005233,418.60507145668555,432.64940193489525,429.20379622962287,446.9370816249097,459.6204692139825,463.6695887982246,173.79245834158874,233.54072742417426,249.40016727860584,0.0,-1.0598031318365223e-05,0.004088759255080216,0.0,0.00037727219291129463,0.004063043817003154,0.0,3.9786747350979735e-05,0.004055642196663893,0.0,3.323792366140639e-05,0.004059191643259201,0.0,4.030616452993941e-05,0.004054009674003186,3.47468025e-05,3.8863735760331726e-05,0.0120536836880774,0.0,3.531947533808389e-05,0.004055753731715507,0.0,3.922675554433858e-05,0.004054271863587226,0.0005350095162499499,3.692511639050687e-05,0.012055357203857246,0.0,0.0005932120656056109,0.004093274758538478,0.0909152392152556,0.09090576281384506,0.09090693491964644,0.09090821229399115,0.09090942245386062,5.70161997739361e-10,0.09090965852402544,0.09090970655797022,0.09091004796514512,5.699487625946568e-10,5.721942023572017e-10,0.09091022475937925,0.09091024346441509,0.09090454418037856,5.686122058006918e-10,5.706741248155446e-10,-104.37656101704508,-34.68627329497807,-34.63455124872424,-34.66640718242934,-35.42633147096678,-213.54450919205607,-35.49605396817252,-32.403853477041835,-35.55263762663416,-213.57468825145097,-213.57780346728532,-35.6331745086643,-31.506026241172137,-34.60914939355668,-213.67163419466516,-213.5668127208278
22,2013-11-01 22:00:00,0.018318603766425072,-1.0658903931012426e-08,0.00048723429249989997,-2.3687564135781504e-05,0.007848285,2.9067959200001405e-06,-1.4538539009607114e-06,0.0039241425,17.836426878676953,36.425293163123044,-69.85766282664834,27.1308600209,-65.98591803019131,39.83051470982077,85.75143224633112,100.45161217057338,162.54462745672313,244.9560921606934,258.6977006069353,268.5371380942416,273.2927824392228,265.31394297770254,263.3563007343773,271.5275640904012,277.83854731190723,279.6929467102248,117.24981463202919,184.66312442839654,203.93493180964285,0.0,3.748884887287315e-05,0.004051279748507563,0.0,-5.193748301859152e-06,0.0040682299402309136,0.0,-1.3593197041535291e-05,0.004069226765565297,0.0,-8.513626742615676e-06,0.0040676981688437495,0.0,-1.6866658260829573e-05,0.004070866061618114,4.0513166249999996e-05,-1.81121964036502e-05,0.01207178469119487,0.0,-1.4679733211207917e-05,0.004070423632440244,0.0,-1.6478294805050462e-05,0.004070740008091703,0.0004467211262499,-1.5029179290564062e-05,0.012070376594712254,0.0,4.735700955492387e-05,0.004045932439828178,0.09095295798494069,0.09093396768917081,0.09091502341883784,0.09090322617931018,0.0909023267789194,-1.680506794467094e-09,0.09089789287384786,0.09089144570322913,0.0908912282004407,-1.6798881894505172e-09,-1.6864204018110245e-09,0.09088902870949854,0.09088682610070895,0.09093608476659663,-1.6760193670013835e-09,-1.681993959344186e-09,-109.6485356059112,-36.3064040653177,-36.251864633636615,-36.28483788589699,-37.04285720560864,-223.22831072619798,-37.11225507200212,-34.02013571108261,-37.16872539350809,-223.25985728370884,-223.26311541986556,-37.25388560736567,-33.10419199368891,-36.226300756854,-223.36122392278847,-223.2516287988854
23,2013-11-01 23:00:00,-4.877140222640125e-09,0.028262729153487827,0.0005875416774999,0.0321941366616906,0.005696002499999999,0.0019317776266906755,-4.977205269976568e-15,0.0028480012499999996,44.47773689957695,63.06660318402305,-70.33976441215125,53.7721700418,-65.98539224838864,39.22401560862267,19.238921369802714,9.294516617606762,9.294339671809084,9.294456203246169,8.981414761510706,9.294603611440646,9.294354243899578,9.294597371177503,8.475670558963166,9.518938311922449,9.29458516158011,9.29429253235874,9.294566249947739,54.3030021639368,64.71543363901944,0.0,0.009956010407479805,0.015089326495699907,0.0,0.004490611874805598,0.01508932503538987,0.0,-0.005028300954165907,0.015089326014825915,0.0,0.001240582552552381,0.015089327144663716,0.0,0.009170501040005705,0.01508932823756304,0.00020605399249995,-0.004244385982021395,0.045308066371542104,0.0,0.008834802076691812,0.015089327250049536,0.0,0.008177978944742058,0.015089328322109232,0.00038148768499995,-0.007564197953395767,0.04530806682639324,0.0,0.007160615535487177,0.01508932663644911,0.09091595407520685,0.09090427342032585,0.09089527899382029,0.09090135363247143,0.09090830208811204,-4.919605170844757e-12,0.09091513477656528,0.09091346328007134,0.09090909774142966,-4.917162316177624e-12,-4.942575339439285e-12,0.09091565961313881,0.09091627563638073,0.09090520676708577,-4.901876459134659e-12,-4.925432701847443e-12,-116.75623841795992,-37.52968184050314,-37.685683804494126,-38.09405600679544,-38.6051450797719,-232.90581154780745,-38.36355906629727,-35.79152350769603,-38.43327416942068,-232.93872726018782,-232.9421269132227,-38.549252039563186,-34.997564663204926,-37.55660463171734,-233.04450282086773,-232.93014272496043
