,Timestep,Status,Obj,P Feed In,P Feed Out,P Local Gen,P Local Dem,Q Feed In,Q Feed Out,Q Local Gen,Q Local Dem,FT,Lambda Feed,GT,Max Price Diff,Surplus,Spot,g_P_1,g_P_2,g_P_3,g_P_4,g_P_6,g_P_7,g_P_8,g_P_11,g_P_12,g_P_13,g_Q_1,g_Q_2,g_Q_3,g_Q_4,g_Q_6,g_Q_7,g_Q_8,g_Q_11,g_Q_12,g_Q_13,f_P_1,f_P_2,f_P_3,f_P_4,f_P_5,f_P_6,f_P_7,f_P_8,f_P_9,f_P_10,f_P_11,f_P_12,f_P_13,f_P_14,f_P_15,f_Q_1,f_Q_2,f_Q_3,f_Q_4,f_Q_5,f_Q_6,f_Q_7,f_Q_8,f_Q_9,f_Q_10,f_Q_11,f_Q_12,f_Q_13,f_Q_14,f_Q_15,Balance N0,Balance N1,Balance N2,Balance N3,Balance N4,Balance N5,Balance N6,Balance N7,Balance N8,Balance N9,Balance N10,Balance N11,Balance N12,Balance N13,Balance N14,Balance N15
0,2013-11-01 00:00:00,1,0.003512414595148984,0.0,0.00075631295,0.0045198242,0.0037635112558101636,0.00208254,0.0,0.0,0.0020825400000000003,64.14682420276118,64.146824,84.06027979723883,0,-3.727035138845203e-10,74.10355200000001,0.0,0.0,0.0,0.0,0.0,0.0016323858,0.0,0.0,0.0028874384,0.0,0.0,0.0,0.0,0.0,0.0,0.0,0.0,0.0,0.0,0.0,-0.00075631295,-0.0015484688,-0.0018471745,-0.0021781142,-0.00070971379,-0.00099517661,-0.0012097675,0.00013799387,-0.001761331,-0.002211187,-0.0023656905,-0.0026309456,0.00053693502,0.00035997554,0.00014177762,0.00208254,0.001527196,0.00138836,0.001249524,0.000416508,0.000277672,0.000138836,0.000138836,0.00069418,0.000416508,0.000277672,0.000138836,0.000416508,0.000277672,0.000138836,-0.0485150736925708,-0.016371605842421175,-0.019161020190750538,-0.021228729472192395,-0.018790571914703635,-0.018311533533956082,-0.013765325851471315,0.07760274694563965,-0.008851868390622733,-0.02000496072699236,-0.009910912228864978,-0.01701527305967641,0.1687668037393571,-0.011351388302214839,-0.013996703989722636,-0.009094583861540377
1,2013-11-01 01:00:00,1,-0.012303357234281019,0.0,0.00065100659,0.0040763731,0.0034253664462260713,0.0017217488,0.0,0.0,0.0017217487500000008,43.44653426996118,43.446534,63.359989864438816,0,2.7707561904566358e-09,53.4032620672,0.0,0.0,0.0,0.0,0.0,0.0013832249,0.0,0.0,0.0026931482,0.0,0.0,0.0,0.0,0.0,0.0,0.0,0.0,0.0,0.0,0.0,-0.00065100659,-0.0014999945,-0.0016472268,-0.0018504069,-0.00062134889,-0.00084567996,-0.0011013019,0.0001729125,-0.0014639851,-0.0019525031,-0.0021513566,-0.0024295401,0.00063319755,0.00038079037,0.00017975701,0.0017217488,0.0012626158,0.0011478325,0.0010330492,0.00034434975,0.0002295665,0.00011478325,0.00011478325,0.00057391625,0.00034434975,0.0002295665,0.00011478325,0.00034434975,0.0002295665,0.00011478325,-0.07679905363922986,-0.02574695094754939,-0.025557749922718507,-0.03005620026027065,-0.02899734153521657,-0.028057941071363595,-0.024871214692049542,0.12545050120927653,-0.016364317114775276,-0.03371692446437049,-0.01855040863249406,-0.029101382872279896,0.27432190129975453,-0.022317605496182315,-0.022730906641115278,-0.016904402821362925
2,2013-11-01 02:00:00,1,-0.02940085812743947,0.0,0.00019300314,0.0034529771,0.0032599739835667964,0.0015639637,0.0,0.0,0.0015639637500000005,25.80007220276118,25.800072,45.71352779723882,0,-6.080250591206093e-10,35.7568,0.0,0.0,0.0,0.0,0.0,0.0011899319,0.0,0.0,0.0022630452,0.0,0.0,0.0,0.0,0.0,0.0,0.0,0.0,0.0,0.0,0.0,-0.00019300314,-0.0013242267,-0.0015365433,-0.0017121714,-0.00082567131,-0.000862204,-0.00090843199,0.00019895626,-0.0012434395,-0.0015934417,-0.0017468146,-0.0020545019,0.00088359602,0.00056390344,0.0003250078,0.0015639637,0.0011469067,0.0010426425,0.00093837825,0.00031279275,0.0002085285,0.00010426425,0.00010426425,0.00052132125,0.00031279275,0.0002085285,0.00010426425,0.00031279275,0.0002085285,0.00010426425,-0.08177854854745593,-0.03213575824028244,-0.03103553369885507,-0.03458741761901842,-0.03820640435575082,-0.02900048723087464,-0.026063900016528814,0.14888811142058797,-0.02149740290812391,-0.0376139213403753,-0.022507441401931148,-0.037039735363759166,0.32732819703403704,-0.030565697209615043,-0.028894431350906347,-0.025289627381120266
3,2013-11-01 03:00:00,1,-0.03734826896483294,0.00019908944,0.0,0.0028029856000000002,0.00300207503407564,0.00147159,0.0,0.0,0.0014715899999999998,27.500934269961185,47.41439,47.414389864438824,0,2.8089990403157294e-10,37.457662067200005,0.0,0.0,0.0,0.0,0.0,0.0012052911,0.0,0.0,0.0015976945,0.0,0.0,0.0,0.0,0.0,0.0,0.0,0.0,0.0,0.0,0.0,0.00019908944,-0.00064635668,-0.00088533101,-0.0010261015,-0.0005870032,-0.00079968758,-0.0010240461,0.00026931713,-0.00059362763,-0.0011178293,-0.0012697295,-0.0014689792,0.00066951209,0.0004367178,0.0002348728,0.00147159,0.001079166,0.00098106,0.000882954,0.000294318,0.000196212,9.8106e-05,9.8106e-05,0.00049053,0.000294318,0.000196212,9.8106e-05,0.000294318,0.000196212,9.8106e-05,-0.07233884419441433,-0.04047756271275211,-0.042366355881098036,-0.04126196692487803,-0.045533315764836414,-0.0390847874615949,-0.036701721693889196,0.19744263066788156,-0.03426691016032192,-0.04969911739862856,-0.02970969689423908,-0.04648703830472747,0.3969789521073552,-0.04160349672876764,-0.03846478875297804,-0.03642597783118344
4,2013-11-01 04:00:00,1,-0.024739854366443437,0.0,5.4580753e-06,0.0025082202,0.002502762097239073,0.001464975,0.0,0.0,0.0014649750000000003,42.83770516916118,42.837705,62.75116076363882,0,1.176363065985564e-09,52.7944329664,0.0,0.0,0.0,0.0,0.0,0.00118178,0.0,0.0,0.0013264402,0.0,0.0,0.0,0.0,0.0,0.0,0.0,0.0,0.0,0.0,0.0,-5.4580753e-06,-0.00090458986,-0.00092448748,-0.0010536193,-0.0009334676,-0.0010284333,-0.0011218836,0.00021839993,-0.00042706176,-0.0008308052,-0.0010247156,-0.0011044273,0.0007542235,0.0004847857,0.00035963083,0.001464975,0.001074315,0.00097665,0.000878985,0.000292995,0.00019533,9.7665e-05,9.7665e-05,0.000488325,0.000292995,0.00019533,9.7665e-05,0.000292995,0.00019533,9.7665e-05,-0.07257265561398352,-0.04668510115393013,-0.04321872417542732,-0.046793679641564494,-0.05868063681073965,-0.043152900273927555,-0.040704916226343014,0.24550154691397036,-0.04362266177280048,-0.057638807863607415,-0.038016371652737066,-0.049901706471531575,0.4442900850898602,-0.05314559370420933,-0.04382613625034133,-0.05183173714539703
5,2013-11-01 05:00:00,1,-0.11318300830913315,0.0012326221,0.0,0.0029625521,0.004195174205490371,0.001752195,0.0,0.0,0.0017521949999999994,47.97895316916118,67.892409,67.89240876363883,0,-3.7275441761019934e-10,57.9356809664,0.0,0.0,0.0,0.0,0.0,0.0013469613,0.0,0.0,0.0016155908,0.0,0.0,0.0,0.0,0.0,0.0,0.0,0.0,0.0,0.0,0.0,0.0012326221,0.00022775975,-0.00014950478,-0.00036534558,-0.00038310809,-0.00089941776,-0.001185263,0.00035120029,-0.00017827996,-0.00075441676,-0.00089653201,-0.0011768634,0.00078061942,0.00068328868,0.00048872826,0.001752195,0.001284943,0.00116813,0.001051317,0.000350439,0.000233626,0.000116813,0.000116813,0.000584065,0.000350439,0.000233626,0.000116813,0.000350439,0.000233626,0.000116813,0.011113028141655393,-0.061909495749958604,-0.06883212247377274,-0.061447631549538216,-0.07199043185148375,-0.07820640734862042,-0.06011164142604449,0.3259719121860034,-0.06746649555684767,-0.0729102897379901,-0.04766491828112909,-0.06893407868351048,0.5241901753651641,-0.05975361222882084,-0.05703531187902406,-0.08501267605154629
6,2013-11-01 06:00:00,1,-0.6693034380280359,0.0074729401,0.0,0.0031803012799999997,0.010653241351524219,0.0027591525,0.0,0.0,0.0027591524999999997,65.41280626996118,85.326262,85.32626186443883,0,2.4297320266875033e-09,75.36953406720001,4.4496e-07,4.4496e-07,4.4496e-07,4.4496e-07,4.4496e-07,0.0012848893,4.4496e-07,4.4496e-07,0.0018918523,4.4496e-07,0.0,0.0,0.0,0.0,0.0,0.0,0.0,0.0,0.0,0.0,0.0074729401,0.0040489117,0.0029056645,0.0013862917,0.00028058784,-0.00029814267,-0.00042178562,0.00078605226,0.00075530749,-9.8706388e-05,-0.00077660828,-0.0015322331,0.0021302545,0.00141198,0.00018503358,0.0027591525,0.0020233785,0.001839435,0.0016554915,0.0005518305,0.000367887,0.0001839435,0.0001839435,0.0009197175,0.0005518305,0.000367887,0.0001839435,0.00055183052,0.000367887,0.0001839435,0.6487510730245616,-0.17230238278364107,-0.16638113625141554,-0.19109003742392427,-0.10188843963550598,-0.12758731885593422,-0.07066163195000888,0.3619613015724261,-0.13453739666926684,-0.07870920084592899,-0.10550775316133326,-0.1334087194266061,0.654929901927747,-0.12104129396979804,-0.16172606021351293,-0.10080090003359041
7,2013-11-01 07:00:00,1,-0.6269116305116567,0.0065078708,0.0,0.0031441559200000003,0.009652026762193781,0.0040712138,0.0,0.0,0.004071213749999248,71.60743413556118,91.52089,91.52088973003883,0,-3.861612356270694e-09,81.5641619328,6.6164025e-06,6.6164025e-06,6.6164025e-06,6.6164025e-06,6.6164025e-06,0.0015136437,6.6164025e-06,6.6164025e-06,0.001577581,6.6164025e-06,0.0,0.0,0.0,0.0,0.0,0.0,0.0,0.0,0.0,0.0,0.0065078708,0.0031419058,0.0030153009,0.0022612573,0.00017859495,-0.00057881916,-0.0013956516,0.00029652838,0.0018746594,0.00019099233,-0.00077933598,-0.0011446371,0.002832973,0.0015852423,0.00036679686,0.0040712138,0.0029855567,0.0027141425,0.0024427282,0.00081424275,0.0005428285,0.00027141425,0.00027141425,0.0013570712,0.00081424275,0.0005428285,0.00027141425,0.00081424278,0.0005428285,0.00027141425,1.2443572006455734,-0.22108229153376036,-0.17796812214836707,-0.26010077950075955,-0.12092505839661527,-0.1969065318610838,-0.14541886624845138,0.48969257725340626,-0.16167593756212767,-0.20566136837870597,-0.19431306336684534,-0.16684140297565683,0.7596881081233832,-0.2352347143050511,-0.2732392732686679,-0.13437047503361488
8,2013-11-01 08:00:00,1,-0.4362206598088439,0.0054789451,0.0,0.00235735174,0.007836296850546275,0.0039585638,0.0,0.0,0.00395856375,55.42023413556118,75.33369,75.33368973003883,0,-7.944898766654163e-10,65.3769619328,5.47551e-05,5.47551e-05,5.47551e-05,5.47551e-05,5.47551e-05,0.0010723536,5.47551e-05,5.47551e-05,0.00084695734,5.47551e-05,0.0,0.0,0.0,0.0,0.0,0.0,0.0,0.0,0.0,0.0,0.0054789451,0.0034432058,0.0029801492,0.002539896,0.00041483802,-0.0001419801,-0.00059796032,0.00044237524,0.0016131787,0.00064450399,0.00011011836,-0.00037892692,0.0015303349,0.0010863673,0.00055605321,0.0039585638,0.0029029468,0.0026390425,0.0023751383,0.00079171275,0.0005278085,0.00026390425,0.00026390425,0.0013195213,0.00079171275,0.0005278085,0.00026390425,0.00079171278,0.0005278085,0.00026390425,1.6571063523359926,-0.25915627031143057,-0.21285188215413461,-0.2932666789926626,-0.15948681455873837,-0.23885369549549007,-0.17976953864351738,0.5347391342071741,-0.19500169653736898,-0.24530944909273636,-0.23457030502998533,-0.20368298877990032,0.7882340713577476,-0.2686804309650399,-0.3131897913248101,-0.17626001536693373
9,2013-11-01 09:00:00,1,-0.52322368145386,0.0075626523,0.0,0.00301521582,0.010577868152769105,0.0040715925,0.0,0.0,0.004071592499999999,45.30202420276118,65.21548,65.21547979723883,0,-2.1370530067787996e-09,55.258752,0.00016517175,0.00016517175,0.00016517175,0.00016517175,0.00016517175,0.00083517085,0.00016517175,0.00016517175,0.00085867097,0.00016517175,0.0,0.0,0.0,0.0,0.0,0.0,0.0,0.0,0.0,0.0,0.0075626523,0.0040386679,0.0032383419,0.0025955072,0.00012170459,-0.00044466376,-0.00028381801,0.00055421236,0.0020480658,0.00055958531,0.00050772452,-0.00044435579,0.0022984849,0.0014506541,0.0008728733,0.0040715925,0.0029858345,0.002714395,0.0024429555,0.0008143185,0.000542879,0.0002714395,0.0002714395,0.0013571975,0.0008143185,0.000542879,0.0002714395,0.0008143185,0.000542879,0.0002714395,2.1503083521535964,-0.3390778055726708,-0.2650455275269583,-0.33518945483496715,-0.18725144119082826,-0.27578967936326115,-0.1692799059057587,0.5532484623077435,-0.23114492133336095,-0.30623819648921746,-0.2379524314731007,-0.26577336310092076,0.8172129469953111,-0.32397212857654867,-0.3508700407849177,-0.23318486679302758
10,2013-11-01 10:00:00,1,-0.2769537793637711,0.004115335,0.0,0.00416407054,0.00827940558475007,0.0041130825,0.0,0.0,0.004113082500000001,37.30989620276118,57.223352,57.22335179723882,0,-2.560749078062141e-09,47.266624,0.000274748,0.000274748,0.000274748,0.000274748,0.000274748,0.00078675724,0.000274748,0.000274748,0.0011793293,0.000274748,0.0,0.0,0.0,0.0,0.0,0.0,0.0,0.0,0.0,0.0,0.004115335,0.0024702707,0.0021938562,0.0019071926,0.00060151944,3.8205637e-05,-0.00025041848,0.00028486232,0.0010300977,0.0002002313,-0.00037053798,-0.00064171526,0.0013837695,0.0011192285,0.00057690214,0.0041130825,0.0030162605,0.002742055,0.0024678495,0.0008226165,0.000548411,0.0002742055,0.0002742055,0.0013710275,0.0008226165,0.000548411,0.0002742055,0.0008226165,0.000548411,0.0002742055,2.3858016154565163,-0.35402997263803465,-0.28086288969442585,-0.3515933098792251,-0.20302079362651937,-0.30802438323951303,-0.18579594540101108,0.5675782474839884,-0.2474456984237875,-0.3374251550627781,-0.2706137629323896,-0.28129103572190256,0.8539340435963108,-0.33911005207390355,-0.38190377108555784,-0.26619714080740364
11,2013-11-01 11:00:00,1,-0.24784385492639435,0.0044017749,0.0,0.00400327646,0.008405051359433915,0.0041025713,0.0,0.0,0.004102571249999999,27.336648202761182,47.250104,47.25010379723882,0,2.6747461884246704e-11,37.293376,0.000247758,0.000247758,0.000247758,0.000247758,0.000247758,0.00067839986,0.000247758,0.000247758,0.0013428126,0.000247758,0.0,0.0,0.0,0.0,0.0,0.0,0.0,0.0,0.0,0.0,0.0044017749,0.0027888787,0.0025361863,0.0021935768,0.00067450212,0.00018857739,-0.00013100107,0.0003570427,0.0011880907,0.0002534646,-0.00035818138,-0.000706433,0.0012813117,0.00099020178,0.00056215253,0.0041025713,0.0030085522,0.0027350475,0.0024615427,0.00082051425,0.0005470095,0.00027350475,0.00027350475,0.0013675237,0.00082051425,0.0005470095,0.00027350475,0.00082051428,0.0005470095,0.00027350475,2.593785937266106,-0.3696973737807681,-0.29280263281326807,-0.3677816454341368,-0.21865981880402915,-0.3309843770871809,-0.2008960609118445,0.5737680614250806,-0.26431600316148796,-0.36471603094693367,-0.2995140992310025,-0.2977459607590685,0.8873130762987825,-0.3528650271031199,-0.4021291426316376,-0.29275890634838037
12,2013-11-01 12:00:00,1,-0.23763300091271522,0.0040273022,0.0,0.00371897144,0.0077462736125822095,0.004310025,0.0,0.0,0.004310025,29.89761013556118,49.811066,49.81106573003882,0,1.3657094274921455e-09,39.8543379328,0.00023676075,0.00023676075,0.00023676075,0.00023676075,0.00023676075,0.00074807764,0.00023676075,0.00023676075,0.0010768078,0.00023676075,0.0,0.0,0.0,0.0,0.0,0.0,0.0,0.0,0.0,0.0,0.0040273022,0.0022873467,0.0019903701,0.0017671556,0.00039700495,-0.00036268181,-0.00029552951,8.8384031e-05,0.000710514,0.00034260582,-0.00022454129,-0.00089632439,0.0011252614,0.0010346711,0.00082116565,0.004310025,0.003160685,0.00287335,0.002586015,0.000862005,0.00057467,0.000287335,0.000287335,0.001436675,0.000862005,0.00057467,0.000287335,0.000862005,0.00057467,0.000287335,2.7943901529522512,-0.4003159438965167,-0.3075953557986102,-0.37890019482868775,-0.2515170250028296,-0.36882518488766664,-0.19755113306777117,0.588488701190071,-0.2687185059730639,-0.37863942645561416,-0.3277643017363903,-0.33120819274323776,0.9319599512976091,-0.35737742539433176,-0.4127640757624945,-0.3336620425498964
13,2013-11-01 13:00:00,1,-0.44266445299831164,0.0054133594,0.0,0.00284924007,0.008262599489907011,0.00412266,0.0,0.0,0.0041226599999999985,56.61856723636118,76.532023,76.53202283083883,0,-1.5235239528288425e-09,66.5752950336,0.00015543325,0.00015543325,0.00015543325,0.00015543325,0.00015543325,0.00076587019,0.00015543325,0.00015543325,0.00083990388,0.00015543325,0.0,0.0,0.0,0.0,0.0,0.0,0.0,0.0,0.0,0.0,0.0054133594,0.0035319753,0.003128412,0.0027272778,0.0007465126,0.00019018132,-0.00020230886,0.0004037355,0.0015989337,0.00065603336,0.000105338,-0.00028672803,0.0014814308,0.0011076959,0.00054839225,0.00412266,0.003023284,0.00274844,0.002473596,0.000824532,0.000549688,0.000274844,0.000274844,0.00137422,0.000824532,0.000549688,0.000274844,0.00082453203,0.000549688,0.000274844,3.2086854990603175,-0.4309251787316442,-0.3384808696676495,-0.40959981152000885,-0.28073935680389306,-0.4114023432303584,-0.22758920091061208,0.6039718079345283,-0.29961720023036204,-0.4199028064105892,-0.36991013127053307,-0.3612137990903248,0.9539038269637813,-0.3859801126986969,-0.4555687164131189,-0.3756316111615394
14,2013-11-01 14:00:00,1,-0.8239034147167847,0.0091567063,0.0,0.0024917127000000003,0.011648419005991792,0.00452481,0.0,0.0,0.004524810000000001,67.35527220276117,87.268728,87.26872779723882,0,-5.228963061154612e-10,77.312,8.87785e-05,8.87785e-05,8.87785e-05,8.87785e-05,8.87785e-05,0.00084272193,8.87785e-05,8.87785e-05,0.00093876277,8.87785e-05,0.0,0.0,0.0,0.0,0.0,0.0,0.0,0.0,0.0,0.0,0.0091567063,0.0069499262,0.0069112009,0.0069665793,-5.2618526e-05,-0.00014493155,-0.00015367534,0.0011178131,0.0059072389,0.0018632981,0.00061754389,0.00023848304,0.0012724216,0.0013513821,0.00019462973,0.00452481,0.003318194,0.00301654,0.002714886,0.000904962,0.000603308,0.000301654,0.000301654,0.00150827,0.000904962,0.000603308,0.000301654,0.000904962,0.000603308,0.000301654,4.007779610530903,-0.5124654530756871,-0.3418603811203697,-0.4047670083360605,-0.3777785925641758,-0.41945838313790507,-0.2283522610726275,0.6173828600991487,-0.3971673268747609,-0.675262255079655,-0.47862551427363864,-0.3942939567113565,0.933091715369414,-0.37908933708110004,-0.5565170208508132,-0.39261670052491615
15,2013-11-01 15:00:00,1,-0.7882889234865862,0.0079267009,0.0,0.00247119464,0.010397895485231992,0.005219505,0.0,0.0,0.005219505000000002,76.42976723636117,96.343223,96.34322283083883,0,5.276526313102714e-09,86.3864950336,1.421388e-05,1.421388e-05,1.421388e-05,1.421388e-05,1.421388e-05,0.0011302402,1.421388e-05,1.421388e-05,0.0012272434,1.421388e-05,0.0,0.0,0.0,0.0,0.0,0.0,0.0,0.0,0.0,0.0,0.0079267009,0.0052088102,0.004778231,0.0035340904,0.0008666469,5.0991982e-05,-0.00077391072,0.00095418005,0.0018245407,0.00030773999,-0.00021147168,-0.0006307864,0.0019220527,0.0014862421,0.00086420814,0.005219505,0.003827637,0.00347967,0.003131703,0.001043901,0.000695934,0.000347967,0.000347967,0.001739835,0.001043901,0.000695934,0.000347967,0.001043901,0.000695934,0.000347967,4.771463522993904,-0.589139044763276,-0.3833437696726032,-0.5246315273441559,-0.45898655571606917,-0.4980412069829342,-0.3078260463185558,0.6919439137245812,-0.48909610862263037,-0.729466947312746,-0.5286480395828909,-0.43469208787172997,0.9938637123267611,-0.4210767378437741,-0.6164457779636431,-0.4758772984773114
16,2013-11-01 16:00:00,1,-1.1732846685945504,0.0096733074,0.0,0.00294353348,0.01261684092664457,0.0061270237,0.0,0.0,0.00612702374999925,98.34772020276117,118.26118,118.26117579723882,0,-5.516241657899101e-09,108.304448,2.014475e-07,2.014475e-07,2.014475e-07,2.014475e-07,2.014475e-07,0.0013464911,2.014475e-07,2.014475e-07,0.0015954308,2.014475e-07,0.0,0.0,0.0,0.0,0.0,0.0,0.0,0.0,0.0,0.0,0.0096733074,0.0062973764,0.0053237517,0.0046211819,0.0010576377,0.0003181221,-0.00057689453,0.00091780863,0.0027267647,0.0009520078,0.00018106143,-0.00054425657,0.0027042135,0.0016962942,0.00088158692,0.0061270237,0.0044931507,0.0040846825,0.0036762142,0.0012254047,0.0008169365,0.00040846825,0.00040846825,0.0020423412,0.0012254047,0.0008169365,0.00040846825,0.0012254047,0.0008169365,0.00040846825,5.9154402706206355,-0.6685771526042618,-0.49848577757583473,-0.6077182580897527,-0.5579450891529081,-0.5854971923185852,-0.4136717687893019,0.7601681405511463,-0.5976372398452694,-0.8308106591344654,-0.619821067672309,-0.5204690496488265,1.0582281312474113,-0.5402744608215997,-0.7127940240252388,-0.5801348076841559
17,2013-11-01 17:00:00,1,-1.4178028394514202,0.010595327,0.0,0.0028728284,0.013468155005260786,0.0063968813,0.0,0.0,0.006396881249999998,111.20084310196117,131.1143,131.11429869643882,0,5.1755956131938063e-08,121.1575708992,0.0,0.0,0.0,0.0,0.0,0.0013438196,0.0,0.0,0.0015290088,0.0,0.0,0.0,0.0,0.0,0.0,0.0,0.0,0.0,0.0,0.0,0.010595327,0.0071609246,0.0061420219,0.0055608135,0.00096521376,0.00037038035,-0.00059938589,0.001381074,0.00352732,0.0014866578,0.00072352572,-0.00062993857,0.0029012934,0.0021660861,0.00097014024,0.0063968813,0.0046910463,0.0042645875,0.0038381287,0.0012793763,0.0008529175,0.00042645875,0.00042645875,0.0021322938,0.0012793763,0.0008529175,0.00042645875,0.0012793763,0.0008529175,0.00042645875,7.304639153496735,-0.7384753137324901,-0.6320784978939339,-0.6839229896538668,-0.6980118346843135,-0.6634883580171012,-0.5408219911338508,0.8387562053224057,-0.7787157939072494,-0.9172921046987219,-0.7198785944313488,-0.6979275717851456,1.1408220899713626,-0.6366706552596019,-0.8695996309417895,-0.7073340658384503
18,2013-11-01 18:00:00,1,-1.2158595870916427,0.011046874,0.0,0.00161634337,0.012663217129006794,0.0063310088,0.0,0.0,0.006331008749999998,88.69338613556117,108.60684,108.60684173003882,0,2.617351074762908e-08,98.6501139328,0.0,0.0,0.0,0.0,0.0,0.00076518611,0.0,0.0,0.00085115726,0.0,0.0,0.0,0.0,0.0,0.0,0.0,0.0,0.0,0.0,0.0,0.011046874,0.0076545818,0.0068108616,0.0059846425,0.0017873452,0.0009325104,9.6231887e-05,0.00084409435,0.0033456857,0.0016700565,0.00081770648,-2.26498e-05,0.0025447468,0.0017185829,0.00086832388,0.0063310088,0.0046427397,0.0042206725,0.0037986053,0.0012662018,0.0008441345,0.00042206725,0.00042206725,0.0021103363,0.0012662018,0.0008441345,0.00042206725,0.0012662018,0.0008441345,0.00042206725,8.504405230514894,-0.830524516098942,-0.7237122835488246,-0.7736560297791895,-0.7905026773417951,-0.7563292619884616,-0.631647557657929,0.8283047645871424,-0.8703902134544931,-1.0076024828570675,-0.8124496366239549,-0.7891960115892197,1.143282013130574,-0.7263977110031978,-0.9619435747761222,-0.8016399785272641
19,2013-11-01 19:00:00,1,-0.980295025934375,0.010630515,0.0,0.0009579687499999999,0.011588484163122345,0.0057940725,0.0,0.0,0.0057940725000000005,71.40449013556119,91.317946,91.31794573003884,0,-3.7725483931216885e-08,81.36121793280002,0.0,0.0,0.0,0.0,0.0,0.00030316172,0.0,0.0,0.00065480703,0.0,0.0,0.0,0.0,0.0,0.0,0.0,0.0,0.0,0.0,0.0,0.010630515,0.0075373576,0.006759682,0.0059767702,0.001987335,0.0012398715,0.00047169488,0.00078594253,0.0032203286,0.0016338832,0.0009034209,0.00011949293,0.0023185816,0.0015376184,0.00077402118,0.0057940725,0.0042489865,0.003862715,0.0034764435,0.0011588145,0.000772543,0.0003862715,0.0003862715,0.0019313575,0.0011588145,0.000772543,0.0003862715,0.0011588145,0.000772543,0.0003862715,9.475162025237085,-0.9012572254179275,-0.7947280210438117,-0.8451499268149322,-0.8607359108170174,-0.8245860950810622,-0.7017958652488108,0.7852305575507825,-0.9421608713054374,-1.080702759726588,-0.8791539560715363,-0.8607827038257265,1.1323701649082474,-0.7977136704004324,-1.0316737036671864,-0.8723220030149799
20,2013-11-01 20:00:00,1,-0.8360271754536059,0.01046841,0.0,0.00067635131,0.011144761351166226,0.0053883225,0.0,0.0,0.005388322499999251,59.30515826996119,79.218614,79.21861386443884,0,-3.2611314933206348e-09,69.26188606720001,0.0,0.0,0.0,0.0,0.0,0.00010595467,0.0,0.0,0.00057039664,0.0,0.0,0.0,0.0,0.0,0.0,0.0,0.0,0.0,0.0,0.0,0.01046841,0.0074214426,0.0065950023,0.005845029,0.0020080278,0.0011303013,0.00093558732,0.00073730268,0.0029803179,0.0012569383,0.000967044,0.00014105464,0.0021032664,0.0010087205,0.00024172671,0.0053883225,0.0039514365,0.003592215,0.0032329935,0.0010776645,0.000718443,0.0003592215,0.0003592215,0.0017961075,0.0010776645,0.000718443,0.0003592215,0.0010776645,0.000718443,0.0003592215,10.304454956220825,-0.9760159139261272,-0.86019747322405,-0.904561775579955,-0.9286011665116299,-0.894118372021235,-0.7172208399628801,0.7111146266694657,-1.0005689673387004,-1.158818410253941,-0.90211897957316,-0.9262164364698118,1.1211960121956865,-0.8844220782280755,-1.0924338918496466,-0.8914712581472302
21,2013-11-01 21:00:00,1,-0.6826328748869891,0.008794639,0.0,0.00037983754500000005,0.009174476574728163,0.0047434575,0.0,0.0,0.004743457500000001,57.27572020276117,77.189176,77.18917579723882,0,-2.294692304227741e-09,67.23244799999999,0.0,0.0,0.0,0.0,0.0,2.3164535e-05,0.0,0.0,0.00035667301,0.0,0.0,0.0,0.0,0.0,0.0,0.0,0.0,0.0,0.0,0.0,0.008794639,0.0063601977,0.0057908358,0.0051325797,0.0018761092,0.0012140411,0.00057644256,0.00062204154,0.0026921291,0.0014650073,0.00083230521,0.00024848293,0.0018023895,0.0011880268,0.00056225556,0.0047434575,0.0034785355,0.003162305,0.0028460745,0.0009486915,0.000632461,0.0003162305,0.0003162305,0.0015811525,0.0009486915,0.000632461,0.0003162305,0.0009486915,0.000632461,0.0003162305,10.98330589384829,-1.0248034726132307,-0.9041460527597389,-0.9553720187712823,-0.9721622130622422,-0.9452228660646779,-0.7664365457202442,0.6666195007683292,-1.0485838416265412,-1.205524054489387,-0.9509567322675231,-0.9712811974352891,1.1020158196686276,-0.9318442320895474,-1.1407366563771653,-0.9348713013035345
22,2013-11-01 22:00:00,1,-0.45691989120868404,0.012350005,0.0,0.000324822857,0.01267482806605168,0.0039241425,0.0,0.0,0.0039241425,16.82221523636118,36.735671,36.73567083083882,0,-7.679653716771706e-09,26.7789430336,0.0,0.0,0.0,0.0,0.0,2.7008777e-05,0.0,0.0,0.00029781408,0.0,0.0,0.0,0.0,0.0,0.0,0.0,0.0,0.0,0.0,0.0,0.012350005,0.0095122984,0.0085147061,0.0084532208,0.0027302375,0.0016228432,0.00095541424,0.0003602241,0.0055506952,0.0030776122,0.0024114943,0.00089364349,0.0027553792,0.0020557409,0.00023096118,0.0039241425,0.0028777045,0.002616095,0.0023544855,0.0007848285,0.000523219,0.0002616095,0.0002616095,0.0013080475,0.0007848285,0.000523219,0.0002616095,0.0007848285,0.000523219,0.0002616095,11.436991614376645,-1.0278278352871788,-0.9407932741262601,-0.9576307243648918,-0.9784913295221237,-0.9859037377094875,-0.7909549965613089,0.631521717599795,-1.061816915732633,-1.2831413465537604,-0.9754270194486013,-1.027040465211489,1.0691872263699362,-0.9575459134377325,-1.2077711633029926,-0.9433558150627271
23,2013-11-01 23:00:00,1,-0.34743911410735095,0.0054502842,0.0,0.00039169445,0.005841978619422291,0.0028480013,0.0,0.0,0.0028480012499999996,43.11795826996118,63.031414,63.03141386443882,0,1.9273561982502407e-09,53.0746860672,0.0,0.0,0.0,0.0,0.0,0.00013736933,0.0,0.0,0.00025432512,0.0,0.0,0.0,0.0,0.0,0.0,0.0,0.0,0.0,0.0,0.0,0.0054502842,0.0038335218,0.0033960412,0.0030408683,0.00098158787,0.00059131234,0.0002620263,0.00043675173,0.0016480513,0.00076018703,0.00045932926,0.00012831844,0.0011932737,0.00079006049,0.00042449804,0.0028480013,0.0020885342,0.0018986675,0.0017088007,0.00056960025,0.0003797335,0.00018986675,0.00018986675,0.00094933375,0.00056960025,0.0003797335,0.00018986675,0.00056960025,0.0003797335,0.00018986675,11.780530734204504,-1.0545209237397064,-0.9683682980929181,-0.980017774761713,-1.0044116830399843,-1.0105033562246726,-0.8117103613986741,0.6150058296330136,-1.0893459947199147,-1.3115756062106794,-0.9943905096399399,-1.0479045452904032,1.0610991332379665,-0.9829610120914744,-1.2308130809615014,-0.9701125269513569
