,Timestep,P Feed,P DER,P Local Gen,P Local Dem,FT,GT,Surplus,Spot,PI,Shadow Price 0,Shadow Price 1,Shadow Price 2,Shadow Price 3,Shadow Price 4,Shadow Price 5,Shadow Price 6,Shadow Price 7,Shadow Price 8,Shadow Price 9,Shadow Price 10,Shadow Price 11,Shadow Price 12,Shadow Price 13,Shadow Price 14,Shadow Price 15,DER1,gP1,DER2,gP2,DER3,gP3,DER4,gP4,DER6,gP6,DER7,gP7,DER8,gP8,DER11,gP11,DER12,gP12,DER13,gP13,Alpha0,Alpha1,Alpha2,Alpha3,Alpha4,Alpha5,Alpha6,Alpha7,Alpha8,Alpha9,Alpha10,Alpha11,Alpha12,Alpha13,Alpha14,Alpha15,Balance N0,Balance N1,Balance N2,Balance N3,Balance N4,Balance N5,Balance N6,Balance N7,Balance N8,Balance N9,Balance N10,Balance N11,Balance N12,Balance N13,Balance N14,Balance N15
0,2013-11-01 00:00:00,-0.10367842728310525,0.0067797363075,0.09974752141508428,0.004165080000000001,65.78295485777696,84.37182114222304,-53.76891559248865,75.077388,-66.05602175774821,65.09906449056515,100.91888792900164,114.38979246467593,178.1238838059891,263.6119240525664,279.3232857640669,290.21216910967553,295.2806203166786,284.42017749082,281.79217429832937,286.7818112878002,290.7195373336718,291.52440826871685,124.75148169613175,191.9339281056459,210.16382478203582,0.0,0.009983185274315146,0.0,0.009969355427360067,0.0,0.009965050123887199,0.0,0.009964643584226586,0.0,0.009974555099513007,0.0024485786550000003,0.00997764752634729,0.0,0.009979195277605275,0.0,0.009972207929826199,0.0043311576525,0.009973424956382503,0.0,0.009980813096980292,0.09093323944103943,0.09092259292469648,0.09091481458731326,0.09091175866044635,0.09090049988008427,9.191324402433052e-10,0.09090168457907297,0.09089991780493491,0.09089545390530558,9.117559783629829e-10,9.362972450976522e-10,0.09089752334891336,0.0908977182709861,0.09092479195291343,9.32460424925555e-10,9.442690544236598e-10,-12.756056667003067,-0.6191908805368209,-0.4894046786427966,0.1277961101762619,0.9555049223729029,-9.745803127015547,1.2174883733654953,1.9911497950948522,1.1632518408752177,-9.746031783749466,-9.746968748369373,1.223049547963273,2.491862190204878,-0.3890166324184241,-9.72332556705148,-9.723220287754554
1,2013-11-01 01:00:00,-0.09827341796952346,0.006114559553749949,0.09973373050267789,0.0034434975000000017,44.81063089957695,63.39949718402305,-55.17032475214401,54.1050640418,-66.05589417785683,45.13157177735033,51.069493937823076,66.09107958035813,139.42775523362792,236.87531105696627,252.57209924767847,261.711837924727,265.79466808054036,262.84568836445834,259.1860455261137,263.8279117379329,267.0284969516299,267.45052626917544,47.16032771405528,89.05964529772513,96.13799488139223,0.0,0.00998856719234454,0.0,0.009965001306478911,0.0,0.009959412125220082,0.0,0.009962276477540485,0.0,0.009973513804618889,0.00207483727624995,0.009978537840962826,0.0,0.009981263943420787,0.0,0.00997222172519744,0.0040397222774999995,0.009970760995903265,0.0,0.009985618967063611,0.09092956027668045,0.09092272798422456,0.09091592023246636,0.09091069600726362,0.09090086951284874,-1.6128512623466815e-10,0.09090176545556256,0.09090031155467308,0.09089653652627984,-1.6017163382336502e-10,-1.6386629015092747e-10,0.0908982306505304,0.09089839219237383,0.0909249904208481,-1.6327492544385e-10,-1.6510617726958141e-10,-23.19772389517562,-1.7195077231693645,-1.4441294803825375,-0.11331639464795096,1.6627883553140994,-19.473447184960616,2.170874414805581,3.5376952242297404,2.1302708416895304,-19.474118816855707,-19.47483420731719,2.2291844850025697,4.580163691735458,-1.528481213159922,-19.41406619499874,-19.41059224674199
2,2013-11-01 02:00:00,-0.09218221142310717,0.0051794656812498,0.09844694454804737,0.003127927500000001,26.932266857776956,45.52113314222305,-56.45014084464178,36.2267,-66.05584221325701,28.38551073549423,28.195349370463962,47.762115319896985,119.27864392544046,209.70388452345182,223.41956979745626,231.92347890980486,236.13189775247506,225.263120799146,224.57130315409395,230.26840396435458,236.21677616829993,237.98795134048285,9.294595513128357,62.109570984205114,74.70932767988285,0.0,0.009962789529956509,0.0,0.009963646603956964,0.0,0.00996587549066226,0.0,0.009968327443898327,0.0,0.009967390765353657,0.0017848978787499,0.00996834848705129,0.0,0.009979090019115677,0.0,0.009972112871393265,0.0033945678024999,0.009969907111735545,0.0,0.008734847131217971,0.09092805498359251,0.09092245937470493,0.09091637832701005,0.09091039196930314,0.09090119400000765,-9.766595170041695e-10,0.09090196187911881,0.0909006332588955,0.09089720096541705,-9.673333890526596e-10,-9.9844149929238e-10,0.09089870596700851,0.09089884797192281,0.0909241762480247,-9.935355960562319e-10,-1.008654295428748e-09,-31.820692299902372,-3.043181500746716,-2.5763991269836195,-0.5471913666058708,2.111257916264392,-29.189494810808384,2.8374217770049093,4.667561057087292,2.7349678131309814,-29.189422011759483,-29.19013442401507,2.9400158775161773,6.113650873390908,-3.0487606838424686,-29.097408556682502,-29.091571722322605
3,2013-11-01 03:00:00,-0.09304666463913394,0.0042044783924998505,0.09929958353357732,0.0029431799999999997,28.655480899576954,47.24434718402304,-56.588249302963526,37.9499140418,-66.05579991665127,29.948034672274538,29.18552166237817,49.294178973054585,121.43167558108914,212.4741008490126,226.18661689019618,234.60362742105826,238.7620467328909,228.65279098240464,227.79678354899,233.38724337956955,239.14950472882308,240.83510611939568,9.294611125160811,62.06120151284778,74.61664067051234,0.0,0.009964062662536825,0.0,0.009964673100141236,0.0,0.009966875036488888,0.0,0.009969578133037945,0.0,0.009969111025583614,0.0018079366862499,0.009970043295863922,0.0,0.009981476639549437,0.0,0.009973388123313118,0.0023965417062499503,0.009971037134811933,0.0,0.009574706440684855,0.09092692693965906,0.09092164891421468,0.09091591991535361,0.09091034728049827,0.09090166070443761,-9.34965874220585e-10,0.09090238576113147,0.09090113697080575,0.09089790359424725,-9.260108807535052e-10,-9.558798555369966e-10,0.0908993230349868,0.09089945742250755,0.09092329419623255,-9.511701194259855e-10,-9.656837326344968e-10,-40.613507931616745,-4.3567463575763234,-3.693035119490059,-0.9584372918829898,2.589615024592447,-38.90332339700595,3.5333846837957665,5.836599404904932,3.376095376435817,-38.902560463963944,-38.90319796486746,3.6826874484438625,7.447429817328503,-4.561059211114389,-38.77996738394799,-38.77160712627343
4,2013-11-01 04:00:00,-0.09863195304219759,0.00376233025874985,0.0997714577240247,0.0029299500000000006,44.19380083687696,62.782667121323044,-55.71339795086285,53.4882339791,-66.05578369650895,44.448097787074865,49.6181343774955,65.18227216464332,139.3601955072068,236.95322537879227,252.1942981690095,260.8977908458382,264.8221965203364,262.21063737138854,258.78010583944103,263.4168888087224,266.772793419993,267.2782254189179,45.36968524584914,87.37727405266084,94.53358059596312,0.0,0.00999234668771342,0.0,0.009967991205294398,0.0,0.009963180972531863,0.0,0.009966607121459692,0.0,0.00997698319906555,0.0017726700324999,0.00998142842015379,0.0,0.009986072864749146,0.0,0.009975863591088367,0.00198966022624995,0.009974204137434606,0.0,0.00998997907465931,0.09092657121501967,0.09092082865041447,0.09091505164007854,0.09091047047450065,0.09090201611355386,-1.595658634320961e-10,0.0909027809561069,0.09090154705303802,0.09089832204679828,-1.5827395657113936e-10,-1.6262142906744479e-10,0.09089976677273327,0.09089990530717697,0.09092274057710906,-1.619185584993127e-10,-1.6410045061000878e-10,-51.00373654581108,-5.469217863738172,-4.654128321270646,-1.1948985107758476,3.3067100314624525,-48.62215181945704,4.4885888720382985,7.301356121810487,4.347021929916427,-48.62159369148291,-48.62191550254794,4.6963175743065655,8.995373624943412,-5.716092463849814,-48.467303128481014,-48.455358750163974
5,2013-11-01 05:00:00,-0.10014062170342945,0.0044438281074999,0.09973843012770207,0.0035043899999999987,49.402612836876955,67.99147912132304,-55.36025324430028,58.6970459791,-66.05590248594933,49.376439090255204,60.68837150312981,74.86028965285021,144.6302372846398,240.85322117787965,258.37927068988097,270.0642805275017,275.2915331728729,268.8966075926939,264.6977756440295,270.3867462549027,274.0259781252061,274.539141844363,58.762858390773296,103.06594656923804,111.90320061533504,0.0,0.009984405244443082,0.0,0.009970592996780187,0.0,0.00996402143673257,0.0,0.009962766896703737,0.0,0.009973565909099792,0.00202044190624995,0.009979344716759566,0.0,0.009975197407725636,0.0,0.00997391317069283,0.00242338620124995,0.009973903090883612,0.0,0.009983445550179618,0.0909298069873116,0.09092245150716967,0.09091560000638006,0.09091083716536298,0.09090094112145433,2.1129199345738747e-11,0.0909018592549375,0.09090038150135649,0.09089655006925997,2.104509936484544e-11,2.1488256127810995e-11,0.09089829275799999,0.0908984598520451,0.09092481966995386,2.1404582734837107e-11,2.1681211666373342e-11,-61.9547743172308,-6.476139475718142,-5.523338897328891,-1.385316990261721,4.051848964086931,-58.35224382875133,5.522279851459899,8.94432450679777,5.3703301586264445,-58.35224456512787,-58.352386741909584,5.769980188245238,10.737365445539496,-6.7427103674417666,-58.16160578963621,-58.14664982875053
6,2013-11-01 06:00:00,-0.1021633013443979,0.004772231704999951,0.09964510773925471,0.005518304999999999,67.06557389957696,85.65444018402304,-54.603287266236094,76.3600070418,-66.0563008748282,66.66332146917584,104.47464623268154,117.81889574465268,180.24875980353642,264.0716505974875,279.9751811481532,290.9642931493203,296.024428366039,284.5089515220101,281.91115065391807,286.7937917908503,290.61360307850094,291.3872502940582,130.08628340216038,198.5640386295683,217.2194330119384,8.8992e-07,0.009972699199361081,8.8992e-07,0.009959048202481894,8.8992e-07,0.00995459866927925,8.8992e-07,0.009954181945135008,8.8992e-07,0.009964876662566884,0.0019273339624999502,0.009968102652075778,8.8992e-07,0.00996864056790532,8.8992e-07,0.009962061831247235,0.0028377783825,0.00996342569167481,8.8992e-07,0.009969980202328706,0.09094080162251993,0.0909263346511722,0.0909159568236376,0.09091256465809792,0.09089811604192613,1.2469098122780264e-09,0.09089967287518039,0.0908973140250352,0.09089146671712647,1.236845762169891e-09,1.2703344333451134e-09,0.09089418157866748,0.09089441639011514,0.09092916831560362,1.265098263234485e-09,1.2812149051606424e-09,-74.77253227087992,-7.071476550813334,-5.991297362907418,-1.2549541731580858,4.985646992485215,-68.12352143023537,6.718447610344084,10.760909448350734,6.506347178662363,-68.12383716153336,-68.12532672237927,6.963366404916373,12.763220363743063,-7.093264095585884,-67.90477845166494,-67.8915187329814
7,2013-11-01 07:00:00,-0.09931038177062333,0.004742699533749901,0.09945570762285463,0.008142427499998496,73.34160881597695,91.93047510042304,-54.82412453189555,82.6360419582,-66.05682677472191,73.46965952207289,117.77428721003504,131.58043542915723,191.13239931438986,271.1267859363988,288.1064780309717,299.93034812165575,305.2223714473497,290.3759223722397,287.99487673618466,292.9314933338979,296.7793728884522,297.59969445690774,148.09051685532495,220.13220695468678,239.9211019105357,1.3232805e-05,0.009950548158673102,1.3232805e-05,0.009939744649905873,1.3232805e-05,0.009935507279079513,1.3232805e-05,0.009934910203023626,1.3232805e-05,0.009947595432930344,0.00227046559999995,0.009951287108165747,1.3232805e-05,0.009950765026294127,1.3232805e-05,0.009943606290627518,0.00236637149374995,0.009945691033553843,1.3232805e-05,0.009947331143383246,0.09095497897868385,0.09093168006616811,0.09091633212036561,0.09091435649973627,0.09089452132212171,2.1205721029811404e-09,0.0908968113698176,0.09089327830897696,0.09088489571980976,2.102966474676671e-09,2.1615643939423453e-09,0.09088880065582786,0.09088904703934861,0.09093528720013273,2.1523933699706253e-09,2.1806330993242814e-09,-88.07702949726809,-7.561126498512109,-6.3511466532581915,-1.0550338157081915,5.938086722721369,-77.94804253801307,7.947035234579834,12.73011943245179,7.646846344042148,-77.94798324947634,-77.95195270846247,8.162642927725685,14.66914974339182,-7.298712584539631,-77.69460966613138,-77.68693667907588
8,2013-11-01 08:00:00,-0.09757600772301116,0.0037550480249999994,0.09940760120106905,0.0079171275,56.94168381597696,75.53055010042304,-56.240147058650315,66.2361169582,-66.05682315563844,57.39220287478006,81.3647643011452,96.0254295981416,159.47783898212606,244.98111969957813,261.57292510394893,273.8608715043067,279.5426882175312,269.0972631394438,265.7153045050521,271.98886682816806,276.43056737400985,277.3460322416742,93.02879966790573,150.9340599150324,165.90857930642917,0.0001095102,0.009950520558050404,0.0001095102,0.009938849048375147,0.0001095102,0.009934967867706576,0.0001095102,0.00993255622297105,0.0001095102,0.009938916592275297,0.0016085304112500001,0.009943002144184579,0.0001095102,0.009934757711561538,0.0001095102,0.009940530317455511,0.00127043601375,0.009941408689513742,0.0001095102,0.009952082766312438,0.09095438006899262,0.09093553417398309,0.0909198742421999,0.09091298352637327,0.09089295395412815,6.886396334372712e-10,0.09089495865994178,0.09089153506601136,0.09088322649190879,6.836400519242238e-10,7.00234711077484e-10,0.09088697646301522,0.09088722048838453,0.09094035338905826,6.976682342873012e-10,7.055513683917711e-10,-99.68528892766642,-8.385037190022153,-7.0352631717092535,-1.1351527382948525,6.671366925202168,-87.75565911415168,8.958277952765474,14.216328643674709,8.612588345185443,-87.75737683442655,-87.7631237041395,9.200350915766133,16.03581544729786,-8.012333677572503,-87.44463001565605,-87.43970340043586
9,2013-11-01 09:00:00,-0.09360378802079664,0.00518351073374985,0.09936429130933536,0.008143184999999997,46.69050485777696,65.27937114222304,-56.67113597805847,55.984938,-66.05689718167054,47.879458598043136,58.17185388713434,71.49860850087492,139.09044726217687,231.92985966952742,249.00499394675415,259.9006978276569,264.6806035911881,259.4349866065422,255.19417382469885,260.2254606426388,263.23371094198103,263.5426299476789,56.742375513858406,99.94831224021117,107.68599343070623,0.0003303435,0.009951822619917321,0.0003303435,0.009932633432795927,0.0003303435,0.009924941995273596,0.0003303435,0.009924923607854193,0.0003303435,0.00993690629029012,0.00125275627249995,0.009942980464998929,0.0003303435,0.00993585046492939,0.0003303435,0.009936224996972876,0.0012880064612499,0.009935499594263831,0.0003303435,0.009948122406593055,0.09095614028230589,0.09093888630772184,0.09092230230322114,0.09091236131581751,0.09089137760480097,-3.693173203205311e-10,0.09089337406984811,0.09088983991805058,0.09088124633454685,-3.6735146852063975e-10,-3.734112961674182e-10,0.09088504780072557,0.09088528520415075,0.09094414071676223,-3.7250760522895e-10,-3.752423975126776e-10,-110.17526802749803,-9.418231296284212,-7.93881501910556,-1.3820564692023174,7.326515120486883,-97.56107120728656,9.889658977514308,15.440638930181269,9.540170517763082,-97.56534972713865,-97.57202390539048,10.16553962984238,17.25422208092545,-9.060750980792392,-97.16946365410024,-97.16369149215643
10,2013-11-01 10:00:00,-0.09082205396223705,0.00734509784124995,0.09932539893778862,0.008226165000000002,38.59334785777695,57.182214142223046,-56.80890167601861,47.887781,-66.05693444097533,40.29941633432804,45.3784956385372,61.830764933950086,131.76921177461477,221.5026860777863,235.596189827125,243.53975885213475,247.198529866549,242.2437411750608,239.97694683149314,244.84489573003208,248.97639182866018,249.94955957650797,39.33399787236145,80.34737233701486,87.06040880916544,0.000549496,0.009946947912669942,0.000549496,0.009925626615627578,0.000549496,0.00992223886825081,0.000549496,0.009925800493408493,0.000549496,0.00993121452427154,0.0011801358525,0.009933191058192629,0.000549496,0.009937846071758362,0.000549496,0.009931932533442328,0.00176899398874995,0.0099293383561571,0.000549496,0.009946982469296373,0.09095702129504189,0.09094084165563494,0.09092397614630265,0.09091212515170981,0.09089055003509819,-1.3867239469416973e-09,0.09089250023475615,0.09088891059161718,0.09088023657489287,-1.3745401918126727e-09,-1.415302702389268e-09,0.0908839884487097,0.09088421256065109,0.09094564432032107,-1.4088374375709846e-09,-1.4287970604616561e-09,-119.84368578509401,-10.566695765912122,-8.923690122948457,-1.6722730685619247,7.92794233796163,-107.36023515622031,10.71261606055445,16.457014193964046,10.352872878909231,-107.3661387152175,-107.37393818134788,11.044263393537225,18.4447997422339,-10.2704157491299,-106.88419093802723,-106.87712332296124
11,2013-11-01 11:00:00,-0.08741348562988911,0.00699594669249975,0.09928785045263099,0.008205142499999998,28.48903585777695,47.07790214222304,-57.546440214211856,37.783469,-66.05695488821723,30.828735934901225,29.414051587862502,49.63121862712197,118.90528101514465,205.9198661644246,220.04648281713332,228.49043868985265,232.4911328219499,222.27115474681094,221.14264313002585,226.2156127207616,231.24247765450147,232.6657468153756,11.651920043609652,62.42947734765801,75.15829252731444,0.000495516,0.009922648503202493,0.000495516,0.009922034267133683,0.000495516,0.009923832354679338,0.000495516,0.009927068339026969,0.000495516,0.00992902936787569,0.0010175997962499,0.009930609082440742,0.000495516,0.009938108403837572,0.000495516,0.009932143611923641,0.00201421889624985,0.009929606096991046,0.000495516,0.009939790216284043,0.0909573698526945,0.09094188767876492,0.09092525803342669,0.09091181777375089,0.09089006351356052,-2.8562853200294643e-09,0.09089196246821804,0.09088837458285219,0.0908797289109394,-2.827720006016484e-09,-2.922944716754958e-09,0.09088344394350283,0.09088366425050029,0.09094644346196147,-2.907941887476259e-09,-2.95416698014434e-09,-128.54689992783747,-11.876325943847668,-10.032559122994016,-2.0962066880088592,8.364122887275435,-117.15053366879772,11.373598472806519,17.279956789846935,10.955442764245682,-117.1561415490103,-117.16531358211375,11.734734859088217,19.500117728897962,-11.756251396490647,-116.58907872765313,-116.58398130787911
12,2013-11-01 12:00:00,-0.08798002500982259,0.006525500109999901,0.09926718353412659,0.00862005,31.083652815976958,49.672519100423045,-57.583608260956915,40.3780859582,-66.05703904942696,33.3180428201545,32.25351897263497,51.883265290447355,121.5939873890196,209.0562875775425,223.40635190881153,231.88948302355266,235.8496132474501,226.48601830335497,225.05109808703088,230.03145016670624,234.7738862642297,236.06230697255833,19.877368294180126,64.59820328755895,75.42690727206147,0.0004735215,0.0099258653451689,0.0004735215,0.009918315067507061,0.0004735215,0.00991998384853145,0.0004735215,0.00992336949090732,0.0004735215,0.009926317576623654,0.0011221164662499,0.009928111933590023,0.0004735215,0.00993480117240272,0.0004735215,0.009928807521525588,0.00161521164375,0.009926190171628595,0.0004735215,0.009942642394473459,0.09095956809831993,0.09094308739646312,0.09092549907940874,0.09091200630750532,0.09088937066122786,-2.5084580978096547e-09,0.09089136412084317,0.09088758694388982,0.09087853518566018,-2.4812996345360214e-09,-2.5720867197214852e-09,0.09088241669541935,0.09088263119416094,0.0909479470396488,-2.557736652860234e-09,-2.6019887952427135e-09,-137.48674191022275,-13.159500734100316,-11.121978335833948,-2.5001090113036932,8.82018010620712,-126.94892170540518,12.056069609944423,18.155438851073278,11.587787141361272,-126.95459043333588,-126.96516867730985,12.447741996810567,20.49270423797345,-13.161773965024846,-126.29695440280983,-126.29310944145266
13,2013-11-01 13:00:00,-0.09748933807607627,0.0048955931062498,0.09938657826787853,0.008245319999999997,58.15576487867696,76.74463116312305,-56.07139627228666,67.4501980209,-66.0568886209599,58.622388773530155,84.5206339737122,99.10456411418606,162.03052365491513,246.47570939254518,262.87286070616767,275.00188609586587,280.6295903515387,269.8140476441644,266.61303764022193,272.7869362202593,277.24406473820596,278.19009656342644,98.33609670467803,158.0247864922416,173.67936872201443,0.0003108665,0.009948719394243126,0.0003108665,0.009936434967640375,0.0003108665,0.009932607545870033,0.0003108665,0.0099305062371569,0.0003108665,0.009936842746540974,0.0011488052799999001,0.009940584644016433,0.0003108665,0.00993292198350541,0.0003108665,0.009938198124825135,0.0012598558262499,0.009939150583543,0.0003108665,0.009949789309268021,0.09095611034348774,0.09093614752971754,0.09091986238546633,0.09091318578380943,0.09089254518545047,8.413619342171045e-10,0.09089464069988279,0.09089106967384962,0.09088244661933463,8.34975294342216e-10,8.561920680664517e-10,0.09088633383817432,0.09088657451106075,0.09094107918098576,8.528979030048647e-10,8.630238654782387e-10,-149.21007743854813,-13.938345661086288,-11.75922222450312,-2.527242525839462,9.611447892572455,-136.76286600450953,13.126997624749908,19.517844123940716,12.60834633630351,-136.77023275325067,-136.7827521588452,13.5423636225567,21.858785427653252,-13.807412489578558,-136.05417954504645,-136.05377717228464
14,2013-11-01 14:00:00,-0.09798264632704531,0.004092683042499851,0.0993709900595528,0.009049620000000001,69.03356685777696,87.62243314222304,-55.64697237181502,78.328,-66.0570241238732,69.40843916917899,110.58801974661061,124.03352135457533,183.48516027263474,263.21402971553107,279.48650039191193,290.7366963831578,295.8109313802501,282.754855745742,280.2768453116936,285.1175492368848,288.85084269202156,289.6275798106234,138.7603685706784,209.0618003543731,228.2985068097972,0.00017755700000000003,0.009944738480110425,0.00017755700000000003,0.009931949448427731,0.00017755700000000003,0.009927399730414548,0.00017755700000000003,0.00992677170397261,0.00017755700000000003,0.009938158556210223,0.0012640828899998999,0.009941612033094339,0.00017755700000000003,0.009939979981855543,0.00017755700000000003,0.009935053557878725,0.00140814415249995,0.009936624010626921,0.00017755700000000003,0.009941781476297675,0.09095997132612293,0.09093506386128268,0.09091766981030183,0.09091438071983277,0.0908926709679406,2.003261231403363e-09,0.09089514075336977,0.09089120584234237,0.09088188745391129,1.986921069349817e-09,2.041301561421489e-09,0.09088614183975209,0.09088637247403865,0.09093948482701988,2.032798214728593e-09,2.0589748559190636e-09,-162.01944500597054,-14.485076827938268,-12.178258773541351,-2.3816856939677065,10.514789704313548,-146.6000015425728,14.296583313158717,21.058847472618062,13.70358599536613,-146.60753874217275,-146.62244963647248,14.694722222350691,23.37341637719558,-14.087370912381754,-145.85068701350613,-145.85672625400946
15,2013-11-01 15:00:00,-0.09673072754040647,0.00376364743749975,0.09928397141545434,0.010439010000000004,78.22731487867696,96.81618116312305,-55.38882148815457,87.5217480209,-66.05727822584433,78.83488136984663,126.8859991269507,141.57535686553396,199.30789023611757,276.4695948519327,294.2870312381011,306.85384334599803,312.3923237865417,295.1556703764931,292.89762955760216,298.07716690754864,302.06705672584854,302.9669890957876,159.55686807656312,233.56758971020597,254.0046577193002,2.842776e-05,0.009931247925662481,2.842776e-05,0.009922339431371281,2.842776e-05,0.009918437392526612,2.842776e-05,0.009917865299408699,2.842776e-05,0.009931456402139695,0.0016953602962498499,0.009935142396578382,2.842776e-05,0.009933317462500228,2.842776e-05,0.009927039569553372,0.0018408650612499002,0.009929687254197761,2.842776e-05,0.009928051568350353,0.09096697900525469,0.09093510740981128,0.09091537845735055,0.09091583023721103,0.09089215293011901,2.8753413700835173e-09,0.09089505345624802,0.0908904613950076,0.09087995906295745,2.851100040054031e-09,2.9318074792172973e-09,0.0908848534438319,0.09088505652934717,0.09093915353615112,2.9191689531941423e-09,2.9580950786020366e-09,-175.6542314779521,-14.909015788661304,-12.465913879663201,-2.1357979174579196,11.474867153950544,-156.47285467503792,15.543337761024343,22.879563285067643,14.843698725585245,-156.4792439004633,-156.49766941757366,15.8974728734228,25.132433433012082,-14.210122165503083,-155.68376217794173,-155.69887863749355
16,2013-11-01 16:00:00,-0.0961400396467125,0.00441610608499985,0.09918572033388866,0.0122540474999985,100.43330385777696,119.02217014222305,-54.10025956149632,109.727737,-66.05753897298082,101.15065905816449,153.3810000725613,173.4081003984613,234.82795820955081,316.0802702564558,337.26103936766293,352.35918184015213,358.77018256791195,338.882114535427,336.425281567714,344.9994939391082,351.19373550769075,352.880996672132,185.61590725359008,259.46795399333155,279.8563657711224,4.02895e-07,0.009917058851289316,4.02895e-07,0.009911184373477974,4.02895e-07,0.009907614782682612,4.02895e-07,0.009906855765739488,4.02895e-07,0.009921813445809526,0.0020197366637499,0.009924984172455546,4.02895e-07,0.009921751775051064,4.02895e-07,0.009917652819848988,0.00239314626124995,0.009922445388188279,4.02895e-07,0.009911977981010997,0.09097652569536649,0.09092979544539975,0.09090944290268674,0.09091900138362127,0.09089369892180985,4.793408014158949e-09,0.0908969473337055,0.09089144053975244,0.09087951405605565,4.751170656725535e-09,4.8914932490355254e-09,0.09088537711112998,0.09088554807892761,0.09093268428582238,4.8698184241336825e-09,4.937854642021691e-09,-191.3885452418432,-15.112121484563232,-12.486239088534493,-1.5989414198644565,12.750808363110824,-166.4155436736559,17.15580416903345,25.276845011133496,16.334764499326567,-166.42142604369332,-166.44418951667896,17.499625038946565,27.59401613924812,-14.121696750777506,-165.56644289787207,-165.59309347049734
17,2013-11-01 17:00:00,-0.09637568238521538,0.0043092425074998,0.09915694810469032,0.012793762499999996,113.45533679507696,132.04420307952304,-52.96834980633295,122.7497699373,-66.05757458630495,114.12888953244361,166.2655823367386,189.83175504415945,257.44103974821843,347.03623561481606,369.8987294612291,386.1433382868079,393.00817491732306,373.9405197475311,371.5487570505224,383.8936443866474,393.0204415584259,395.78985280678404,195.78913208406505,267.3039781383519,286.95334943221616,0.0,0.009915328501327952,0.0,0.009910624012058687,0.0,0.009906830129577663,0.0,0.009904989873784544,0.0,0.009913864669191818,0.0020157293612498997,0.009915221067833935,0.0,0.009921021215620376,0.0,0.009915514722778586,0.0022935131462499,0.00992114626792806,0.0,0.009907300543922611,0.09098132011721108,0.09092639051854892,0.09090808549738262,0.09092075614257877,0.0908943086128648,5.835896148094268e-09,0.09089767362191918,0.09089185858729018,0.09087914477673377,5.7827424405899414e-09,5.959471852997137e-09,0.09088563674012408,0.09088581784263695,0.0909289780121542,5.932127465894405e-09,6.0179427717894855e-09,-208.39780019000247,-15.204048515829172,-12.364072500624829,-0.8661181445482482,14.294925293378979,-176.39807716480038,19.058826746254027,28.035652177947142,18.13130393358705,-176.405053671444,-176.4353397514416,19.467410751878738,30.494916915066277,-13.948508771296407,-175.46521824188363,-175.50352503975586
18,2013-11-01 18:00:00,-0.09461954181531824,0.00242451504874995,0.09912911823067692,0.012662017499999996,90.65209681597696,109.24096310042304,-55.62153192258433,99.9465299582,-66.0576650347238,91.65209145219535,144.89023879313888,162.4256514101639,219.87796270906972,295.5352946888209,314.8314822799152,328.4929701388673,334.36212726415,314.6784020102933,312.4340652976289,318.33526667129564,322.72896876395674,323.7918925371126,179.54674960189337,255.4466843995362,276.49291718694803,0.0,0.009911737503567802,0.0,0.009905881362404195,0.0,0.00990268363272215,0.0,0.009902439997910496,0.0,0.009918026467639271,0.00114777915874995,0.00992158772176287,0.0,0.009919010711708495,0.0,0.009911930624702435,0.0012767358900000001,0.009915428291907523,0.0,0.00990856963109421,0.09097815492904093,0.09093413039639595,0.09091118914100305,0.09091821912854339,0.090891888952265,4.054436152561937e-09,0.09089534623462095,0.09088968481984763,0.09087730077611254,4.019776688447023e-09,4.135195925472414e-09,0.09088322777312993,0.09088333936613398,0.09093749798186958,4.1171094528554745e-09,4.172825153197968e-09,-223.07968357340462,-15.489489783815756,-12.489751436855055,-0.4723020947499057,15.374731841705511,-186.33138111141568,20.44374516302048,29.85962436765143,19.392552640949763,-186.3364104264158,-186.37199400008214,20.7998446599023,32.249550128854466,-13.921174665771577,-185.35158756022258,-185.40253224544955
19,2013-11-01 19:00:00,-0.09502248510482017,0.0014369531149999498,0.09918000825827204,0.011588145000000001,73.13599781597696,91.72486410042305,-56.663450678063334,82.4304309582,-66.0575277346039,74.06111659513644,119.31291848589649,133.28573422905797,190.39482876568601,266.84075491103766,283.9274857827496,295.9129915162143,301.22581412465496,285.61637378694905,283.27794965772944,288.28472898898247,292.1090903425621,292.9480946722827,150.26833397404087,222.75114656098143,242.68768582118338,0.0,0.009923268295969928,0.0,0.009912731536007753,0.0,0.009908494246843244,0.0,0.009907738511993704,0.0,0.009920158729905568,0.00045474257625,0.009923852838640102,0.0,0.009920531354194663,0.0,0.009916698226985926,0.0009822105387499499,0.009918870706456043,0.0,0.009920366608040802,0.09097311028221683,0.09093917188860932,0.09091671709299894,0.09091571351238589,0.09088999270639266,2.7134774752449927e-09,0.09089312702628378,0.09088800962271246,0.09087637590820356,2.6908391181839225e-09,2.7662055689456363e-09,0.09088165563265915,0.09088181223455223,0.09094430037619317,2.754411192359198e-09,2.7907332041186867e-09,-236.12661367748305,-15.997332943577803,-12.869487365291846,-0.33075161198921155,16.21516273002225,-196.2192450134811,21.554876198185347,31.158243501170137,20.410893472907546,-196.2235641826415,-196.2625708587311,21.876919879655013,33.620698427121766,-14.147223640232998,-195.1942606882415,-195.255453001554
20,2013-11-01 20:00:00,-0.09503116178318255,0.00101452696124985,0.09919647157671162,0.010776644999998503,60.877661899576964,79.46652818402305,-57.377446366226266,70.1720950418,-66.05740655207124,61.80121803931875,92.30433432883834,106.54075394443855,167.04618208769062,247.69633962504915,263.90643961746105,275.8076317153523,281.3118273888688,269.26816866426475,266.4527597882593,272.4483950702562,276.9053826239398,277.91910305516865,111.15753737255008,174.84470773987303,191.95840296722935,0.0,0.009930926175140195,0.0,0.009917158854753888,0.0,0.009913092630593617,0.0,0.009911544416593362,0.0,0.009918155308163774,0.00015893200249994998,0.009921158771885036,0.0,0.00991314772613893,0.0,0.009918908362160667,0.0008555949587499,0.00992003411448688,0.0,0.00993054023626425,0.0909694984460496,0.09094205193926355,0.09092054366694458,0.09091422889606383,0.09088901519208302,1.3275696902301089e-09,0.09089170043052727,0.09088696719243007,0.0908759518182939,1.316886228338961e-09,1.3524216867308956e-09,0.0908808391463113,0.09088101930814554,0.09094817725567265,1.346877477718451e-09,1.3639403298727434e-09,-248.008864370064,-16.746869254884576,-13.487765237205476,-0.3926735768039631,16.89505440943141,-206.0782327505241,22.496478446183517,32.196808584186066,21.292221370426503,-206.08420688306887,-206.1261254310086,22.83055394423205,34.8197857293524,-14.724244099210114,-204.99038012673472,-205.05869589469583
21,2013-11-01 21:00:00,-0.09614074405674053,0.00056975631874995,0.09928999307018642,0.009486915000000002,58.82155385777695,77.41042014222303,-57.313429388867,68.11598699999999,-66.05714578969662,59.538862119138116,86.67586877630212,101.1788074581531,163.0814997231784,245.9680456789122,262.34582006319096,274.4676682770229,280.0814067556507,268.7822008187235,265.6971138166929,271.8893351760289,276.38905141519604,277.3743305123527,101.88760014613912,162.70934230689852,178.78439519145067,0.0,0.009939633186796415,0.0,0.009926894537050604,0.0,0.00992299425537942,0.0,0.009920990854405773,0.0,0.009927211797768731,3.47468025e-05,0.00993070074548892,0.0,0.009922338743204029,0.0,0.009928555005443797,0.0005350095162499499,0.009929557156560062,0.0,0.00994032360699432,0.09096277619189433,0.09093940160828176,0.0909205227201112,0.09091365367356682,0.09089063085411495,9.782267772720356e-10,0.09089300377977133,0.09088886520977789,0.09087905066707373,9.706463878576605e-10,9.958397306377523e-10,0.09088343784670394,0.09088365671482805,0.09094499579289214,9.919227423786621e-10,1.0039680040814016e-09,-259.74171624283315,-17.539895365259607,-14.145709527857878,-0.4753976942285769,17.582391562832335,-215.91364931308755,23.451698081674863,33.21565040948199,22.194403192411485,-215.92146319583043,-215.96580920909616,23.805651613156197,35.95074134990956,-15.37671448789428,-214.76372448536387,-214.83704121727027
22,2013-11-01 22:00:00,-0.08393900282665608,0.00048723429249989997,0.09501827097536898,0.007848285,17.836426878676953,36.425293163123044,-58.805710832164294,27.1308600209,-66.05690005065279,20.821977484136873,24.005835373441997,41.209851116369556,106.91488109332884,190.97012781535128,204.69516951388493,214.07489753807354,218.70699227229758,204.73680400544035,204.29522106377968,210.41484404265776,216.7934894744321,218.75219807484805,9.294538114509558,66.07402563209428,80.49997983084728,0.0,0.009926648593924075,0.0,0.009929930556372901,0.0,0.009932161889080336,0.0,0.009931988221464317,0.0,0.009928196236123722,4.0513166249999996e-05,0.009930118720889641,0.0,0.009931822669823082,0.0,0.009935334019213954,0.0004467211262499,0.009933693492331247,0.0,0.005647051569108253,0.0909558424621929,0.09094160895165719,0.09092596952636582,0.09091128621232086,0.09089038352470731,-2.426460546551927e-09,0.09089217648276049,0.09088874764305198,0.0908804557757935,-2.4040163744345495e-09,-2.478888478557876e-09,0.09088399945838505,0.09088421952538084,0.09094532271827423,-2.4670792828905254e-09,-2.5034714222849925e-09,-267.4977532642787,-18.91412674932542,-15.356878928065267,-1.0672331920131786,17.781741278427877,-225.69072167103695,23.8690826590746,33.68656752211249,22.525666381615245,-225.69754569956248,-225.74351138599533,24.251715547094893,36.51062765119481,-16.930068367209742,-224.4689976428108,-224.5448595006417
23,2013-11-01 23:00:00,-0.09561793418155891,0.0005875416774999,0.09955315190980543,0.005696002499999999,44.47773689957695,63.06660318402305,-57.17738995661773,53.7721700418,-66.05637875399827,45.29229732216275,52.4397524574652,67.0641024681946,138.4181978546958,233.44398799493618,249.02204839722447,258.09107201992344,262.124749986114,259.0494335819482,255.43502356710627,260.075537124619,263.2453377805942,263.67829313241174,49.35848998368788,91.46795294268108,98.53706664458907,0.0,0.00997180478174753,0.0,0.009948126271352425,0.0,0.009941903219430143,0.0,0.009944448797487213,0.0,0.009955368372157648,0.00020605399249995,0.009960175532332624,0.0,0.00996089314039363,0.0,0.00995413232968365,0.00038148768499995,0.009952531713435473,0.0,0.00996809564182612,0.09094253595122315,0.09093104683727588,0.09091959270009216,0.09091153480139255,0.09089598029703598,-3.529325407949467e-10,0.09089741505139005,0.09089497578008908,0.09088884324049584,-3.505803126549705e-10,-3.5831582871817734e-10,0.09089157843395482,0.0908918101745956,0.09093468851235517,-3.570952265303393e-10,-3.608596233580528e-10,-277.8358437682039,-20.010365097745805,-16.31355691006323,-1.3414226418957131,18.416773586207828,-235.45515325618896,24.744118032872137,34.65612443017513,23.41207826146726,-235.463462415738,-235.50972868310228,25.17720880831433,37.53845126274804,-18.057013364975642,-234.17417431646652,-234.24771924544197
