Date,Time,Left,Right
01/11/2013,00:00:00,0.177492877,0.290074519
01/11/2013,00:05:00,0.172965925,0.292285143
01/11/2013,00:10:00,0.178203164,0.301364681
01/11/2013,00:15:00,0.172851508,0.301027417
01/11/2013,00:20:00,0.166703219,0.295947746
01/11/2013,00:25:00,0.165380956,0.294840081
01/11/2013,00:30:00,0.16334329,0.2863978
01/11/2013,00:35:00,0.160159047,0.296151857
01/11/2013,00:40:00,0.159715396,0.275539063
01/11/2013,00:45:00,0.146274855,0.275636457
01/11/2013,00:50:00,0.143853365,0.282558566
01/11/2013,00:55:00,0.151919322,0.273102792
01/11/2013,01:00:00,0.150266191,0.274834618
01/11/2013,01:05:00,0.156393372,0.273369957
01/11/2013,01:10:00,0.155089429,0.271872939
01/11/2013,01:15:00,0.153103824,0.265716068
01/11/2013,01:20:00,0.152263304,0.274524853
01/11/2013,01:25:00,0.149555433,0.273602176
01/11/2013,01:30:00,0.142815379,0.274978596
01/11/2013,01:35:00,0.131465003,0.275710416
01/11/2013,01:40:00,0.124591105,0.275498387
01/11/2013,01:45:00,0.121147322,0.268655297
01/11/2013,01:50:00,0.111003054,0.25663397
01/11/2013,01:55:00,0.112176405,0.246380545
01/11/2013,02:00:00,0.109603143,0.234540181
01/11/2013,02:05:00,0.107975685,0.228742406
01/11/2013,02:10:00,0.113929883,0.22010576
01/11/2013,02:15:00,0.114002675,0.218808558
01/11/2013,02:20:00,0.11739076,0.229167081
01/11/2013,02:25:00,0.122328218,0.234363459
01/11/2013,02:30:00,0.12232469,0.233291494
01/11/2013,02:35:00,0.124522495,0.234751678
01/11/2013,02:40:00,0.115043166,0.228063279
01/11/2013,02:45:00,0.119737035,0.229418115
01/11/2013,02:50:00,0.128237267,0.219320138
01/11/2013,02:55:00,0.132823286,0.205082093
01/11/2013,03:00:00,0.127382255,0.192284395
01/11/2013,03:05:00,0.125296823,0.179628851
01/11/2013,03:10:00,0.125766213,0.172239423
01/11/2013,03:15:00,0.126120921,0.164650713
01/11/2013,03:20:00,0.117125203,0.153417767
01/11/2013,03:25:00,0.121520528,0.152454916
01/11/2013,03:30:00,0.121770229,0.155804046
01/11/2013,03:35:00,0.119820412,0.154771395
01/11/2013,03:40:00,0.115675142,0.14967221
01/11/2013,03:45:00,0.114969393,0.150544065
01/11/2013,03:50:00,0.115576339,0.147654772
01/11/2013,03:55:00,0.115325891,0.144110812
01/11/2013,04:00:00,0.114180533,0.145029797
01/11/2013,04:05:00,0.114326848,0.139074585
01/11/2013,04:10:00,0.114368394,0.130370425
01/11/2013,04:15:00,0.114804937,0.122737637
01/11/2013,04:20:00,0.118162815,0.118916344
01/11/2013,04:25:00,0.118712108,0.122327065
01/11/2013,04:30:00,0.113842916,0.128604829
01/11/2013,04:35:00,0.117468525,0.137951435
01/11/2013,04:40:00,0.122547822,0.141684156
01/11/2013,04:45:00,0.121082511,0.136197756
01/11/2013,04:50:00,0.121781471,0.134421194
01/11/2013,04:55:00,0.126857146,0.134412958
01/11/2013,05:00:00,0.123973973,0.134330691
01/11/2013,05:05:00,0.129615096,0.140773239
01/11/2013,05:10:00,0.12728303,0.14487607
01/11/2013,05:15:00,0.133291555,0.153215573
01/11/2013,05:20:00,0.13787421,0.161351043
01/11/2013,05:25:00,0.137343332,0.159324378
01/11/2013,05:30:00,0.140154467,0.158649703
01/11/2013,05:35:00,0.144796083,0.161478348
01/11/2013,05:40:00,0.139234434,0.175377128
01/11/2013,05:45:00,0.136427708,0.182062971
01/11/2013,05:50:00,0.132911817,0.186080187
01/11/2013,05:55:00,0.13344782,0.18118963
01/11/2013,06:00:00,0.1326517,0.178485808
01/11/2013,06:05:00,0.122938952,0.173554454
01/11/2013,06:10:00,0.125950204,0.173290683
01/11/2013,06:15:00,0.115064695,0.172496618
01/11/2013,06:20:00,0.119288013,0.178516679
01/11/2013,06:25:00,0.119581508,0.187443711
01/11/2013,06:30:00,0.120452378,0.193255588
01/11/2013,06:35:00,0.129998988,0.196309036
01/11/2013,06:40:00,0.130296926,0.20584762
01/11/2013,06:45:00,0.134906032,0.202685338
01/11/2013,06:50:00,0.138410256,0.202990914
01/11/2013,06:55:00,0.152327518,0.205346257
01/11/2013,07:00:00,0.157437297,0.200643755
01/11/2013,07:05:00,0.162304334,0.197497673
01/11/2013,07:10:00,0.161280524,0.191230605
01/11/2013,07:15:00,0.165726824,0.179290654
01/11/2013,07:20:00,0.163151141,0.16713449
01/11/2013,07:25:00,0.155015921,0.162282156
01/11/2013,07:30:00,0.147077048,0.153691966
01/11/2013,07:35:00,0.149014441,0.143990922
01/11/2013,07:40:00,0.146638548,0.136560273
01/11/2013,07:45:00,0.139289843,0.130747778
01/11/2013,07:50:00,0.138181714,0.117743747
01/11/2013,07:55:00,0.131254845,0.112283176
01/11/2013,08:00:00,0.129763984,0.113715043
01/11/2013,08:05:00,0.122163752,0.098748577
01/11/2013,08:10:00,0.12384424,0.094853171
01/11/2013,08:15:00,0.118356629,0.089517479
01/11/2013,08:20:00,0.113091219,0.081988467
01/11/2013,08:25:00,0.106326864,0.083443839
01/11/2013,08:30:00,0.104974512,0.079934884
01/11/2013,08:35:00,0.101099112,0.076971522
01/11/2013,08:40:00,0.094596745,0.07590836
01/11/2013,08:45:00,0.092153012,0.072826058
01/11/2013,08:50:00,0.093162313,0.073261446
01/11/2013,08:55:00,0.087291947,0.075179965
01/11/2013,09:00:00,0.079347062,0.075680629
01/11/2013,09:05:00,0.079354355,0.081970809
01/11/2013,09:10:00,0.084206759,0.080265621
01/11/2013,09:15:00,0.081897249,0.084956992
01/11/2013,09:20:00,0.086543657,0.078124416
01/11/2013,09:25:00,0.088744902,0.087831742
01/11/2013,09:30:00,0.082338347,0.080278171
01/11/2013,09:35:00,0.081774126,0.089055943
01/11/2013,09:40:00,0.084819173,0.086225908
01/11/2013,09:45:00,0.083314542,0.08880484
01/11/2013,09:50:00,0.083600151,0.101215336
01/11/2013,09:55:00,0.086264695,0.095994762
01/11/2013,10:00:00,0.086915817,0.101804447
01/11/2013,10:05:00,0.091680098,0.108439641
01/11/2013,10:10:00,0.088509087,0.108864153
01/11/2013,10:15:00,0.089810073,0.116567071
01/11/2013,10:20:00,0.087284283,0.130698367
01/11/2013,10:25:00,0.092596878,0.130825863
01/11/2013,10:30:00,0.073798112,0.123010243
01/11/2013,10:35:00,0.075909017,0.134146309
01/11/2013,10:40:00,0.060375924,0.118565305
01/11/2013,10:45:00,0.06901921,0.117375812
01/11/2013,10:50:00,0.061579458,0.113476484
01/11/2013,10:55:00,0.066630725,0.111421496
01/11/2013,11:00:00,0.069142945,0.125482179
01/11/2013,11:05:00,0.062816326,0.133375711
01/11/2013,11:10:00,0.0608148,0.125177824
01/11/2013,11:15:00,0.06606027,0.118642303
01/11/2013,11:20:00,0.07251605,0.130957312
01/11/2013,11:25:00,0.070932993,0.136323943
01/11/2013,11:30:00,0.072135969,0.137430369
01/11/2013,11:35:00,0.068328656,0.142542941
01/11/2013,11:40:00,0.067206466,0.129759615
01/11/2013,11:45:00,0.066586985,0.142069908
01/11/2013,11:50:00,0.07382379,0.146669199
01/11/2013,11:55:00,0.063714587,0.142943813
01/11/2013,12:00:00,0.083096202,0.143464292
01/11/2013,12:05:00,0.07769144,0.13340385
01/11/2013,12:10:00,0.072901625,0.119839742
01/11/2013,12:15:00,0.08565542,0.115381928
01/11/2013,12:20:00,0.073228598,0.11241786
01/11/2013,12:25:00,0.074424901,0.118892816
01/11/2013,12:30:00,0.079652369,0.108539509
01/11/2013,12:35:00,0.073226125,0.098388003
01/11/2013,12:40:00,0.069344615,0.09612087
01/11/2013,12:45:00,0.061230279,0.078581894
01/11/2013,12:50:00,0.068567074,0.084136004
01/11/2013,12:55:00,0.078674525,0.083002547
01/11/2013,13:00:00,0.074118826,0.076671256
01/11/2013,13:05:00,0.084186219,0.083838261
01/11/2013,13:10:00,0.091449153,0.073922441
01/11/2013,13:15:00,0.079656381,0.0925416
01/11/2013,13:20:00,0.078369094,0.091438815
01/11/2013,13:25:00,0.074470909,0.077705176
01/11/2013,13:30:00,0.070306406,0.088624511
01/11/2013,13:35:00,0.073683798,0.079917651
01/11/2013,13:40:00,0.071495973,0.099035358
01/11/2013,13:45:00,0.073296224,0.07877881
01/11/2013,13:50:00,0.077239347,0.076972227
01/11/2013,13:55:00,0.070771894,0.088438555
01/11/2013,14:00:00,0.065563336,0.103931909
01/11/2013,14:05:00,0.079040731,0.085606804
01/11/2013,14:10:00,0.072682716,0.081966919
01/11/2013,14:15:00,0.071436182,0.084633433
01/11/2013,14:20:00,0.077617368,0.094274155
01/11/2013,14:25:00,0.088622494,0.090939147
01/11/2013,14:30:00,0.093383455,0.090156648
01/11/2013,14:35:00,0.081773625,0.08173773
01/11/2013,14:40:00,0.085820052,0.092787155
01/11/2013,14:45:00,0.101637255,0.097763124
01/11/2013,14:50:00,0.092718145,0.116406977
01/11/2013,14:55:00,0.100970953,0.106311321
01/11/2013,15:00:00,0.110065556,0.102940449
01/11/2013,15:05:00,0.105109355,0.126842065
01/11/2013,15:10:00,0.1184552,0.130735333
01/11/2013,15:15:00,0.100590154,0.11897854
01/11/2013,15:20:00,0.10834594,0.115276113
01/11/2013,15:25:00,0.100719936,0.099461324
01/11/2013,15:30:00,0.106576113,0.12337218
01/11/2013,15:35:00,0.106655586,0.112593016
01/11/2013,15:40:00,0.108242333,0.133215348
01/11/2013,15:45:00,0.138335837,0.132165464
01/11/2013,15:50:00,0.118139928,0.123671592
01/11/2013,15:55:00,0.135052299,0.153440625
01/11/2013,16:00:00,0.115948945,0.137707962
01/11/2013,16:05:00,0.134868969,0.13163112
01/11/2013,16:10:00,0.129597456,0.140962898
01/11/2013,16:15:00,0.129901276,0.141236634
01/11/2013,16:20:00,0.113981372,0.149195558
01/11/2013,16:25:00,0.152698482,0.144897209
01/11/2013,16:30:00,0.13629124,0.168998818
01/11/2013,16:35:00,0.144239934,0.181728286
01/11/2013,16:40:00,0.132343896,0.171544531
01/11/2013,16:45:00,0.137251591,0.202563318
01/11/2013,16:50:00,0.144637096,0.169854442
01/11/2013,16:55:00,0.144029074,0.174196233
01/11/2013,17:00:00,0.155991326,0.171729116
01/11/2013,17:05:00,0.147594246,0.170917752
01/11/2013,17:10:00,0.151136119,0.162435574
01/11/2013,17:15:00,0.152316606,0.164482397
01/11/2013,17:20:00,0.144295462,0.147584285
01/11/2013,17:25:00,0.139478372,0.138704625
01/11/2013,17:30:00,0.128170182,0.153377199
01/11/2013,17:35:00,0.122638412,0.156660863
01/11/2013,17:40:00,0.115731987,0.151027711
01/11/2013,17:45:00,0.126435029,0.151300949
01/11/2013,17:50:00,0.117134049,0.136691809
01/11/2013,17:55:00,0.111661699,0.129898237
01/11/2013,18:00:00,0.099265587,0.124476554
01/11/2013,18:05:00,0.093578415,0.122176429
01/11/2013,18:10:00,0.099538332,0.101277949
01/11/2013,18:15:00,0.096473869,0.094591681
01/11/2013,18:20:00,0.085892145,0.091594394
01/11/2013,18:25:00,0.074885347,0.084262686
01/11/2013,18:30:00,0.066672467,0.080035554
01/11/2013,18:35:00,0.063030758,0.071342881
01/11/2013,18:40:00,0.059185552,0.067324889
01/11/2013,18:45:00,0.061029431,0.061861947
01/11/2013,18:50:00,0.060161867,0.06380022
01/11/2013,18:55:00,0.058509557,0.058643528
01/11/2013,19:00:00,0.055707729,0.056497462
01/11/2013,19:05:00,0.049771758,0.059290368
01/11/2013,19:10:00,0.04512859,0.061789952
01/11/2013,19:15:00,0.037209882,0.062372843
01/11/2013,19:20:00,0.033913793,0.064237756
01/11/2013,19:25:00,0.027730786,0.065388984
01/11/2013,19:30:00,0.023133585,0.070728129
01/11/2013,19:35:00,0.019240105,0.069858755
01/11/2013,19:40:00,0.019249831,0.068573357
01/11/2013,19:45:00,0.019368085,0.070237503
01/11/2013,19:50:00,0.017201749,0.070056847
01/11/2013,19:55:00,0.016138168,0.066736475
01/11/2013,20:00:00,0.016853718,0.069331517
01/11/2013,20:05:00,0.016951948,0.063568617
01/11/2013,20:10:00,0.015422316,0.064283539
01/11/2013,20:15:00,0.015671332,0.059189142
01/11/2013,20:20:00,0.012889053,0.057203321
01/11/2013,20:25:00,0.012030133,0.059018238
01/11/2013,20:30:00,0.011160373,0.053268873
01/11/2013,20:35:00,0.007097763,0.054070929
01/11/2013,20:40:00,0.007149404,0.051812991
01/11/2013,20:45:00,0.005321821,0.052216054
01/11/2013,20:50:00,0.003757692,0.051302076
01/11/2013,20:55:00,0.002840049,0.04921067
01/11/2013,21:00:00,0.002578967,0.046249864
01/11/2013,21:05:00,0.002938469,0.043132303
01/11/2013,21:10:00,0.00277724,0.038353949
01/11/2013,21:15:00,0.001698777,0.034949157
01/11/2013,21:20:00,0.002146098,0.03430644
01/11/2013,21:25:00,0.002937695,0.037270149
01/11/2013,21:30:00,0.003620581,0.036999085
01/11/2013,21:35:00,0.002693077,0.03615055
01/11/2013,21:40:00,0.002063207,0.032538413
01/11/2013,21:45:00,0.002414771,0.028184253
01/11/2013,21:50:00,0.001454524,0.029372311
01/11/2013,21:55:00,0.000474036,0.030501139
01/11/2013,22:00:00,0.000525984,0.02896636
01/11/2013,22:05:00,0.000948062,0.028835896
01/11/2013,22:10:00,0.002906936,0.031570784
01/11/2013,22:15:00,0.004203474,0.030814605
01/11/2013,22:20:00,0.003712131,0.031621097
01/11/2013,22:25:00,0.002863646,0.03193638
01/11/2013,22:30:00,0.001790053,0.031929516
01/11/2013,22:35:00,0.003517787,0.02895418
01/11/2013,22:40:00,0.004006141,0.028728685
01/11/2013,22:45:00,0.004006141,0.02768952
01/11/2013,22:50:00,0.001886964,0.027338607
01/11/2013,22:55:00,0.002043214,0.028991271
01/11/2013,23:00:00,0.003369304,0.02874768
01/11/2013,23:05:00,0.003802755,0.030069248
01/11/2013,23:10:00,0.004395361,0.030926289
01/11/2013,23:15:00,0.006352342,0.027973104
01/11/2013,23:20:00,0.010981426,0.026361972
01/11/2013,23:25:00,0.014885723,0.024032198
01/11/2013,23:30:00,0.016315213,0.022344625
01/11/2013,23:35:00,0.019127107,0.023042022
01/11/2013,23:40:00,0.019580542,0.022311824
01/11/2013,23:45:00,0.01984378,0.023236471
01/11/2013,23:50:00,0.022601806,0.022876179
01/11/2013,23:55:00,0.023587835,0.023268536
02/11/2013,00:00:00,0.023759712,0.023820752
02/11/2013,00:05:00,0.026815575,0.026849325
02/11/2013,00:10:00,0.033926236,0.027574857
02/11/2013,00:15:00,0.039336474,0.026914662
02/11/2013,00:20:00,0.041335992,0.029967386
02/11/2013,00:25:00,0.04114521,0.029773967
02/11/2013,00:30:00,0.037216848,0.027232957
02/11/2013,00:35:00,0.039180183,0.02675909
02/11/2013,00:40:00,0.055638714,0.029035337
02/11/2013,00:45:00,0.051009215,0.027519547
02/11/2013,00:50:00,0.05099379,0.027749093
02/11/2013,00:55:00,0.052597929,0.026592198
02/11/2013,01:00:00,0.055007962,0.02398433
02/11/2013,01:05:00,0.059369835,0.023406941
02/11/2013,01:10:00,0.061912536,0.024952379
02/11/2013,01:15:00,0.063800025,0.025772532
02/11/2013,01:20:00,0.067902777,0.028677751
02/11/2013,01:25:00,0.075987787,0.031615359
02/11/2013,01:30:00,0.087470547,0.03180471
02/11/2013,01:35:00,0.093666564,0.031194719
02/11/2013,01:40:00,0.092442281,0.031043036
02/11/2013,01:45:00,0.09213181,0.030116304
02/11/2013,01:50:00,0.094406254,0.031174951
02/11/2013,01:55:00,0.094186212,0.028625575
02/11/2013,02:00:00,0.098795566,0.031941133
02/11/2013,02:05:00,0.099823221,0.03590248
02/11/2013,02:10:00,0.098932309,0.036167028
02/11/2013,02:15:00,0.100396526,0.033858391
02/11/2013,02:20:00,0.108091515,0.033979983
02/11/2013,02:25:00,0.110176187,0.034818713
02/11/2013,02:30:00,0.116296955,0.044722463
02/11/2013,02:35:00,0.129644992,0.052639857
02/11/2013,02:40:00,0.134604998,0.074223686
02/11/2013,02:45:00,0.141688268,0.087522957
02/11/2013,02:50:00,0.140711522,0.095892309
02/11/2013,02:55:00,0.155325098,0.086884821
02/11/2013,03:00:00,0.159351392,0.08784509
02/11/2013,03:05:00,0.164830918,0.093664832
02/11/2013,03:10:00,0.172574158,0.09766161
02/11/2013,03:15:00,0.178216809,0.105932228
02/11/2013,03:20:00,0.176398876,0.11333946
02/11/2013,03:25:00,0.187624819,0.121427463
02/11/2013,03:30:00,0.181847644,0.123421949
02/11/2013,03:35:00,0.177460523,0.122000573
02/11/2013,03:40:00,0.174615177,0.122856215
02/11/2013,03:45:00,0.174969977,0.117576959
02/11/2013,03:50:00,0.177486346,0.118189088
02/11/2013,03:55:00,0.178506396,0.119928998
02/11/2013,04:00:00,0.175428743,0.118394999
02/11/2013,04:05:00,0.173264284,0.127254625
02/11/2013,04:10:00,0.162714155,0.139750845
02/11/2013,04:15:00,0.155601521,0.140429166
02/11/2013,04:20:00,0.15140635,0.149321823
02/11/2013,04:25:00,0.152290487,0.147063126
02/11/2013,04:30:00,0.153949076,0.153907043
02/11/2013,04:35:00,0.158331187,0.153374103
02/11/2013,04:40:00,0.155600455,0.145268325
02/11/2013,04:45:00,0.159873879,0.142922099
02/11/2013,04:50:00,0.157953812,0.144653561
02/11/2013,04:55:00,0.161257177,0.145546464
02/11/2013,05:00:00,0.166087937,0.13654933
02/11/2013,05:05:00,0.164858252,0.12706106
02/11/2013,05:10:00,0.167183739,0.134127075
02/11/2013,05:15:00,0.174150202,0.137426775
02/11/2013,05:20:00,0.171407596,0.130664191
02/11/2013,05:25:00,0.172474575,0.132097531
02/11/2013,05:30:00,0.182157808,0.125952482
02/11/2013,05:35:00,0.192540689,0.125394075
02/11/2013,05:40:00,0.188945359,0.131718164
02/11/2013,05:45:00,0.189885845,0.13391958
02/11/2013,05:50:00,0.18898087,0.141746886
02/11/2013,05:55:00,0.191666643,0.145918339
02/11/2013,06:00:00,0.184715384,0.15222767
02/11/2013,06:05:00,0.185130161,0.158395382
02/11/2013,06:10:00,0.182584637,0.164682765
02/11/2013,06:15:00,0.167397029,0.176476264
02/11/2013,06:20:00,0.15566287,0.184352053
02/11/2013,06:25:00,0.158201968,0.197121187
02/11/2013,06:30:00,0.144058724,0.206499043
02/11/2013,06:35:00,0.128690164,0.20776868
02/11/2013,06:40:00,0.123853773,0.210314435
02/11/2013,06:45:00,0.121614044,0.222370945
02/11/2013,06:50:00,0.115151479,0.224875769
02/11/2013,06:55:00,0.111262446,0.223657777
02/11/2013,07:00:00,0.111048288,0.222371413
02/11/2013,07:05:00,0.098326919,0.227989601
02/11/2013,07:10:00,0.087250707,0.238339393
02/11/2013,07:15:00,0.079732143,0.241741417
02/11/2013,07:20:00,0.077048809,0.244697623
02/11/2013,07:25:00,0.075475041,0.250275942
02/11/2013,07:30:00,0.065937621,0.256703944
02/11/2013,07:35:00,0.063590178,0.259689998
02/11/2013,07:40:00,0.07669031,0.253208532
02/11/2013,07:45:00,0.084602559,0.256149273
02/11/2013,07:50:00,0.085312497,0.25447623
02/11/2013,07:55:00,0.08667716,0.260867065
02/11/2013,08:00:00,0.095266452,0.257185738
02/11/2013,08:05:00,0.108445616,0.250735189
02/11/2013,08:10:00,0.114006619,0.256475202
02/11/2013,08:15:00,0.12026566,0.266396073
02/11/2013,08:20:00,0.120587315,0.256332903
02/11/2013,08:25:00,0.119593756,0.243021234
02/11/2013,08:30:00,0.115925863,0.245195661
02/11/2013,08:35:00,0.110756342,0.25099742
02/11/2013,08:40:00,0.121550781,0.261899738
02/11/2013,08:45:00,0.11827381,0.267944382
02/11/2013,08:50:00,0.125436549,0.274716283
02/11/2013,08:55:00,0.135012984,0.2789415
02/11/2013,09:00:00,0.142712134,0.284099596
02/11/2013,09:05:00,0.158543307,0.282420627
02/11/2013,09:10:00,0.176190879,0.28697782
02/11/2013,09:15:00,0.180719322,0.302732646
02/11/2013,09:20:00,0.187415627,0.318911234
02/11/2013,09:25:00,0.204257374,0.335561287
02/11/2013,09:30:00,0.195759846,0.330613882
02/11/2013,09:35:00,0.207290125,0.336231035
02/11/2013,09:40:00,0.207414367,0.337105315
02/11/2013,09:45:00,0.218641262,0.347701603
02/11/2013,09:50:00,0.22130615,0.3337484
02/11/2013,09:55:00,0.211794587,0.340911866
02/11/2013,10:00:00,0.173225378,0.357053613
02/11/2013,10:05:00,0.180108003,0.335279207
02/11/2013,10:10:00,0.200993345,0.341926979
02/11/2013,10:15:00,0.217440466,0.329217664
02/11/2013,10:20:00,0.216814053,0.323332843
02/11/2013,10:25:00,0.217109035,0.336275665
02/11/2013,10:30:00,0.213007775,0.340955574
02/11/2013,10:35:00,0.216207344,0.341940571
02/11/2013,10:40:00,0.19686195,0.359396107
02/11/2013,10:45:00,0.191892975,0.346263745
02/11/2013,10:50:00,0.200337209,0.351901009
02/11/2013,10:55:00,0.196646074,0.364984231
02/11/2013,11:00:00,0.207747149,0.36069179
02/11/2013,11:05:00,0.198743595,0.392653479
02/11/2013,11:10:00,0.213928378,0.396994934
02/11/2013,11:15:00,0.214381304,0.391292614
02/11/2013,11:20:00,0.213905038,0.391896162
02/11/2013,11:25:00,0.244303679,0.393213729
02/11/2013,11:30:00,0.244560871,0.387573222
02/11/2013,11:35:00,0.253008222,0.424488635
02/11/2013,11:40:00,0.279570576,0.432281075
02/11/2013,11:45:00,0.267196776,0.433814019
02/11/2013,11:50:00,0.280682723,0.42924582
02/11/2013,11:55:00,0.286637365,0.446151742
02/11/2013,12:00:00,0.304115996,0.44893973
02/11/2013,12:05:00,0.323079783,0.451371737
02/11/2013,12:10:00,0.298422596,0.452895772
02/11/2013,12:15:00,0.296825597,0.454894301
02/11/2013,12:20:00,0.310986869,0.421177887
02/11/2013,12:25:00,0.303222449,0.430359491
02/11/2013,12:30:00,0.306821565,0.461232187
02/11/2013,12:35:00,0.299800289,0.461203473
02/11/2013,12:40:00,0.290825709,0.452084566
02/11/2013,12:45:00,0.29355366,0.447179249
02/11/2013,12:50:00,0.314111387,0.467580461
02/11/2013,12:55:00,0.315668442,0.485726879
02/11/2013,13:00:00,0.294902224,0.499035333
02/11/2013,13:05:00,0.308393288,0.503536362
02/11/2013,13:10:00,0.304840007,0.52222481
02/11/2013,13:15:00,0.325459505,0.531986485
02/11/2013,13:20:00,0.326838741,0.543467911
02/11/2013,13:25:00,0.350291259,0.540249707
02/11/2013,13:30:00,0.351843319,0.535957219
02/11/2013,13:35:00,0.354788127,0.543712443
02/11/2013,13:40:00,0.372737848,0.528058144
02/11/2013,13:45:00,0.389114213,0.531457824
02/11/2013,13:50:00,0.379435801,0.536115925
02/11/2013,13:55:00,0.374192973,0.487475175
02/11/2013,14:00:00,0.362063013,0.525644952
02/11/2013,14:05:00,0.344463956,0.495652551
02/11/2013,14:10:00,0.358701795,0.480593029
02/11/2013,14:15:00,0.362662115,0.463243454
02/11/2013,14:20:00,0.361545162,0.455862491
02/11/2013,14:25:00,0.36746801,0.443748436
02/11/2013,14:30:00,0.363536773,0.470007323
02/11/2013,14:35:00,0.376694462,0.446983803
02/11/2013,14:40:00,0.368230604,0.439834005
02/11/2013,14:45:00,0.362891677,0.438835216
02/11/2013,14:50:00,0.376002404,0.432040712
02/11/2013,14:55:00,0.368101848,0.45373399
02/11/2013,15:00:00,0.381277437,0.446773685
02/11/2013,15:05:00,0.363006846,0.449234016
02/11/2013,15:10:00,0.353487181,0.449806059
02/11/2013,15:15:00,0.324656218,0.430676275
02/11/2013,15:20:00,0.321585853,0.431649865
02/11/2013,15:25:00,0.342662195,0.416410762
02/11/2013,15:30:00,0.334055493,0.427497681
02/11/2013,15:35:00,0.333876823,0.418638218
02/11/2013,15:40:00,0.325110164,0.41739835
02/11/2013,15:45:00,0.343699978,0.412728506
02/11/2013,15:50:00,0.348144186,0.435363855
02/11/2013,15:55:00,0.346611871,0.397909174
02/11/2013,16:00:00,0.349908496,0.396385061
02/11/2013,16:05:00,0.337609079,0.373718101
02/11/2013,16:10:00,0.307982086,0.374774641
02/11/2013,16:15:00,0.294973078,0.36967351
02/11/2013,16:20:00,0.273675879,0.360831811
02/11/2013,16:25:00,0.289177296,0.323526385
02/11/2013,16:30:00,0.282045274,0.337892715
02/11/2013,16:35:00,0.288781962,0.339144565
02/11/2013,16:40:00,0.277018725,0.345701258
02/11/2013,16:45:00,0.300495858,0.341380458
02/11/2013,16:50:00,0.296838319,0.347334329
02/11/2013,16:55:00,0.275266877,0.363461858
02/11/2013,17:00:00,0.276820853,0.383508377
02/11/2013,17:05:00,0.305917638,0.412175553
02/11/2013,17:10:00,0.324586087,0.43614446
02/11/2013,17:15:00,0.338371612,0.450147442
02/11/2013,17:20:00,0.323875448,0.461487535
02/11/2013,17:25:00,0.35910239,0.438975795
02/11/2013,17:30:00,0.319720689,0.445969041
02/11/2013,17:35:00,0.296794438,0.434376763
02/11/2013,17:40:00,0.288668576,0.422694841
02/11/2013,17:45:00,0.253175627,0.44317461
02/11/2013,17:50:00,0.273389565,0.455705301
02/11/2013,17:55:00,0.310789689,0.44090345
02/11/2013,18:00:00,0.344647715,0.420363567
02/11/2013,18:05:00,0.366280195,0.436103914
02/11/2013,18:10:00,0.332565701,0.445768246
02/11/2013,18:15:00,0.320001661,0.464064313
02/11/2013,18:20:00,0.321505196,0.44974498
02/11/2013,18:25:00,0.319300213,0.459888718
02/11/2013,18:30:00,0.324181334,0.457068981
02/11/2013,18:35:00,0.304948229,0.457701607
02/11/2013,18:40:00,0.300689133,0.453705207
02/11/2013,18:45:00,0.315944864,0.429299252
02/11/2013,18:50:00,0.31576714,0.415288697
02/11/2013,18:55:00,0.334833149,0.413595558
02/11/2013,19:00:00,0.330218782,0.42201556
02/11/2013,19:05:00,0.332600427,0.408787326
02/11/2013,19:10:00,0.333628629,0.417025625
02/11/2013,19:15:00,0.314675788,0.431822592
02/11/2013,19:20:00,0.315575965,0.438090846
02/11/2013,19:25:00,0.333329199,0.432115437
02/11/2013,19:30:00,0.36492974,0.432311584
02/11/2013,19:35:00,0.372088589,0.449280253
02/11/2013,19:40:00,0.366512787,0.451100853
02/11/2013,19:45:00,0.354158282,0.427099323
02/11/2013,19:50:00,0.345381494,0.393299884
02/11/2013,19:55:00,0.379720663,0.36294438
02/11/2013,20:00:00,0.363963315,0.345177676
02/11/2013,20:05:00,0.367558923,0.354737873
02/11/2013,20:10:00,0.377990282,0.385333363
02/11/2013,20:15:00,0.36358954,0.367887
02/11/2013,20:20:00,0.398400833,0.346013853
02/11/2013,20:25:00,0.343609428,0.340353862
02/11/2013,20:30:00,0.395727929,0.338098664
02/11/2013,20:35:00,0.388631627,0.332732424
02/11/2013,20:40:00,0.399390488,0.32785858
02/11/2013,20:45:00,0.404189771,0.359080035
02/11/2013,20:50:00,0.383953535,0.371512617
02/11/2013,20:55:00,0.389829889,0.385112597
02/11/2013,21:00:00,0.394749026,0.382608416
02/11/2013,21:05:00,0.434920168,0.354005179
02/11/2013,21:10:00,0.423376553,0.34355271
02/11/2013,21:15:00,0.437970676,0.31859155
02/11/2013,21:20:00,0.397192856,0.309850902
02/11/2013,21:25:00,0.363260217,0.321263363
02/11/2013,21:30:00,0.398765446,0.329679825
02/11/2013,21:35:00,0.42833238,0.313445283
02/11/2013,21:40:00,0.436954186,0.327056951
02/11/2013,21:45:00,0.480156506,0.341769264
02/11/2013,21:50:00,0.496663389,0.365181722
02/11/2013,21:55:00,0.46667641,0.323176038
02/11/2013,22:00:00,0.44892969,0.324562673
02/11/2013,22:05:00,0.453177703,0.31544077
02/11/2013,22:10:00,0.416114469,0.336937236
02/11/2013,22:15:00,0.414581419,0.342376308
02/11/2013,22:20:00,0.483633842,0.352316361
02/11/2013,22:25:00,0.487920055,0.334029335
02/11/2013,22:30:00,0.509574592,0.318605399
02/11/2013,22:35:00,0.500404058,0.327071503
02/11/2013,22:40:00,0.491318458,0.339265253
02/11/2013,22:45:00,0.491887972,0.349121017
02/11/2013,22:50:00,0.502649383,0.37474734
02/11/2013,22:55:00,0.526898001,0.395011918
02/11/2013,23:00:00,0.531276942,0.453509594
02/11/2013,23:05:00,0.55275443,0.445904257
02/11/2013,23:10:00,0.538770244,0.447313373
02/11/2013,23:15:00,0.544115763,0.427186778
02/11/2013,23:20:00,0.575844077,0.432320194
02/11/2013,23:25:00,0.579011578,0.431149997
02/11/2013,23:30:00,0.569278009,0.411814078
02/11/2013,23:35:00,0.561236853,0.389040122
02/11/2013,23:40:00,0.550387529,0.373624373
02/11/2013,23:45:00,0.541674362,0.377289649
02/11/2013,23:50:00,0.550027468,0.365391517
02/11/2013,23:55:00,0.541946467,0.357736763
03/11/2013,00:00:00,0.541946467,0.357736763